solid OpenSCAD_Model
  facet normal -0.9807863030246152 0.19508518088083418 0
    outer loop
      vertex 89.04266357421875 48.68471908569336 0
      vertex 89.123046875 49.088844299316406 3.200000762939453
      vertex 89.123046875 49.088844299316406 0
    endloop
  endfacet
  facet normal -0.9807863030246152 0.19508518088083418 0
    outer loop
      vertex 89.123046875 49.088844299316406 3.200000762939453
      vertex 89.04266357421875 48.68471908569336 0
      vertex 89.04266357421875 48.68471908569336 3.200000762939453
    endloop
  endfacet
  facet normal -0.9978579597180326 0.0654178280544768 0
    outer loop
      vertex 89.123046875 49.088844299316406 0
      vertex 89.1500015258789 49.5 3.200000762939453
      vertex 89.1500015258789 49.5 0
    endloop
  endfacet
  facet normal -0.9978579597180326 0.0654178280544768 0
    outer loop
      vertex 89.1500015258789 49.5 3.200000762939453
      vertex 89.123046875 49.088844299316406 0
      vertex 89.123046875 49.088844299316406 3.200000762939453
    endloop
  endfacet
  facet normal -0.3214306615187995 0.9469331179315607 0
    outer loop
      vertex 87.20545196533203 46.589778900146484 0
      vertex 86.81527709960938 46.45733642578125 3.200000762939453
      vertex 87.20545196533203 46.589778900146484 3.200000762939453
    endloop
  endfacet
  facet normal -0.3214306615187995 0.9469331179315607 0
    outer loop
      vertex 86.81527709960938 46.45733642578125 3.200000762939453
      vertex 87.20545196533203 46.589778900146484 0
      vertex 86.81527709960938 46.45733642578125 0
    endloop
  endfacet
  facet normal -0.9469293434157003 0.32144178100911325 0
    outer loop
      vertex 88.91021728515625 48.29454803466797 0
      vertex 89.04266357421875 48.68471908569336 3.200000762939453
      vertex 89.04266357421875 48.68471908569336 0
    endloop
  endfacet
  facet normal -0.9469293434157003 0.32144178100911325 0
    outer loop
      vertex 89.04266357421875 48.68471908569336 3.200000762939453
      vertex 88.91021728515625 48.29454803466797 0
      vertex 88.91021728515625 48.29454803466797 3.200000762939453
    endloop
  endfacet
  facet normal 0.06540860955290013 -0.9978585640241588 0
    outer loop
      vertex 85.5888442993164 52.623050689697266 0
      vertex 86 52.650001525878906 3.200000762939453
      vertex 85.5888442993164 52.623050689697266 3.200000762939453
    endloop
  endfacet
  facet normal 0.06540860955290013 -0.9978585640241588 0
    outer loop
      vertex 86 52.650001525878906 3.200000762939453
      vertex 85.5888442993164 52.623050689697266 0
      vertex 86 52.650001525878906 0
    endloop
  endfacet
  facet normal -0.06540860955290013 0.9978585640241588 0
    outer loop
      vertex 86.4111557006836 46.376949310302734 0
      vertex 86 46.349998474121094 3.200000762939453
      vertex 86.4111557006836 46.376949310302734 3.200000762939453
    endloop
  endfacet
  facet normal -0.06540860955290013 0.9978585640241588 0
    outer loop
      vertex 86 46.349998474121094 3.200000762939453
      vertex 86.4111557006836 46.376949310302734 0
      vertex 86 46.349998474121094 0
    endloop
  endfacet
  facet normal 0.8314658636663351 0.5555758432091835 0
    outer loop
      vertex 83.50093841552734 47.582401275634766 3.200000762939453
      vertex 83.27201843261719 47.92499923706055 0
      vertex 83.27201843261719 47.92499923706055 3.200000762939453
    endloop
  endfacet
  facet normal 0.8314658636663351 0.5555758432091835 0
    outer loop
      vertex 83.27201843261719 47.92499923706055 0
      vertex 83.50093841552734 47.582401275634766 3.200000762939453
      vertex 83.50093841552734 47.582401275634766 0
    endloop
  endfacet
  facet normal -0.9469293434157003 -0.32144178100911325 0
    outer loop
      vertex 89.04266357421875 50.31528091430664 0
      vertex 88.91021728515625 50.70545196533203 3.200000762939453
      vertex 88.91021728515625 50.70545196533203 0
    endloop
  endfacet
  facet normal -0.9469293434157003 -0.32144178100911325 0
    outer loop
      vertex 88.91021728515625 50.70545196533203 3.200000762939453
      vertex 89.04266357421875 50.31528091430664 0
      vertex 89.04266357421875 50.31528091430664 3.200000762939453
    endloop
  endfacet
  facet normal -0.8314658636663351 -0.5555758432091835 0
    outer loop
      vertex 88.72798156738281 51.07500076293945 0
      vertex 88.49906158447266 51.417598724365234 3.200000762939453
      vertex 88.49906158447266 51.417598724365234 0
    endloop
  endfacet
  facet normal -0.8314658636663351 -0.5555758432091835 0
    outer loop
      vertex 88.49906158447266 51.417598724365234 3.200000762939453
      vertex 88.72798156738281 51.07500076293945 0
      vertex 88.72798156738281 51.07500076293945 3.200000762939453
    endloop
  endfacet
  facet normal -0.44228891362085787 0.89687263136305 0
    outer loop
      vertex 87.57499694824219 46.77201843261719 0
      vertex 87.20545196533203 46.589778900146484 3.200000762939453
      vertex 87.57499694824219 46.77201843261719 3.200000762939453
    endloop
  endfacet
  facet normal -0.44228891362085787 0.89687263136305 0
    outer loop
      vertex 87.20545196533203 46.589778900146484 3.200000762939453
      vertex 87.57499694824219 46.77201843261719 0
      vertex 87.20545196533203 46.589778900146484 0
    endloop
  endfacet
  facet normal 0.980782760071153 0.1951029921534041 0
    outer loop
      vertex 82.95733642578125 48.68471908569336 3.200000762939453
      vertex 82.87694549560547 49.088844299316406 0
      vertex 82.87694549560547 49.088844299316406 3.200000762939453
    endloop
  endfacet
  facet normal 0.980782760071153 0.1951029921534041 0
    outer loop
      vertex 82.87694549560547 49.088844299316406 0
      vertex 82.95733642578125 48.68471908569336 3.200000762939453
      vertex 82.95733642578125 48.68471908569336 0
    endloop
  endfacet
  facet normal 0.6593484076389564 -0.7518375338754861 0
    outer loop
      vertex 83.77261352539062 51.727386474609375 0
      vertex 84.0823974609375 51.999061584472656 3.200000762939453
      vertex 83.77261352539062 51.727386474609375 3.200000762939453
    endloop
  endfacet
  facet normal 0.6593484076389564 -0.7518375338754861 0
    outer loop
      vertex 84.0823974609375 51.999061584472656 3.200000762939453
      vertex 83.77261352539062 51.727386474609375 0
      vertex 84.0823974609375 51.999061584472656 0
    endloop
  endfacet
  facet normal -0.5555758432091835 -0.8314658636663351 0
    outer loop
      vertex 87.57499694824219 52.22798156738281 0
      vertex 87.91759490966797 51.999061584472656 3.200000762939453
      vertex 87.57499694824219 52.22798156738281 3.200000762939453
    endloop
  endfacet
  facet normal -0.5555758432091835 -0.8314658636663351 0
    outer loop
      vertex 87.91759490966797 51.999061584472656 3.200000762939453
      vertex 87.57499694824219 52.22798156738281 0
      vertex 87.91759490966797 51.999061584472656 0
    endloop
  endfacet
  facet normal -0.8968781148305672 0.44227779408191853 0
    outer loop
      vertex 88.72798156738281 47.92499923706055 0
      vertex 88.91021728515625 48.29454803466797 3.200000762939453
      vertex 88.91021728515625 48.29454803466797 0
    endloop
  endfacet
  facet normal -0.8968781148305672 0.44227779408191853 0
    outer loop
      vertex 88.91021728515625 48.29454803466797 3.200000762939453
      vertex 88.72798156738281 47.92499923706055 0
      vertex 88.72798156738281 47.92499923706055 3.200000762939453
    endloop
  endfacet
  facet normal 0.8968781148305672 0.44227779408191853 0
    outer loop
      vertex 83.27201843261719 47.92499923706055 3.200000762939453
      vertex 83.08978271484375 48.29454803466797 0
      vertex 83.08978271484375 48.29454803466797 3.200000762939453
    endloop
  endfacet
  facet normal 0.8968781148305672 0.44227779408191853 0
    outer loop
      vertex 83.08978271484375 48.29454803466797 0
      vertex 83.27201843261719 47.92499923706055 3.200000762939453
      vertex 83.27201843261719 47.92499923706055 0
    endloop
  endfacet
  facet normal 0.751841558733621 -0.6593438181715207 0
    outer loop
      vertex 83.50093841552734 51.417598724365234 3.200000762939453
      vertex 83.77261352539062 51.727386474609375 0
      vertex 83.77261352539062 51.727386474609375 3.200000762939453
    endloop
  endfacet
  facet normal 0.751841558733621 -0.6593438181715207 0
    outer loop
      vertex 83.77261352539062 51.727386474609375 0
      vertex 83.50093841552734 51.417598724365234 3.200000762939453
      vertex 83.50093841552734 51.417598724365234 0
    endloop
  endfacet
  facet normal -0.6593392287434071 0.75184558350771 0
    outer loop
      vertex 88.22738647460938 47.272613525390625 0
      vertex 87.91759490966797 47.000938415527344 3.200000762939453
      vertex 88.22738647460938 47.272613525390625 3.200000762939453
    endloop
  endfacet
  facet normal -0.6593392287434071 0.75184558350771 0
    outer loop
      vertex 87.91759490966797 47.000938415527344 3.200000762939453
      vertex 88.22738647460938 47.272613525390625 0
      vertex 87.91759490966797 47.000938415527344 0
    endloop
  endfacet
  facet normal -0.8314658636663351 0.5555758432091835 0
    outer loop
      vertex 88.49906158447266 47.582401275634766 0
      vertex 88.72798156738281 47.92499923706055 3.200000762939453
      vertex 88.72798156738281 47.92499923706055 0
    endloop
  endfacet
  facet normal -0.8314658636663351 0.5555758432091835 0
    outer loop
      vertex 88.72798156738281 47.92499923706055 3.200000762939453
      vertex 88.49906158447266 47.582401275634766 0
      vertex 88.49906158447266 47.582401275634766 3.200000762939453
    endloop
  endfacet
  facet normal 0.44228891362085787 -0.89687263136305 0
    outer loop
      vertex 84.42500305175781 52.22798156738281 0
      vertex 84.79454803466797 52.410221099853516 3.200000762939453
      vertex 84.42500305175781 52.22798156738281 3.200000762939453
    endloop
  endfacet
  facet normal 0.44228891362085787 -0.89687263136305 0
    outer loop
      vertex 84.79454803466797 52.410221099853516 3.200000762939453
      vertex 84.42500305175781 52.22798156738281 0
      vertex 84.79454803466797 52.410221099853516 0
    endloop
  endfacet
  facet normal 0.980782760071153 -0.1951029921534041 0
    outer loop
      vertex 82.87694549560547 49.911155700683594 3.200000762939453
      vertex 82.95733642578125 50.31528091430664 0
      vertex 82.95733642578125 50.31528091430664 3.200000762939453
    endloop
  endfacet
  facet normal 0.980782760071153 -0.1951029921534041 0
    outer loop
      vertex 82.95733642578125 50.31528091430664 0
      vertex 82.87694549560547 49.911155700683594 3.200000762939453
      vertex 82.87694549560547 49.911155700683594 0
    endloop
  endfacet
  facet normal -0.32143896302252667 -0.9469302999962579 0
    outer loop
      vertex 86.81527709960938 52.542667388916016 0
      vertex 87.20545196533203 52.410221099853516 3.200000762939453
      vertex 86.81527709960938 52.542667388916016 3.200000762939453
    endloop
  endfacet
  facet normal -0.32143896302252667 -0.9469302999962579 0
    outer loop
      vertex 87.20545196533203 52.410221099853516 3.200000762939453
      vertex 86.81527709960938 52.542667388916016 0
      vertex 87.20545196533203 52.410221099853516 0
    endloop
  endfacet
  facet normal 0.9978591682458535 -0.06539939103457636 0
    outer loop
      vertex 82.8499984741211 49.5 3.200000762939453
      vertex 82.87694549560547 49.911155700683594 0
      vertex 82.87694549560547 49.911155700683594 3.200000762939453
    endloop
  endfacet
  facet normal 0.9978591682458535 -0.06539939103457636 0
    outer loop
      vertex 82.87694549560547 49.911155700683594 0
      vertex 82.8499984741211 49.5 3.200000762939453
      vertex 82.8499984741211 49.5 0
    endloop
  endfacet
  facet normal 0.8968781148305672 -0.44227779408191853 0
    outer loop
      vertex 83.08978271484375 50.70545196533203 3.200000762939453
      vertex 83.27201843261719 51.07500076293945 0
      vertex 83.27201843261719 51.07500076293945 3.200000762939453
    endloop
  endfacet
  facet normal 0.8968781148305672 -0.44227779408191853 0
    outer loop
      vertex 83.27201843261719 51.07500076293945 0
      vertex 83.08978271484375 50.70545196533203 3.200000762939453
      vertex 83.08978271484375 50.70545196533203 0
    endloop
  endfacet
  facet normal -0.19509585803374538 0.9807841792046181 0
    outer loop
      vertex 86.81527709960938 46.45733642578125 0
      vertex 86.4111557006836 46.376949310302734 3.200000762939453
      vertex 86.81527709960938 46.45733642578125 3.200000762939453
    endloop
  endfacet
  facet normal -0.19509585803374538 0.9807841792046181 0
    outer loop
      vertex 86.4111557006836 46.376949310302734 3.200000762939453
      vertex 86.81527709960938 46.45733642578125 0
      vertex 86.4111557006836 46.376949310302734 0
    endloop
  endfacet
  facet normal -0.8968781148305672 -0.44227779408191853 0
    outer loop
      vertex 88.91021728515625 50.70545196533203 0
      vertex 88.72798156738281 51.07500076293945 3.200000762939453
      vertex 88.72798156738281 51.07500076293945 0
    endloop
  endfacet
  facet normal -0.8968781148305672 -0.44227779408191853 0
    outer loop
      vertex 88.72798156738281 51.07500076293945 3.200000762939453
      vertex 88.91021728515625 50.70545196533203 0
      vertex 88.91021728515625 50.70545196533203 3.200000762939453
    endloop
  endfacet
  facet normal 0.9978591682458535 0.06539939103457636 0
    outer loop
      vertex 82.87694549560547 49.088844299316406 3.200000762939453
      vertex 82.8499984741211 49.5 0
      vertex 82.8499984741211 49.5 3.200000762939453
    endloop
  endfacet
  facet normal 0.9978591682458535 0.06539939103457636 0
    outer loop
      vertex 82.8499984741211 49.5 0
      vertex 82.87694549560547 49.088844299316406 3.200000762939453
      vertex 82.87694549560547 49.088844299316406 0
    endloop
  endfacet
  facet normal 0.06540860955290013 0.9978585640241588 0
    outer loop
      vertex 86 46.349998474121094 0
      vertex 85.5888442993164 46.376949310302734 3.200000762939453
      vertex 86 46.349998474121094 3.200000762939453
    endloop
  endfacet
  facet normal 0.06540860955290013 0.9978585640241588 0
    outer loop
      vertex 85.5888442993164 46.376949310302734 3.200000762939453
      vertex 86 46.349998474121094 0
      vertex 85.5888442993164 46.376949310302734 0
    endloop
  endfacet
  facet normal -0.5555758432091835 0.8314658636663351 0
    outer loop
      vertex 87.91759490966797 47.000938415527344 0
      vertex 87.57499694824219 46.77201843261719 3.200000762939453
      vertex 87.91759490966797 47.000938415527344 3.200000762939453
    endloop
  endfacet
  facet normal -0.5555758432091835 0.8314658636663351 0
    outer loop
      vertex 87.57499694824219 46.77201843261719 3.200000762939453
      vertex 87.91759490966797 47.000938415527344 0
      vertex 87.57499694824219 46.77201843261719 0
    endloop
  endfacet
  facet normal -0.9978579597180326 -0.0654178280544768 0
    outer loop
      vertex 89.1500015258789 49.5 0
      vertex 89.123046875 49.911155700683594 3.200000762939453
      vertex 89.123046875 49.911155700683594 0
    endloop
  endfacet
  facet normal -0.9978579597180326 -0.0654178280544768 0
    outer loop
      vertex 89.123046875 49.911155700683594 3.200000762939453
      vertex 89.1500015258789 49.5 0
      vertex 89.1500015258789 49.5 3.200000762939453
    endloop
  endfacet
  facet normal -0.751841558733621 0.6593438181715207 0
    outer loop
      vertex 88.22738647460938 47.272613525390625 0
      vertex 88.49906158447266 47.582401275634766 3.200000762939453
      vertex 88.49906158447266 47.582401275634766 0
    endloop
  endfacet
  facet normal -0.751841558733621 0.6593438181715207 0
    outer loop
      vertex 88.49906158447266 47.582401275634766 3.200000762939453
      vertex 88.22738647460938 47.272613525390625 0
      vertex 88.22738647460938 47.272613525390625 3.200000762939453
    endloop
  endfacet
  facet normal -0.06540860955290013 -0.9978585640241588 0
    outer loop
      vertex 86 52.650001525878906 0
      vertex 86.4111557006836 52.623050689697266 3.200000762939453
      vertex 86 52.650001525878906 3.200000762939453
    endloop
  endfacet
  facet normal -0.06540860955290013 -0.9978585640241588 0
    outer loop
      vertex 86.4111557006836 52.623050689697266 3.200000762939453
      vertex 86 52.650001525878906 0
      vertex 86.4111557006836 52.623050689697266 0
    endloop
  endfacet
  facet normal -0.9807863030246152 -0.19508518088083418 0
    outer loop
      vertex 89.123046875 49.911155700683594 0
      vertex 89.04266357421875 50.31528091430664 3.200000762939453
      vertex 89.04266357421875 50.31528091430664 0
    endloop
  endfacet
  facet normal -0.9807863030246152 -0.19508518088083418 0
    outer loop
      vertex 89.04266357421875 50.31528091430664 3.200000762939453
      vertex 89.123046875 49.911155700683594 0
      vertex 89.123046875 49.911155700683594 3.200000762939453
    endloop
  endfacet
  facet normal 0.5555672899367097 -0.8314715788001293 0
    outer loop
      vertex 84.0823974609375 51.999061584472656 0
      vertex 84.42500305175781 52.22798156738281 3.200000762939453
      vertex 84.0823974609375 51.999061584472656 3.200000762939453
    endloop
  endfacet
  facet normal 0.5555672899367097 -0.8314715788001293 0
    outer loop
      vertex 84.42500305175781 52.22798156738281 3.200000762939453
      vertex 84.0823974609375 51.999061584472656 0
      vertex 84.42500305175781 52.22798156738281 0
    endloop
  endfacet
  facet normal -0.19508695229886644 -0.9807859506756507 0
    outer loop
      vertex 86.4111557006836 52.623050689697266 0
      vertex 86.81527709960938 52.542667388916016 3.200000762939453
      vertex 86.4111557006836 52.623050689697266 3.200000762939453
    endloop
  endfacet
  facet normal -0.19508695229886644 -0.9807859506756507 0
    outer loop
      vertex 86.81527709960938 52.542667388916016 3.200000762939453
      vertex 86.4111557006836 52.623050689697266 0
      vertex 86.81527709960938 52.542667388916016 0
    endloop
  endfacet
  facet normal 0.19509585803374538 0.9807841792046181 0
    outer loop
      vertex 85.5888442993164 46.376949310302734 0
      vertex 85.18472290039062 46.45733642578125 3.200000762939453
      vertex 85.5888442993164 46.376949310302734 3.200000762939453
    endloop
  endfacet
  facet normal 0.19509585803374538 0.9807841792046181 0
    outer loop
      vertex 85.18472290039062 46.45733642578125 3.200000762939453
      vertex 85.5888442993164 46.376949310302734 0
      vertex 85.18472290039062 46.45733642578125 0
    endloop
  endfacet
  facet normal 0.5555672899367097 0.8314715788001293 0
    outer loop
      vertex 84.42500305175781 46.77201843261719 0
      vertex 84.0823974609375 47.000938415527344 3.200000762939453
      vertex 84.42500305175781 46.77201843261719 3.200000762939453
    endloop
  endfacet
  facet normal 0.5555672899367097 0.8314715788001293 0
    outer loop
      vertex 84.0823974609375 47.000938415527344 3.200000762939453
      vertex 84.42500305175781 46.77201843261719 0
      vertex 84.0823974609375 47.000938415527344 0
    endloop
  endfacet
  facet normal 0.9469293434157003 0.32144178100911325 0
    outer loop
      vertex 83.08978271484375 48.29454803466797 3.200000762939453
      vertex 82.95733642578125 48.68471908569336 0
      vertex 82.95733642578125 48.68471908569336 3.200000762939453
    endloop
  endfacet
  facet normal 0.9469293434157003 0.32144178100911325 0
    outer loop
      vertex 82.95733642578125 48.68471908569336 0
      vertex 83.08978271484375 48.29454803466797 3.200000762939453
      vertex 83.08978271484375 48.29454803466797 0
    endloop
  endfacet
  facet normal -0.751841558733621 -0.6593438181715207 0
    outer loop
      vertex 88.49906158447266 51.417598724365234 0
      vertex 88.22738647460938 51.727386474609375 3.200000762939453
      vertex 88.22738647460938 51.727386474609375 0
    endloop
  endfacet
  facet normal -0.751841558733621 -0.6593438181715207 0
    outer loop
      vertex 88.22738647460938 51.727386474609375 3.200000762939453
      vertex 88.49906158447266 51.417598724365234 0
      vertex 88.49906158447266 51.417598724365234 3.200000762939453
    endloop
  endfacet
  facet normal 0.32143896302252667 -0.9469302999962579 0
    outer loop
      vertex 84.79454803466797 52.410221099853516 0
      vertex 85.18472290039062 52.542667388916016 3.200000762939453
      vertex 84.79454803466797 52.410221099853516 3.200000762939453
    endloop
  endfacet
  facet normal 0.32143896302252667 -0.9469302999962579 0
    outer loop
      vertex 85.18472290039062 52.542667388916016 3.200000762939453
      vertex 84.79454803466797 52.410221099853516 0
      vertex 85.18472290039062 52.542667388916016 0
    endloop
  endfacet
  facet normal -0.44228891362085787 -0.89687263136305 0
    outer loop
      vertex 87.20545196533203 52.410221099853516 0
      vertex 87.57499694824219 52.22798156738281 3.200000762939453
      vertex 87.20545196533203 52.410221099853516 3.200000762939453
    endloop
  endfacet
  facet normal -0.44228891362085787 -0.89687263136305 0
    outer loop
      vertex 87.57499694824219 52.22798156738281 3.200000762939453
      vertex 87.20545196533203 52.410221099853516 0
      vertex 87.57499694824219 52.22798156738281 0
    endloop
  endfacet
  facet normal 0.3214306615187995 0.9469331179315607 0
    outer loop
      vertex 85.18472290039062 46.45733642578125 0
      vertex 84.79454803466797 46.589778900146484 3.200000762939453
      vertex 85.18472290039062 46.45733642578125 3.200000762939453
    endloop
  endfacet
  facet normal 0.3214306615187995 0.9469331179315607 0
    outer loop
      vertex 84.79454803466797 46.589778900146484 3.200000762939453
      vertex 85.18472290039062 46.45733642578125 0
      vertex 84.79454803466797 46.589778900146484 0
    endloop
  endfacet
  facet normal 0.9469293434157003 -0.32144178100911325 0
    outer loop
      vertex 82.95733642578125 50.31528091430664 3.200000762939453
      vertex 83.08978271484375 50.70545196533203 0
      vertex 83.08978271484375 50.70545196533203 3.200000762939453
    endloop
  endfacet
  facet normal 0.9469293434157003 -0.32144178100911325 0
    outer loop
      vertex 83.08978271484375 50.70545196533203 0
      vertex 82.95733642578125 50.31528091430664 3.200000762939453
      vertex 82.95733642578125 50.31528091430664 0
    endloop
  endfacet
  facet normal 0.44228891362085787 0.89687263136305 0
    outer loop
      vertex 84.79454803466797 46.589778900146484 0
      vertex 84.42500305175781 46.77201843261719 3.200000762939453
      vertex 84.79454803466797 46.589778900146484 3.200000762939453
    endloop
  endfacet
  facet normal 0.44228891362085787 0.89687263136305 0
    outer loop
      vertex 84.42500305175781 46.77201843261719 3.200000762939453
      vertex 84.79454803466797 46.589778900146484 0
      vertex 84.42500305175781 46.77201843261719 0
    endloop
  endfacet
  facet normal -0.6593392287434071 -0.75184558350771 0
    outer loop
      vertex 87.91759490966797 51.999061584472656 0
      vertex 88.22738647460938 51.727386474609375 3.200000762939453
      vertex 87.91759490966797 51.999061584472656 3.200000762939453
    endloop
  endfacet
  facet normal -0.6593392287434071 -0.75184558350771 0
    outer loop
      vertex 88.22738647460938 51.727386474609375 3.200000762939453
      vertex 87.91759490966797 51.999061584472656 0
      vertex 88.22738647460938 51.727386474609375 0
    endloop
  endfacet
  facet normal 0.6593484076389564 0.7518375338754861 0
    outer loop
      vertex 84.0823974609375 47.000938415527344 0
      vertex 83.77261352539062 47.272613525390625 3.200000762939453
      vertex 84.0823974609375 47.000938415527344 3.200000762939453
    endloop
  endfacet
  facet normal 0.6593484076389564 0.7518375338754861 0
    outer loop
      vertex 83.77261352539062 47.272613525390625 3.200000762939453
      vertex 84.0823974609375 47.000938415527344 0
      vertex 83.77261352539062 47.272613525390625 0
    endloop
  endfacet
  facet normal 0.751841558733621 0.6593438181715207 0
    outer loop
      vertex 83.77261352539062 47.272613525390625 3.200000762939453
      vertex 83.50093841552734 47.582401275634766 0
      vertex 83.50093841552734 47.582401275634766 3.200000762939453
    endloop
  endfacet
  facet normal 0.751841558733621 0.6593438181715207 0
    outer loop
      vertex 83.50093841552734 47.582401275634766 0
      vertex 83.77261352539062 47.272613525390625 3.200000762939453
      vertex 83.77261352539062 47.272613525390625 0
    endloop
  endfacet
  facet normal 0.19508695229886644 -0.9807859506756507 0
    outer loop
      vertex 85.18472290039062 52.542667388916016 0
      vertex 85.5888442993164 52.623050689697266 3.200000762939453
      vertex 85.18472290039062 52.542667388916016 3.200000762939453
    endloop
  endfacet
  facet normal 0.19508695229886644 -0.9807859506756507 0
    outer loop
      vertex 85.5888442993164 52.623050689697266 3.200000762939453
      vertex 85.18472290039062 52.542667388916016 0
      vertex 85.5888442993164 52.623050689697266 0
    endloop
  endfacet
  facet normal 0.8314658636663351 -0.5555758432091835 0
    outer loop
      vertex 83.27201843261719 51.07500076293945 3.200000762939453
      vertex 83.50093841552734 51.417598724365234 0
      vertex 83.50093841552734 51.417598724365234 3.200000762939453
    endloop
  endfacet
  facet normal 0.8314658636663351 -0.5555758432091835 0
    outer loop
      vertex 83.50093841552734 51.417598724365234 0
      vertex 83.27201843261719 51.07500076293945 3.200000762939453
      vertex 83.27201843261719 51.07500076293945 0
    endloop
  endfacet
  facet normal -0.9807863030246152 0.19508518088083418 0
    outer loop
      vertex 89.04266357421875 23.68471908569336 0
      vertex 89.123046875 24.088844299316406 3.200000762939453
      vertex 89.123046875 24.088844299316406 0
    endloop
  endfacet
  facet normal -0.9807863030246152 0.19508518088083418 0
    outer loop
      vertex 89.123046875 24.088844299316406 3.200000762939453
      vertex 89.04266357421875 23.68471908569336 0
      vertex 89.04266357421875 23.68471908569336 3.200000762939453
    endloop
  endfacet
  facet normal -0.9978579597180326 0.0654178280544768 0
    outer loop
      vertex 89.123046875 24.088844299316406 0
      vertex 89.1500015258789 24.5 3.200000762939453
      vertex 89.1500015258789 24.5 0
    endloop
  endfacet
  facet normal -0.9978579597180326 0.0654178280544768 0
    outer loop
      vertex 89.1500015258789 24.5 3.200000762939453
      vertex 89.123046875 24.088844299316406 0
      vertex 89.123046875 24.088844299316406 3.200000762939453
    endloop
  endfacet
  facet normal -0.3214348122799271 0.9469317089709098 0
    outer loop
      vertex 87.20545196533203 21.589778900146484 0
      vertex 86.81527709960938 21.457334518432617 3.200000762939453
      vertex 87.20545196533203 21.589778900146484 3.200000762939453
    endloop
  endfacet
  facet normal -0.3214348122799271 0.9469317089709098 0
    outer loop
      vertex 86.81527709960938 21.457334518432617 3.200000762939453
      vertex 87.20545196533203 21.589778900146484 0
      vertex 86.81527709960938 21.457334518432617 0
    endloop
  endfacet
  facet normal -0.9469293434157003 0.32144178100911325 0
    outer loop
      vertex 88.91021728515625 23.29454803466797 0
      vertex 89.04266357421875 23.68471908569336 3.200000762939453
      vertex 89.04266357421875 23.68471908569336 0
    endloop
  endfacet
  facet normal -0.9469293434157003 0.32144178100911325 0
    outer loop
      vertex 89.04266357421875 23.68471908569336 3.200000762939453
      vertex 88.91021728515625 23.29454803466797 0
      vertex 88.91021728515625 23.29454803466797 3.200000762939453
    endloop
  endfacet
  facet normal -0.6593418453863492 -0.7518432888059342 0
    outer loop
      vertex 87.91759490966797 26.99906349182129 0
      vertex 88.22738647460938 26.727386474609375 3.200000762939453
      vertex 87.91759490966797 26.99906349182129 3.200000762939453
    endloop
  endfacet
  facet normal -0.6593418453863492 -0.7518432888059342 0
    outer loop
      vertex 88.22738647460938 26.727386474609375 3.200000762939453
      vertex 87.91759490966797 26.99906349182129 0
      vertex 88.22738647460938 26.727386474609375 0
    endloop
  endfacet
  facet normal 0.06540860955290013 -0.9978585640241588 0
    outer loop
      vertex 85.5888442993164 27.623050689697266 0
      vertex 86 27.650001525878906 3.200000762939453
      vertex 85.5888442993164 27.623050689697266 3.200000762939453
    endloop
  endfacet
  facet normal 0.06540860955290013 -0.9978585640241588 0
    outer loop
      vertex 86 27.650001525878906 3.200000762939453
      vertex 85.5888442993164 27.623050689697266 0
      vertex 86 27.650001525878906 0
    endloop
  endfacet
  facet normal -0.06540400029583149 0.9978588661455602 0
    outer loop
      vertex 86.4111557006836 21.376949310302734 0
      vertex 86 21.350000381469727 3.200000762939453
      vertex 86.4111557006836 21.376949310302734 3.200000762939453
    endloop
  endfacet
  facet normal -0.06540400029583149 0.9978588661455602 0
    outer loop
      vertex 86 21.350000381469727 3.200000762939453
      vertex 86.4111557006836 21.376949310302734 0
      vertex 86 21.350000381469727 0
    endloop
  endfacet
  facet normal 0.8314658636663351 0.5555758432091835 0
    outer loop
      vertex 83.50093841552734 22.582401275634766 3.200000762939453
      vertex 83.27201843261719 22.924999237060547 0
      vertex 83.27201843261719 22.924999237060547 3.200000762939453
    endloop
  endfacet
  facet normal 0.8314658636663351 0.5555758432091835 0
    outer loop
      vertex 83.27201843261719 22.924999237060547 0
      vertex 83.50093841552734 22.582401275634766 3.200000762939453
      vertex 83.50093841552734 22.582401275634766 0
    endloop
  endfacet
  facet normal -0.9469293434157003 -0.32144178100911325 0
    outer loop
      vertex 89.04266357421875 25.31528091430664 0
      vertex 88.91021728515625 25.70545196533203 3.200000762939453
      vertex 88.91021728515625 25.70545196533203 0
    endloop
  endfacet
  facet normal -0.9469293434157003 -0.32144178100911325 0
    outer loop
      vertex 88.91021728515625 25.70545196533203 3.200000762939453
      vertex 89.04266357421875 25.31528091430664 0
      vertex 89.04266357421875 25.31528091430664 3.200000762939453
    endloop
  endfacet
  facet normal -0.4422926371413858 0.8968707951151706 0
    outer loop
      vertex 87.57499694824219 21.77202033996582 0
      vertex 87.20545196533203 21.589778900146484 3.200000762939453
      vertex 87.57499694824219 21.77202033996582 3.200000762939453
    endloop
  endfacet
  facet normal -0.4422926371413858 0.8968707951151706 0
    outer loop
      vertex 87.20545196533203 21.589778900146484 3.200000762939453
      vertex 87.57499694824219 21.77202033996582 0
      vertex 87.20545196533203 21.589778900146484 0
    endloop
  endfacet
  facet normal 0.980782760071153 0.1951029921534041 0
    outer loop
      vertex 82.95733642578125 23.68471908569336 3.200000762939453
      vertex 82.87694549560547 24.088844299316406 0
      vertex 82.87694549560547 24.088844299316406 3.200000762939453
    endloop
  endfacet
  facet normal 0.980782760071153 0.1951029921534041 0
    outer loop
      vertex 82.87694549560547 24.088844299316406 0
      vertex 82.95733642578125 23.68471908569336 3.200000762939453
      vertex 82.95733642578125 23.68471908569336 0
    endloop
  endfacet
  facet normal 0.6593510242622947 -0.7518352391343883 0
    outer loop
      vertex 83.77261352539062 26.727386474609375 0
      vertex 84.0823974609375 26.99906349182129 3.200000762939453
      vertex 83.77261352539062 26.727386474609375 3.200000762939453
    endloop
  endfacet
  facet normal 0.6593510242622947 -0.7518352391343883 0
    outer loop
      vertex 84.0823974609375 26.99906349182129 3.200000762939453
      vertex 83.77261352539062 26.727386474609375 0
      vertex 84.0823974609375 26.99906349182129 0
    endloop
  endfacet
  facet normal -0.5555726429860933 -0.8314680020093659 0
    outer loop
      vertex 87.57499694824219 27.227981567382812 0
      vertex 87.91759490966797 26.99906349182129 3.200000762939453
      vertex 87.57499694824219 27.227981567382812 3.200000762939453
    endloop
  endfacet
  facet normal -0.5555726429860933 -0.8314680020093659 0
    outer loop
      vertex 87.91759490966797 26.99906349182129 3.200000762939453
      vertex 87.57499694824219 27.227981567382812 0
      vertex 87.91759490966797 26.99906349182129 0
    endloop
  endfacet
  facet normal -0.8968781148305672 0.44227779408191853 0
    outer loop
      vertex 88.72798156738281 22.924999237060547 0
      vertex 88.91021728515625 23.29454803466797 3.200000762939453
      vertex 88.91021728515625 23.29454803466797 0
    endloop
  endfacet
  facet normal -0.8968781148305672 0.44227779408191853 0
    outer loop
      vertex 88.91021728515625 23.29454803466797 3.200000762939453
      vertex 88.72798156738281 22.924999237060547 0
      vertex 88.72798156738281 22.924999237060547 3.200000762939453
    endloop
  endfacet
  facet normal 0.8968781148305672 0.44227779408191853 0
    outer loop
      vertex 83.27201843261719 22.924999237060547 3.200000762939453
      vertex 83.08978271484375 23.29454803466797 0
      vertex 83.08978271484375 23.29454803466797 3.200000762939453
    endloop
  endfacet
  facet normal 0.8968781148305672 0.44227779408191853 0
    outer loop
      vertex 83.08978271484375 23.29454803466797 0
      vertex 83.27201843261719 22.924999237060547 3.200000762939453
      vertex 83.27201843261719 22.924999237060547 0
    endloop
  endfacet
  facet normal 0.751841558733621 -0.6593438181715207 0
    outer loop
      vertex 83.50093841552734 26.417598724365234 3.200000762939453
      vertex 83.77261352539062 26.727386474609375 0
      vertex 83.77261352539062 26.727386474609375 3.200000762939453
    endloop
  endfacet
  facet normal 0.751841558733621 -0.6593438181715207 0
    outer loop
      vertex 83.77261352539062 26.727386474609375 0
      vertex 83.50093841552734 26.417598724365234 3.200000762939453
      vertex 83.50093841552734 26.417598724365234 0
    endloop
  endfacet
  facet normal -0.6593392287434071 0.75184558350771 0
    outer loop
      vertex 88.22738647460938 22.272613525390625 0
      vertex 87.91759490966797 22.000938415527344 3.200000762939453
      vertex 88.22738647460938 22.272613525390625 3.200000762939453
    endloop
  endfacet
  facet normal -0.6593392287434071 0.75184558350771 0
    outer loop
      vertex 87.91759490966797 22.000938415527344 3.200000762939453
      vertex 88.22738647460938 22.272613525390625 0
      vertex 87.91759490966797 22.000938415527344 0
    endloop
  endfacet
  facet normal -0.8314658636663351 0.5555758432091835 0
    outer loop
      vertex 88.49906158447266 22.582401275634766 0
      vertex 88.72798156738281 22.924999237060547 3.200000762939453
      vertex 88.72798156738281 22.924999237060547 0
    endloop
  endfacet
  facet normal -0.8314658636663351 0.5555758432091835 0
    outer loop
      vertex 88.72798156738281 22.924999237060547 3.200000762939453
      vertex 88.49906158447266 22.582401275634766 0
      vertex 88.49906158447266 22.582401275634766 3.200000762939453
    endloop
  endfacet
  facet normal 0.44228891362085787 -0.89687263136305 0
    outer loop
      vertex 84.42500305175781 27.227981567382812 0
      vertex 84.79454803466797 27.410221099853516 3.200000762939453
      vertex 84.42500305175781 27.227981567382812 3.200000762939453
    endloop
  endfacet
  facet normal 0.44228891362085787 -0.89687263136305 0
    outer loop
      vertex 84.79454803466797 27.410221099853516 3.200000762939453
      vertex 84.42500305175781 27.227981567382812 0
      vertex 84.79454803466797 27.410221099853516 0
    endloop
  endfacet
  facet normal 0.9807825838663362 -0.19510387793294381 0
    outer loop
      vertex 82.87694549560547 24.911157608032227 3.200000762939453
      vertex 82.95733642578125 25.31528091430664 0
      vertex 82.95733642578125 25.31528091430664 3.200000762939453
    endloop
  endfacet
  facet normal 0.9807825838663362 -0.19510387793294381 0
    outer loop
      vertex 82.95733642578125 25.31528091430664 0
      vertex 82.87694549560547 24.911157608032227 3.200000762939453
      vertex 82.87694549560547 24.911157608032227 0
    endloop
  endfacet
  facet normal -0.32143896302252667 -0.9469302999962579 0
    outer loop
      vertex 86.81527709960938 27.542667388916016 0
      vertex 87.20545196533203 27.410221099853516 3.200000762939453
      vertex 86.81527709960938 27.542667388916016 3.200000762939453
    endloop
  endfacet
  facet normal -0.32143896302252667 -0.9469302999962579 0
    outer loop
      vertex 87.20545196533203 27.410221099853516 3.200000762939453
      vertex 86.81527709960938 27.542667388916016 0
      vertex 87.20545196533203 27.410221099853516 0
    endloop
  endfacet
  facet normal 0.751841558733621 0.6593438181715207 0
    outer loop
      vertex 83.77261352539062 22.272613525390625 3.200000762939453
      vertex 83.50093841552734 22.582401275634766 0
      vertex 83.50093841552734 22.582401275634766 3.200000762939453
    endloop
  endfacet
  facet normal 0.751841558733621 0.6593438181715207 0
    outer loop
      vertex 83.50093841552734 22.582401275634766 0
      vertex 83.77261352539062 22.272613525390625 3.200000762939453
      vertex 83.77261352539062 22.272613525390625 0
    endloop
  endfacet
  facet normal 0.9978591880445874 -0.06539908894622935 0
    outer loop
      vertex 82.8499984741211 24.5 3.200000762939453
      vertex 82.87694549560547 24.911157608032227 0
      vertex 82.87694549560547 24.911157608032227 3.200000762939453
    endloop
  endfacet
  facet normal 0.9978591880445874 -0.06539908894622935 0
    outer loop
      vertex 82.87694549560547 24.911157608032227 0
      vertex 82.8499984741211 24.5 3.200000762939453
      vertex 82.8499984741211 24.5 0
    endloop
  endfacet
  facet normal 0.8968781148305672 -0.44227779408191853 0
    outer loop
      vertex 83.08978271484375 25.70545196533203 3.200000762939453
      vertex 83.27201843261719 26.075000762939453 0
      vertex 83.27201843261719 26.075000762939453 3.200000762939453
    endloop
  endfacet
  facet normal 0.8968781148305672 -0.44227779408191853 0
    outer loop
      vertex 83.27201843261719 26.075000762939453 0
      vertex 83.08978271484375 25.70545196533203 3.200000762939453
      vertex 83.08978271484375 25.70545196533203 0
    endloop
  endfacet
  facet normal -0.1950914051723379 0.9807850649494427 0
    outer loop
      vertex 86.81527709960938 21.457334518432617 0
      vertex 86.4111557006836 21.376949310302734 3.200000762939453
      vertex 86.81527709960938 21.457334518432617 3.200000762939453
    endloop
  endfacet
  facet normal -0.1950914051723379 0.9807850649494427 0
    outer loop
      vertex 86.4111557006836 21.376949310302734 3.200000762939453
      vertex 86.81527709960938 21.457334518432617 0
      vertex 86.4111557006836 21.376949310302734 0
    endloop
  endfacet
  facet normal -0.8968781148305672 -0.44227779408191853 0
    outer loop
      vertex 88.91021728515625 25.70545196533203 0
      vertex 88.72798156738281 26.075000762939453 3.200000762939453
      vertex 88.72798156738281 26.075000762939453 0
    endloop
  endfacet
  facet normal -0.8968781148305672 -0.44227779408191853 0
    outer loop
      vertex 88.72798156738281 26.075000762939453 3.200000762939453
      vertex 88.91021728515625 25.70545196533203 0
      vertex 88.91021728515625 25.70545196533203 3.200000762939453
    endloop
  endfacet
  facet normal 0.9978591682458535 0.06539939103457636 0
    outer loop
      vertex 82.87694549560547 24.088844299316406 3.200000762939453
      vertex 82.8499984741211 24.5 0
      vertex 82.8499984741211 24.5 3.200000762939453
    endloop
  endfacet
  facet normal 0.9978591682458535 0.06539939103457636 0
    outer loop
      vertex 82.8499984741211 24.5 0
      vertex 82.87694549560547 24.088844299316406 3.200000762939453
      vertex 82.87694549560547 24.088844299316406 0
    endloop
  endfacet
  facet normal 0.06540400029583149 0.9978588661455602 0
    outer loop
      vertex 86 21.350000381469727 0
      vertex 85.5888442993164 21.376949310302734 3.200000762939453
      vertex 86 21.350000381469727 3.200000762939453
    endloop
  endfacet
  facet normal 0.06540400029583149 0.9978588661455602 0
    outer loop
      vertex 85.5888442993164 21.376949310302734 3.200000762939453
      vertex 86 21.350000381469727 0
      vertex 85.5888442993164 21.376949310302734 0
    endloop
  endfacet
  facet normal -0.5555726429860933 0.8314680020093659 0
    outer loop
      vertex 87.91759490966797 22.000938415527344 0
      vertex 87.57499694824219 21.77202033996582 3.200000762939453
      vertex 87.91759490966797 22.000938415527344 3.200000762939453
    endloop
  endfacet
  facet normal -0.5555726429860933 0.8314680020093659 0
    outer loop
      vertex 87.57499694824219 21.77202033996582 3.200000762939453
      vertex 87.91759490966797 22.000938415527344 0
      vertex 87.57499694824219 21.77202033996582 0
    endloop
  endfacet
  facet normal -0.9978579795279072 -0.06541752588169872 0
    outer loop
      vertex 89.1500015258789 24.5 0
      vertex 89.123046875 24.911157608032227 3.200000762939453
      vertex 89.123046875 24.911157608032227 0
    endloop
  endfacet
  facet normal -0.9978579795279072 -0.06541752588169872 0
    outer loop
      vertex 89.123046875 24.911157608032227 3.200000762939453
      vertex 89.1500015258789 24.5 0
      vertex 89.1500015258789 24.5 3.200000762939453
    endloop
  endfacet
  facet normal -0.751841558733621 0.6593438181715207 0
    outer loop
      vertex 88.22738647460938 22.272613525390625 0
      vertex 88.49906158447266 22.582401275634766 3.200000762939453
      vertex 88.49906158447266 22.582401275634766 0
    endloop
  endfacet
  facet normal -0.751841558733621 0.6593438181715207 0
    outer loop
      vertex 88.49906158447266 22.582401275634766 3.200000762939453
      vertex 88.22738647460938 22.272613525390625 0
      vertex 88.22738647460938 22.272613525390625 3.200000762939453
    endloop
  endfacet
  facet normal -0.06540860955290013 -0.9978585640241588 0
    outer loop
      vertex 86 27.650001525878906 0
      vertex 86.4111557006836 27.623050689697266 3.200000762939453
      vertex 86 27.650001525878906 3.200000762939453
    endloop
  endfacet
  facet normal -0.06540860955290013 -0.9978585640241588 0
    outer loop
      vertex 86.4111557006836 27.623050689697266 3.200000762939453
      vertex 86 27.650001525878906 0
      vertex 86.4111557006836 27.623050689697266 0
    endloop
  endfacet
  facet normal -0.9807861268513326 -0.19508606658590863 0
    outer loop
      vertex 89.123046875 24.911157608032227 0
      vertex 89.04266357421875 25.31528091430664 3.200000762939453
      vertex 89.04266357421875 25.31528091430664 0
    endloop
  endfacet
  facet normal -0.9807861268513326 -0.19508606658590863 0
    outer loop
      vertex 89.04266357421875 25.31528091430664 3.200000762939453
      vertex 89.123046875 24.911157608032227 0
      vertex 89.123046875 24.911157608032227 3.200000762939453
    endloop
  endfacet
  facet normal 0.555564089718895 -0.8314737170920171 0
    outer loop
      vertex 84.0823974609375 26.99906349182129 0
      vertex 84.42500305175781 27.227981567382812 3.200000762939453
      vertex 84.0823974609375 26.99906349182129 3.200000762939453
    endloop
  endfacet
  facet normal 0.555564089718895 -0.8314737170920171 0
    outer loop
      vertex 84.42500305175781 27.227981567382812 3.200000762939453
      vertex 84.0823974609375 26.99906349182129 0
      vertex 84.42500305175781 27.227981567382812 0
    endloop
  endfacet
  facet normal -0.19508695229886644 -0.9807859506756507 0
    outer loop
      vertex 86.4111557006836 27.623050689697266 0
      vertex 86.81527709960938 27.542667388916016 3.200000762939453
      vertex 86.4111557006836 27.623050689697266 3.200000762939453
    endloop
  endfacet
  facet normal -0.19508695229886644 -0.9807859506756507 0
    outer loop
      vertex 86.81527709960938 27.542667388916016 3.200000762939453
      vertex 86.4111557006836 27.623050689697266 0
      vertex 86.81527709960938 27.542667388916016 0
    endloop
  endfacet
  facet normal 0.1950914051723379 0.9807850649494427 0
    outer loop
      vertex 85.5888442993164 21.376949310302734 0
      vertex 85.18472290039062 21.457334518432617 3.200000762939453
      vertex 85.5888442993164 21.376949310302734 3.200000762939453
    endloop
  endfacet
  facet normal 0.1950914051723379 0.9807850649494427 0
    outer loop
      vertex 85.18472290039062 21.457334518432617 3.200000762939453
      vertex 85.5888442993164 21.376949310302734 0
      vertex 85.18472290039062 21.457334518432617 0
    endloop
  endfacet
  facet normal 0.555564089718895 0.8314737170920171 0
    outer loop
      vertex 84.42500305175781 21.77202033996582 0
      vertex 84.0823974609375 22.000938415527344 3.200000762939453
      vertex 84.42500305175781 21.77202033996582 3.200000762939453
    endloop
  endfacet
  facet normal 0.555564089718895 0.8314737170920171 0
    outer loop
      vertex 84.0823974609375 22.000938415527344 3.200000762939453
      vertex 84.42500305175781 21.77202033996582 0
      vertex 84.0823974609375 22.000938415527344 0
    endloop
  endfacet
  facet normal 0.9469293434157003 0.32144178100911325 0
    outer loop
      vertex 83.08978271484375 23.29454803466797 3.200000762939453
      vertex 82.95733642578125 23.68471908569336 0
      vertex 82.95733642578125 23.68471908569336 3.200000762939453
    endloop
  endfacet
  facet normal 0.9469293434157003 0.32144178100911325 0
    outer loop
      vertex 82.95733642578125 23.68471908569336 0
      vertex 83.08978271484375 23.29454803466797 3.200000762939453
      vertex 83.08978271484375 23.29454803466797 0
    endloop
  endfacet
  facet normal -0.751841558733621 -0.6593438181715207 0
    outer loop
      vertex 88.49906158447266 26.417598724365234 0
      vertex 88.22738647460938 26.727386474609375 3.200000762939453
      vertex 88.22738647460938 26.727386474609375 0
    endloop
  endfacet
  facet normal -0.751841558733621 -0.6593438181715207 0
    outer loop
      vertex 88.22738647460938 26.727386474609375 3.200000762939453
      vertex 88.49906158447266 26.417598724365234 0
      vertex 88.49906158447266 26.417598724365234 3.200000762939453
    endloop
  endfacet
  facet normal 0.32143896302252667 -0.9469302999962579 0
    outer loop
      vertex 84.79454803466797 27.410221099853516 0
      vertex 85.18472290039062 27.542667388916016 3.200000762939453
      vertex 84.79454803466797 27.410221099853516 3.200000762939453
    endloop
  endfacet
  facet normal 0.32143896302252667 -0.9469302999962579 0
    outer loop
      vertex 85.18472290039062 27.542667388916016 3.200000762939453
      vertex 84.79454803466797 27.410221099853516 0
      vertex 85.18472290039062 27.542667388916016 0
    endloop
  endfacet
  facet normal -0.44228891362085787 -0.89687263136305 0
    outer loop
      vertex 87.20545196533203 27.410221099853516 0
      vertex 87.57499694824219 27.227981567382812 3.200000762939453
      vertex 87.20545196533203 27.410221099853516 3.200000762939453
    endloop
  endfacet
  facet normal -0.44228891362085787 -0.89687263136305 0
    outer loop
      vertex 87.57499694824219 27.227981567382812 3.200000762939453
      vertex 87.20545196533203 27.410221099853516 0
      vertex 87.57499694824219 27.227981567382812 0
    endloop
  endfacet
  facet normal 0.3214348122799271 0.9469317089709098 0
    outer loop
      vertex 85.18472290039062 21.457334518432617 0
      vertex 84.79454803466797 21.589778900146484 3.200000762939453
      vertex 85.18472290039062 21.457334518432617 3.200000762939453
    endloop
  endfacet
  facet normal 0.3214348122799271 0.9469317089709098 0
    outer loop
      vertex 84.79454803466797 21.589778900146484 3.200000762939453
      vertex 85.18472290039062 21.457334518432617 0
      vertex 84.79454803466797 21.589778900146484 0
    endloop
  endfacet
  facet normal -0.8314658636663351 -0.5555758432091835 0
    outer loop
      vertex 88.72798156738281 26.075000762939453 0
      vertex 88.49906158447266 26.417598724365234 3.200000762939453
      vertex 88.49906158447266 26.417598724365234 0
    endloop
  endfacet
  facet normal -0.8314658636663351 -0.5555758432091835 0
    outer loop
      vertex 88.49906158447266 26.417598724365234 3.200000762939453
      vertex 88.72798156738281 26.075000762939453 0
      vertex 88.72798156738281 26.075000762939453 3.200000762939453
    endloop
  endfacet
  facet normal 0.9469293434157003 -0.32144178100911325 0
    outer loop
      vertex 82.95733642578125 25.31528091430664 3.200000762939453
      vertex 83.08978271484375 25.70545196533203 0
      vertex 83.08978271484375 25.70545196533203 3.200000762939453
    endloop
  endfacet
  facet normal 0.9469293434157003 -0.32144178100911325 0
    outer loop
      vertex 83.08978271484375 25.70545196533203 0
      vertex 82.95733642578125 25.31528091430664 3.200000762939453
      vertex 82.95733642578125 25.31528091430664 0
    endloop
  endfacet
  facet normal 0.4422926371413858 0.8968707951151706 0
    outer loop
      vertex 84.79454803466797 21.589778900146484 0
      vertex 84.42500305175781 21.77202033996582 3.200000762939453
      vertex 84.79454803466797 21.589778900146484 3.200000762939453
    endloop
  endfacet
  facet normal 0.4422926371413858 0.8968707951151706 0
    outer loop
      vertex 84.42500305175781 21.77202033996582 3.200000762939453
      vertex 84.79454803466797 21.589778900146484 0
      vertex 84.42500305175781 21.77202033996582 0
    endloop
  endfacet
  facet normal 0.6593484076389564 0.7518375338754861 0
    outer loop
      vertex 84.0823974609375 22.000938415527344 0
      vertex 83.77261352539062 22.272613525390625 3.200000762939453
      vertex 84.0823974609375 22.000938415527344 3.200000762939453
    endloop
  endfacet
  facet normal 0.6593484076389564 0.7518375338754861 0
    outer loop
      vertex 83.77261352539062 22.272613525390625 3.200000762939453
      vertex 84.0823974609375 22.000938415527344 0
      vertex 83.77261352539062 22.272613525390625 0
    endloop
  endfacet
  facet normal 0.19508695229886644 -0.9807859506756507 0
    outer loop
      vertex 85.18472290039062 27.542667388916016 0
      vertex 85.5888442993164 27.623050689697266 3.200000762939453
      vertex 85.18472290039062 27.542667388916016 3.200000762939453
    endloop
  endfacet
  facet normal 0.19508695229886644 -0.9807859506756507 0
    outer loop
      vertex 85.5888442993164 27.623050689697266 3.200000762939453
      vertex 85.18472290039062 27.542667388916016 0
      vertex 85.5888442993164 27.623050689697266 0
    endloop
  endfacet
  facet normal 0.8314658636663351 -0.5555758432091835 0
    outer loop
      vertex 83.27201843261719 26.075000762939453 3.200000762939453
      vertex 83.50093841552734 26.417598724365234 0
      vertex 83.50093841552734 26.417598724365234 3.200000762939453
    endloop
  endfacet
  facet normal 0.8314658636663351 -0.5555758432091835 0
    outer loop
      vertex 83.50093841552734 26.417598724365234 0
      vertex 83.27201843261719 26.075000762939453 3.200000762939453
      vertex 83.27201843261719 26.075000762939453 0
    endloop
  endfacet
  facet normal -0.8314553399824756 -0.5555915924621484 0
    outer loop
      vertex 59.73564147949219 52.10000228881836 0
      vertex 59.619361877441406 52.274017333984375 3.200000762939453
      vertex 59.619361877441406 52.274017333984375 0
    endloop
  endfacet
  facet normal -0.8314553399824756 -0.5555915924621484 0
    outer loop
      vertex 59.619361877441406 52.274017333984375 3.200000762939453
      vertex 59.73564147949219 52.10000228881836 0
      vertex 59.73564147949219 52.10000228881836 3.200000762939453
    endloop
  endfacet
  facet normal 0.5555663763379082 0.8314721892419288 0
    outer loop
      vertex 14.849998474121094 21.314361572265625 0
      vertex 14.675980567932129 21.430635452270508 3.200000762939453
      vertex 14.849998474121094 21.314361572265625 3.200000762939453
    endloop
  endfacet
  facet normal 0.5555663763379082 0.8314721892419288 0
    outer loop
      vertex 14.675980567932129 21.430635452270508 3.200000762939453
      vertex 14.849998474121094 21.314361572265625 0
      vertex 14.675980567932129 21.430635452270508 0
    endloop
  endfacet
  facet normal -0.06539754015573504 -0.9978592895501746 0
    outer loop
      vertex 58.349998474121094 52.900001525878906 0
      vertex 58.558841705322266 52.886314392089844 3.200000762939453
      vertex 58.349998474121094 52.900001525878906 3.200000762939453
    endloop
  endfacet
  facet normal -0.06539754015573504 -0.9978592895501746 0
    outer loop
      vertex 58.558841705322266 52.886314392089844 3.200000762939453
      vertex 58.349998474121094 52.900001525878906 0
      vertex 58.558841705322266 52.886314392089844 0
    endloop
  endfacet
  facet normal -0.9978592505732352 0.06539813487723906 0
    outer loop
      vertex 59.936309814453125 22.491159439086914 0
      vertex 59.94999694824219 22.700000762939453 3.200000762939453
      vertex 59.94999694824219 22.700000762939453 0
    endloop
  endfacet
  facet normal -0.9978592505732352 0.06539813487723906 0
    outer loop
      vertex 59.94999694824219 22.700000762939453 3.200000762939453
      vertex 59.936309814453125 22.491159439086914 0
      vertex 59.936309814453125 22.491159439086914 3.200000762939453
    endloop
  endfacet
  facet normal -0.6593468235327169 0.7518389231060841 0
    outer loop
      vertex 59.48136901855469 21.56863021850586 0
      vertex 59.32401657104492 21.430635452270508 3.200000762939453
      vertex 59.48136901855469 21.56863021850586 3.200000762939453
    endloop
  endfacet
  facet normal -0.6593468235327169 0.7518389231060841 0
    outer loop
      vertex 59.32401657104492 21.430635452270508 3.200000762939453
      vertex 59.48136901855469 21.56863021850586 0
      vertex 59.32401657104492 21.430635452270508 0
    endloop
  endfacet
  facet normal 0.8968742379941333 -0.4422856556824362 0
    outer loop
      vertex 14.171791076660156 51.91229248046875 3.200000762939453
      vertex 14.264358520507812 52.10000228881836 0
      vertex 14.264358520507812 52.10000228881836 3.200000762939453
    endloop
  endfacet
  facet normal 0.8968742379941333 -0.4422856556824362 0
    outer loop
      vertex 14.264358520507812 52.10000228881836 0
      vertex 14.171791076660156 51.91229248046875 3.200000762939453
      vertex 14.171791076660156 51.91229248046875 0
    endloop
  endfacet
  facet normal 1 0 0
    outer loop
      vertex 14.049999237060547 22.700000762939453 3.200000762939453
      vertex 14.049999237060547 51.30000305175781 0
      vertex 14.049999237060547 51.30000305175781 3.200000762939453
    endloop
  endfacet
  facet normal 1 0 0
    outer loop
      vertex 14.049999237060547 51.30000305175781 0
      vertex 14.049999237060547 22.700000762939453 3.200000762939453
      vertex 14.049999237060547 22.700000762939453 0
    endloop
  endfacet
  facet normal 0 -1 0
    outer loop
      vertex 15.649998664855957 52.900001525878906 0
      vertex 58.349998474121094 52.900001525878906 3.200000762939453
      vertex 15.649998664855957 52.900001525878906 3.200000762939453
    endloop
  endfacet
  facet normal 0 -1 0
    outer loop
      vertex 58.349998474121094 52.900001525878906 3.200000762939453
      vertex 15.649998664855957 52.900001525878906 0
      vertex 58.349998474121094 52.900001525878906 0
    endloop
  endfacet
  facet normal 0.4422910782504204 0.8968715638819644 0
    outer loop
      vertex 15.037705421447754 21.22179412841797 0
      vertex 14.849998474121094 21.314361572265625 3.200000762939453
      vertex 15.037705421447754 21.22179412841797 3.200000762939453
    endloop
  endfacet
  facet normal 0.4422910782504204 0.8968715638819644 0
    outer loop
      vertex 14.849998474121094 21.314361572265625 3.200000762939453
      vertex 15.037705421447754 21.22179412841797 0
      vertex 14.849998474121094 21.314361572265625 0
    endloop
  endfacet
  facet normal 0.06539783751513786 0.9978592700618377 0
    outer loop
      vertex 15.649998664855957 21.10000228881836 0
      vertex 15.441156387329102 21.113689422607422 3.200000762939453
      vertex 15.649998664855957 21.10000228881836 3.200000762939453
    endloop
  endfacet
  facet normal 0.06539783751513786 0.9978592700618377 0
    outer loop
      vertex 15.441156387329102 21.113689422607422 3.200000762939453
      vertex 15.649998664855957 21.10000228881836 0
      vertex 15.441156387329102 21.113689422607422 0
    endloop
  endfacet
  facet normal -0.19509953583495102 -0.9807834476157244 0
    outer loop
      vertex 58.558841705322266 52.886314392089844 0
      vertex 58.76411056518555 52.845481872558594 3.200000762939453
      vertex 58.558841705322266 52.886314392089844 3.200000762939453
    endloop
  endfacet
  facet normal -0.19509953583495102 -0.9807834476157244 0
    outer loop
      vertex 58.76411056518555 52.845481872558594 3.200000762939453
      vertex 58.558841705322266 52.886314392089844 0
      vertex 58.76411056518555 52.845481872558594 0
    endloop
  endfacet
  facet normal -0.5555642714145917 0.8314735956887469 0
    outer loop
      vertex 59.32401657104492 21.430635452270508 0
      vertex 59.14999771118164 21.314361572265625 3.200000762939453
      vertex 59.32401657104492 21.430635452270508 3.200000762939453
    endloop
  endfacet
  facet normal -0.5555642714145917 0.8314735956887469 0
    outer loop
      vertex 59.14999771118164 21.314361572265625 3.200000762939453
      vertex 59.32401657104492 21.430635452270508 0
      vertex 59.14999771118164 21.314361572265625 0
    endloop
  endfacet
  facet normal 0.8314714907709864 0.5555674216826196 0
    outer loop
      vertex 14.380633354187012 21.725982666015625 3.200000762939453
      vertex 14.264358520507812 21.900001525878906 0
      vertex 14.264358520507812 21.900001525878906 3.200000762939453
    endloop
  endfacet
  facet normal 0.8314714907709864 0.5555674216826196 0
    outer loop
      vertex 14.264358520507812 21.900001525878906 0
      vertex 14.380633354187012 21.725982666015625 3.200000762939453
      vertex 14.380633354187012 21.725982666015625 0
    endloop
  endfacet
  facet normal 0.3214313362359592 -0.9469328889026749 0
    outer loop
      vertex 15.037705421447754 52.7782096862793 0
      vertex 15.235888481140137 52.845481872558594 3.200000762939453
      vertex 15.037705421447754 52.7782096862793 3.200000762939453
    endloop
  endfacet
  facet normal 0.3214313362359592 -0.9469328889026749 0
    outer loop
      vertex 15.235888481140137 52.845481872558594 3.200000762939453
      vertex 15.037705421447754 52.7782096862793 0
      vertex 15.235888481140137 52.845481872558594 0
    endloop
  endfacet
  facet normal -0.3214341101544816 -0.9469319473062449 0
    outer loop
      vertex 58.76411056518555 52.845481872558594 0
      vertex 58.9622917175293 52.7782096862793 3.200000762939453
      vertex 58.76411056518555 52.845481872558594 3.200000762939453
    endloop
  endfacet
  facet normal -0.3214341101544816 -0.9469319473062449 0
    outer loop
      vertex 58.9622917175293 52.7782096862793 3.200000762939453
      vertex 58.76411056518555 52.845481872558594 0
      vertex 58.9622917175293 52.7782096862793 0
    endloop
  endfacet
  facet normal 0.9807860633118268 0.19508638602754713 0
    outer loop
      vertex 14.104516983032227 22.285890579223633 3.200000762939453
      vertex 14.063687324523926 22.491159439086914 0
      vertex 14.063687324523926 22.491159439086914 3.200000762939453
    endloop
  endfacet
  facet normal 0.9807860633118268 0.19508638602754713 0
    outer loop
      vertex 14.063687324523926 22.491159439086914 0
      vertex 14.104516983032227 22.285890579223633 3.200000762939453
      vertex 14.104516983032227 22.285890579223633 0
    endloop
  endfacet
  facet normal 0.19510040776453028 -0.9807832741692295 0
    outer loop
      vertex 15.235888481140137 52.845481872558594 0
      vertex 15.441156387329102 52.886314392089844 3.200000762939453
      vertex 15.235888481140137 52.845481872558594 3.200000762939453
    endloop
  endfacet
  facet normal 0.19510040776453028 -0.9807832741692295 0
    outer loop
      vertex 15.441156387329102 52.886314392089844 3.200000762939453
      vertex 15.235888481140137 52.845481872558594 0
      vertex 15.441156387329102 52.886314392089844 0
    endloop
  endfacet
  facet normal 0.6593468235327169 0.7518389231060841 0
    outer loop
      vertex 14.675980567932129 21.430635452270508 0
      vertex 14.518628120422363 21.56863021850586 3.200000762939453
      vertex 14.675980567932129 21.430635452270508 3.200000762939453
    endloop
  endfacet
  facet normal 0.6593468235327169 0.7518389231060841 0
    outer loop
      vertex 14.518628120422363 21.56863021850586 3.200000762939453
      vertex 14.675980567932129 21.430635452270508 0
      vertex 14.518628120422363 21.56863021850586 0
    endloop
  endfacet
  facet normal 0.8314658648382358 -0.5555758414553359 0
    outer loop
      vertex 14.264358520507812 52.10000228881836 3.200000762939453
      vertex 14.380633354187012 52.274017333984375 0
      vertex 14.380633354187012 52.274017333984375 3.200000762939453
    endloop
  endfacet
  facet normal 0.8314658648382358 -0.5555758414553359 0
    outer loop
      vertex 14.380633354187012 52.274017333984375 0
      vertex 14.264358520507812 52.10000228881836 3.200000762939453
      vertex 14.264358520507812 52.10000228881836 0
    endloop
  endfacet
  facet normal -0.4422928857990367 0.8968706724893842 0
    outer loop
      vertex 59.14999771118164 21.314361572265625 0
      vertex 58.9622917175293 21.22179412841797 3.200000762939453
      vertex 59.14999771118164 21.314361572265625 3.200000762939453
    endloop
  endfacet
  facet normal -0.4422928857990367 0.8968706724893842 0
    outer loop
      vertex 58.9622917175293 21.22179412841797 3.200000762939453
      vertex 59.14999771118164 21.314361572265625 0
      vertex 58.9622917175293 21.22179412841797 0
    endloop
  endfacet
  facet normal -1 0 0
    outer loop
      vertex 59.94999694824219 22.700000762939453 0
      vertex 59.94999694824219 51.30000305175781 3.200000762939453
      vertex 59.94999694824219 51.30000305175781 0
    endloop
  endfacet
  facet normal -1 0 0
    outer loop
      vertex 59.94999694824219 51.30000305175781 3.200000762939453
      vertex 59.94999694824219 22.700000762939453 0
      vertex 59.94999694824219 22.700000762939453 3.200000762939453
    endloop
  endfacet
  facet normal 0 1 0
    outer loop
      vertex 58.349998474121094 21.10000228881836 0
      vertex 15.649998664855957 21.10000228881836 3.200000762939453
      vertex 58.349998474121094 21.10000228881836 3.200000762939453
    endloop
  endfacet
  facet normal 0 1 0
    outer loop
      vertex 15.649998664855957 21.10000228881836 3.200000762939453
      vertex 58.349998474121094 21.10000228881836 0
      vertex 15.649998664855957 21.10000228881836 0
    endloop
  endfacet
  facet normal -0.3214422820373189 0.9469291733380278 0
    outer loop
      vertex 58.9622917175293 21.22179412841797 0
      vertex 58.76411056518555 21.15452003479004 3.200000762939453
      vertex 58.9622917175293 21.22179412841797 3.200000762939453
    endloop
  endfacet
  facet normal -0.3214422820373189 0.9469291733380278 0
    outer loop
      vertex 58.76411056518555 21.15452003479004 3.200000762939453
      vertex 58.9622917175293 21.22179412841797 0
      vertex 58.76411056518555 21.15452003479004 0
    endloop
  endfacet
  facet normal -0.5555705719267222 -0.8314693858519475 0
    outer loop
      vertex 59.14999771118164 52.68564224243164 0
      vertex 59.32401657104492 52.569366455078125 3.200000762939453
      vertex 59.14999771118164 52.68564224243164 3.200000762939453
    endloop
  endfacet
  facet normal -0.5555705719267222 -0.8314693858519475 0
    outer loop
      vertex 59.32401657104492 52.569366455078125 3.200000762939453
      vertex 59.14999771118164 52.68564224243164 0
      vertex 59.32401657104492 52.569366455078125 0
    endloop
  endfacet
  facet normal 0.9978589531995581 0.065402672112707 0
    outer loop
      vertex 14.063687324523926 22.491159439086914 3.200000762939453
      vertex 14.049999237060547 22.700000762939453 0
      vertex 14.049999237060547 22.700000762939453 3.200000762939453
    endloop
  endfacet
  facet normal 0.9978589531995581 0.065402672112707 0
    outer loop
      vertex 14.049999237060547 22.700000762939453 0
      vertex 14.063687324523926 22.491159439086914 3.200000762939453
      vertex 14.063687324523926 22.491159439086914 0
    endloop
  endfacet
  facet normal -0.06539754015573504 0.9978592895501746 0
    outer loop
      vertex 58.558841705322266 21.113689422607422 0
      vertex 58.349998474121094 21.10000228881836 3.200000762939453
      vertex 58.558841705322266 21.113689422607422 3.200000762939453
    endloop
  endfacet
  facet normal -0.06539754015573504 0.9978592895501746 0
    outer loop
      vertex 58.349998474121094 21.10000228881836 3.200000762939453
      vertex 58.558841705322266 21.113689422607422 0
      vertex 58.349998474121094 21.10000228881836 0
    endloop
  endfacet
  facet normal 0.06539783751513786 -0.9978592700618377 0
    outer loop
      vertex 15.441156387329102 52.886314392089844 0
      vertex 15.649998664855957 52.900001525878906 3.200000762939453
      vertex 15.441156387329102 52.886314392089844 3.200000762939453
    endloop
  endfacet
  facet normal 0.06539783751513786 -0.9978592700618377 0
    outer loop
      vertex 15.649998664855957 52.900001525878906 3.200000762939453
      vertex 15.441156387329102 52.886314392089844 0
      vertex 15.649998664855957 52.900001525878906 0
    endloop
  endfacet
  facet normal -0.9807869351744488 0.19508200273503298 0
    outer loop
      vertex 59.89548110961914 22.285890579223633 0
      vertex 59.936309814453125 22.491159439086914 3.200000762939453
      vertex 59.936309814453125 22.491159439086914 0
    endloop
  endfacet
  facet normal -0.9807869351744488 0.19508200273503298 0
    outer loop
      vertex 59.936309814453125 22.491159439086914 3.200000762939453
      vertex 59.89548110961914 22.285890579223633 0
      vertex 59.89548110961914 22.285890579223633 3.200000762939453
    endloop
  endfacet
  facet normal 0.5555726768525947 -0.8314679793803502 0
    outer loop
      vertex 14.675980567932129 52.569366455078125 0
      vertex 14.849998474121094 52.68564224243164 3.200000762939453
      vertex 14.675980567932129 52.569366455078125 3.200000762939453
    endloop
  endfacet
  facet normal 0.5555726768525947 -0.8314679793803502 0
    outer loop
      vertex 14.849998474121094 52.68564224243164 3.200000762939453
      vertex 14.675980567932129 52.569366455078125 0
      vertex 14.849998474121094 52.68564224243164 0
    endloop
  endfacet
  facet normal -0.19509076930837166 0.9807851914311655 0
    outer loop
      vertex 58.76411056518555 21.15452003479004 0
      vertex 58.558841705322266 21.113689422607422 3.200000762939453
      vertex 58.76411056518555 21.15452003479004 3.200000762939453
    endloop
  endfacet
  facet normal -0.19509076930837166 0.9807851914311655 0
    outer loop
      vertex 58.558841705322266 21.113689422607422 3.200000762939453
      vertex 58.76411056518555 21.15452003479004 0
      vertex 58.558841705322266 21.113689422607422 0
    endloop
  endfacet
  facet normal 0.9469291733380278 -0.3214422820373189 0
    outer loop
      vertex 14.104516983032227 51.714111328125 3.200000762939453
      vertex 14.171791076660156 51.91229248046875 0
      vertex 14.171791076660156 51.91229248046875 3.200000762939453
    endloop
  endfacet
  facet normal 0.9469291733380278 -0.3214422820373189 0
    outer loop
      vertex 14.171791076660156 51.91229248046875 0
      vertex 14.104516983032227 51.714111328125 3.200000762939453
      vertex 14.104516983032227 51.714111328125 0
    endloop
  endfacet
  facet normal -0.6593416720183989 -0.7518434408438917 0
    outer loop
      vertex 59.32401657104492 52.569366455078125 0
      vertex 59.48136901855469 52.431373596191406 3.200000762939453
      vertex 59.32401657104492 52.569366455078125 3.200000762939453
    endloop
  endfacet
  facet normal -0.6593416720183989 -0.7518434408438917 0
    outer loop
      vertex 59.48136901855469 52.431373596191406 3.200000762939453
      vertex 59.32401657104492 52.569366455078125 0
      vertex 59.48136901855469 52.431373596191406 0
    endloop
  endfacet
  facet normal 0.751846846847434 -0.659337788152303 0
    outer loop
      vertex 14.380633354187012 52.274017333984375 3.200000762939453
      vertex 14.518628120422363 52.431373596191406 0
      vertex 14.518628120422363 52.431373596191406 3.200000762939453
    endloop
  endfacet
  facet normal 0.751846846847434 -0.659337788152303 0
    outer loop
      vertex 14.518628120422363 52.431373596191406 0
      vertex 14.380633354187012 52.274017333984375 3.200000762939453
      vertex 14.380633354187012 52.274017333984375 0
    endloop
  endfacet
  facet normal 0.9978589142161581 -0.06540326688591185 0
    outer loop
      vertex 14.049999237060547 51.30000305175781 3.200000762939453
      vertex 14.063687324523926 51.50884246826172 0
      vertex 14.063687324523926 51.50884246826172 3.200000762939453
    endloop
  endfacet
  facet normal 0.9978589142161581 -0.06540326688591185 0
    outer loop
      vertex 14.063687324523926 51.50884246826172 0
      vertex 14.049999237060547 51.30000305175781 3.200000762939453
      vertex 14.049999237060547 51.30000305175781 0
    endloop
  endfacet
  facet normal -0.9469273410022105 0.32144767982127875 0
    outer loop
      vertex 59.82820510864258 22.08770751953125 0
      vertex 59.89548110961914 22.285890579223633 3.200000762939453
      vertex 59.89548110961914 22.285890579223633 0
    endloop
  endfacet
  facet normal -0.9469273410022105 0.32144767982127875 0
    outer loop
      vertex 59.89548110961914 22.285890579223633 3.200000762939453
      vertex 59.82820510864258 22.08770751953125 0
      vertex 59.82820510864258 22.08770751953125 3.200000762939453
    endloop
  endfacet
  facet normal -0.9807869351744488 -0.19508200273503298 0
    outer loop
      vertex 59.936309814453125 51.50884246826172 0
      vertex 59.89548110961914 51.714111328125 3.200000762939453
      vertex 59.89548110961914 51.714111328125 0
    endloop
  endfacet
  facet normal -0.9807869351744488 -0.19508200273503298 0
    outer loop
      vertex 59.89548110961914 51.714111328125 3.200000762939453
      vertex 59.936309814453125 51.50884246826172 0
      vertex 59.936309814453125 51.50884246826172 3.200000762939453
    endloop
  endfacet
  facet normal 0.946930114979577 0.3214395080645268 0
    outer loop
      vertex 14.171791076660156 22.08770751953125 3.200000762939453
      vertex 14.104516983032227 22.285890579223633 0
      vertex 14.104516983032227 22.285890579223633 3.200000762939453
    endloop
  endfacet
  facet normal 0.946930114979577 0.3214395080645268 0
    outer loop
      vertex 14.104516983032227 22.285890579223633 0
      vertex 14.171791076660156 22.08770751953125 3.200000762939453
      vertex 14.171791076660156 22.08770751953125 0
    endloop
  endfacet
  facet normal -0.9978592115952324 -0.06539872960953666 0
    outer loop
      vertex 59.94999694824219 51.30000305175781 0
      vertex 59.936309814453125 51.50884246826172 3.200000762939453
      vertex 59.936309814453125 51.50884246826172 0
    endloop
  endfacet
  facet normal -0.9978592115952324 -0.06539872960953666 0
    outer loop
      vertex 59.936309814453125 51.50884246826172 3.200000762939453
      vertex 59.94999694824219 51.30000305175781 0
      vertex 59.94999694824219 51.30000305175781 3.200000762939453
    endloop
  endfacet
  facet normal -0.7518513645090349 -0.6593326365999959 0
    outer loop
      vertex 59.619361877441406 52.274017333984375 0
      vertex 59.48136901855469 52.431373596191406 3.200000762939453
      vertex 59.48136901855469 52.431373596191406 0
    endloop
  endfacet
  facet normal -0.7518513645090349 -0.6593326365999959 0
    outer loop
      vertex 59.48136901855469 52.431373596191406 3.200000762939453
      vertex 59.619361877441406 52.274017333984375 0
      vertex 59.619361877441406 52.274017333984375 3.200000762939453
    endloop
  endfacet
  facet normal 0.9807860633118268 -0.19508638602754713 0
    outer loop
      vertex 14.063687324523926 51.50884246826172 3.200000762939453
      vertex 14.104516983032227 51.714111328125 0
      vertex 14.104516983032227 51.714111328125 3.200000762939453
    endloop
  endfacet
  facet normal 0.9807860633118268 -0.19508638602754713 0
    outer loop
      vertex 14.104516983032227 51.714111328125 0
      vertex 14.063687324523926 51.50884246826172 3.200000762939453
      vertex 14.063687324523926 51.50884246826172 0
    endloop
  endfacet
  facet normal -0.8968814679453639 -0.4422709943645062 0
    outer loop
      vertex 59.82820510864258 51.91229248046875 0
      vertex 59.73564147949219 52.10000228881836 3.200000762939453
      vertex 59.73564147949219 52.10000228881836 0
    endloop
  endfacet
  facet normal -0.8968814679453639 -0.4422709943645062 0
    outer loop
      vertex 59.73564147949219 52.10000228881836 3.200000762939453
      vertex 59.82820510864258 51.91229248046875 0
      vertex 59.82820510864258 51.91229248046875 3.200000762939453
    endloop
  endfacet
  facet normal -0.4422928857990367 -0.8968706724893842 0
    outer loop
      vertex 58.9622917175293 52.7782096862793 0
      vertex 59.14999771118164 52.68564224243164 3.200000762939453
      vertex 58.9622917175293 52.7782096862793 3.200000762939453
    endloop
  endfacet
  facet normal -0.4422928857990367 -0.8968706724893842 0
    outer loop
      vertex 59.14999771118164 52.68564224243164 3.200000762939453
      vertex 58.9622917175293 52.7782096862793 0
      vertex 59.14999771118164 52.68564224243164 0
    endloop
  endfacet
  facet normal 0.6593416720183989 -0.7518434408438917 0
    outer loop
      vertex 14.518628120422363 52.431373596191406 0
      vertex 14.675980567932129 52.569366455078125 3.200000762939453
      vertex 14.518628120422363 52.431373596191406 3.200000762939453
    endloop
  endfacet
  facet normal 0.6593416720183989 -0.7518434408438917 0
    outer loop
      vertex 14.675980567932129 52.569366455078125 3.200000762939453
      vertex 14.518628120422363 52.431373596191406 0
      vertex 14.675980567932129 52.569366455078125 0
    endloop
  endfacet
  facet normal 0.4422910782504204 -0.8968715638819644 0
    outer loop
      vertex 14.849998474121094 52.68564224243164 0
      vertex 15.037705421447754 52.7782096862793 3.200000762939453
      vertex 14.849998474121094 52.68564224243164 3.200000762939453
    endloop
  endfacet
  facet normal 0.4422910782504204 -0.8968715638819644 0
    outer loop
      vertex 15.037705421447754 52.7782096862793 3.200000762939453
      vertex 14.849998474121094 52.68564224243164 0
      vertex 15.037705421447754 52.7782096862793 0
    endloop
  endfacet
  facet normal -0.8314609661630148 0.555583172663883 0
    outer loop
      vertex 59.619361877441406 21.725982666015625 0
      vertex 59.73564147949219 21.900001525878906 3.200000762939453
      vertex 59.73564147949219 21.900001525878906 0
    endloop
  endfacet
  facet normal -0.8314609661630148 0.555583172663883 0
    outer loop
      vertex 59.73564147949219 21.900001525878906 3.200000762939453
      vertex 59.619361877441406 21.725982666015625 0
      vertex 59.619361877441406 21.725982666015625 3.200000762939453
    endloop
  endfacet
  facet normal 0.3214395080645268 0.946930114979577 0
    outer loop
      vertex 15.235888481140137 21.15452003479004 0
      vertex 15.037705421447754 21.22179412841797 3.200000762939453
      vertex 15.235888481140137 21.15452003479004 3.200000762939453
    endloop
  endfacet
  facet normal 0.3214395080645268 0.946930114979577 0
    outer loop
      vertex 15.037705421447754 21.22179412841797 3.200000762939453
      vertex 15.235888481140137 21.15452003479004 0
      vertex 15.037705421447754 21.22179412841797 0
    endloop
  endfacet
  facet normal -0.8968779026482545 0.442278224358003 0
    outer loop
      vertex 59.73564147949219 21.900001525878906 0
      vertex 59.82820510864258 22.08770751953125 3.200000762939453
      vertex 59.82820510864258 22.08770751953125 0
    endloop
  endfacet
  facet normal -0.8968779026482545 0.442278224358003 0
    outer loop
      vertex 59.82820510864258 22.08770751953125 3.200000762939453
      vertex 59.73564147949219 21.900001525878906 0
      vertex 59.73564147949219 21.900001525878906 3.200000762939453
    endloop
  endfacet
  facet normal 0.1950916412018724 0.9807850179999488 0
    outer loop
      vertex 15.441156387329102 21.113689422607422 0
      vertex 15.235888481140137 21.15452003479004 3.200000762939453
      vertex 15.441156387329102 21.113689422607422 3.200000762939453
    endloop
  endfacet
  facet normal 0.1950916412018724 0.9807850179999488 0
    outer loop
      vertex 15.235888481140137 21.15452003479004 3.200000762939453
      vertex 15.441156387329102 21.113689422607422 0
      vertex 15.235888481140137 21.15452003479004 0
    endloop
  endfacet
  facet normal 0.7518389231060841 0.6593468235327169 0
    outer loop
      vertex 14.518628120422363 21.56863021850586 3.200000762939453
      vertex 14.380633354187012 21.725982666015625 0
      vertex 14.380633354187012 21.725982666015625 3.200000762939453
    endloop
  endfacet
  facet normal 0.7518389231060841 0.6593468235327169 0
    outer loop
      vertex 14.380633354187012 21.725982666015625 0
      vertex 14.518628120422363 21.56863021850586 3.200000762939453
      vertex 14.518628120422363 21.56863021850586 0
    endloop
  endfacet
  facet normal -0.9469263993155419 -0.3214504538483388 0
    outer loop
      vertex 59.89548110961914 51.714111328125 0
      vertex 59.82820510864258 51.91229248046875 3.200000762939453
      vertex 59.82820510864258 51.91229248046875 0
    endloop
  endfacet
  facet normal -0.9469263993155419 -0.3214504538483388 0
    outer loop
      vertex 59.82820510864258 51.91229248046875 3.200000762939453
      vertex 59.89548110961914 51.714111328125 0
      vertex 59.89548110961914 51.714111328125 3.200000762939453
    endloop
  endfacet
  facet normal -0.7518434408438917 0.6593416720183989 0
    outer loop
      vertex 59.48136901855469 21.56863021850586 0
      vertex 59.619361877441406 21.725982666015625 3.200000762939453
      vertex 59.619361877441406 21.725982666015625 0
    endloop
  endfacet
  facet normal -0.7518434408438917 0.6593416720183989 0
    outer loop
      vertex 59.619361877441406 21.725982666015625 3.200000762939453
      vertex 59.48136901855469 21.56863021850586 0
      vertex 59.48136901855469 21.56863021850586 3.200000762939453
    endloop
  endfacet
  facet normal 0.8968706724893842 0.4422928857990367 0
    outer loop
      vertex 14.264358520507812 21.900001525878906 3.200000762939453
      vertex 14.171791076660156 22.08770751953125 0
      vertex 14.171791076660156 22.08770751953125 3.200000762939453
    endloop
  endfacet
  facet normal 0.8968706724893842 0.4422928857990367 0
    outer loop
      vertex 14.171791076660156 22.08770751953125 0
      vertex 14.264358520507812 21.900001525878906 3.200000762939453
      vertex 14.264358520507812 21.900001525878906 0
    endloop
  endfacet
  facet normal 0.7518445809268814 0.659340371986186 0
    outer loop
      vertex 111.17341613769531 72.43504333496094 50
      vertex 110.82843017578125 72.82843017578125 0
      vertex 110.82843017578125 72.82843017578125 50
    endloop
  endfacet
  facet normal 0.7518445809268814 0.659340371986186 0
    outer loop
      vertex 110.82843017578125 72.82843017578125 0
      vertex 111.17341613769531 72.43504333496094 50
      vertex 111.17341613769531 72.43504333496094 0
    endloop
  endfacet
  facet normal 0.8968749907573645 0.4422841292133118 0
    outer loop
      vertex 111.69551849365234 71.53073120117188 50
      vertex 111.46410369873047 72 0
      vertex 111.46410369873047 72 50
    endloop
  endfacet
  facet normal 0.8968749907573645 0.4422841292133118 0
    outer loop
      vertex 111.46410369873047 72 0
      vertex 111.69551849365234 71.53073120117188 50
      vertex 111.69551849365234 71.53073120117188 0
    endloop
  endfacet
  facet normal 0.659340371986186 0.7518445809268814 0
    outer loop
      vertex 110.82843017578125 72.82843017578125 0
      vertex 110.43504333496094 73.17341613769531 50
      vertex 110.82843017578125 72.82843017578125 50
    endloop
  endfacet
  facet normal 0.659340371986186 0.7518445809268814 0
    outer loop
      vertex 110.43504333496094 73.17341613769531 50
      vertex 110.82843017578125 72.82843017578125 0
      vertex 110.43504333496094 73.17341613769531 0
    endloop
  endfacet
  facet normal 0.8314688194409101 0.5555714196190613 0
    outer loop
      vertex 111.46410369873047 72 50
      vertex 111.17341613769531 72.43504333496094 0
      vertex 111.17341613769531 72.43504333496094 50
    endloop
  endfacet
  facet normal 0.8314688194409101 0.5555714196190613 0
    outer loop
      vertex 111.17341613769531 72.43504333496094 0
      vertex 111.46410369873047 72 50
      vertex 111.46410369873047 72 0
    endloop
  endfacet
  facet normal -0.3214395080645268 -0.946930114979577 0
    outer loop
      vertex 2.469265937805176 0.30448246002197266 0
      vertex 2.964723587036133 0.13629722595214844 50
      vertex 2.469265937805176 0.30448246002197266 50
    endloop
  endfacet
  facet normal -0.3214395080645268 -0.946930114979577 0
    outer loop
      vertex 2.964723587036133 0.13629722595214844 50
      vertex 2.469265937805176 0.30448246002197266 0
      vertex 2.964723587036133 0.13629722595214844 0
    endloop
  endfacet
  facet normal -0.3214346049760041 0.9469317793399481 0
    outer loop
      vertex 2.964723587036133 73.86370086669922 0
      vertex 2.469265937805176 73.69551849365234 50
      vertex 2.964723587036133 73.86370086669922 50
    endloop
  endfacet
  facet normal -0.3214346049760041 0.9469317793399481 0
    outer loop
      vertex 2.469265937805176 73.69551849365234 50
      vertex 2.964723587036133 73.86370086669922 0
      vertex 2.469265937805176 73.69551849365234 0
    endloop
  endfacet
  facet normal 0.0654036985147275 -0.9978588859255574 0
    outer loop
      vertex 108 0 0
      vertex 108.52210235595703 0.03422069549560547 50
      vertex 108 0 50
    endloop
  endfacet
  facet normal 0.0654036985147275 -0.9978588859255574 0
    outer loop
      vertex 108.52210235595703 0.03422069549560547 50
      vertex 108 0 0
      vertex 108.52210235595703 0.03422069549560547 0
    endloop
  endfacet
  facet normal -0.946930114979577 -0.3214395080645268 0
    outer loop
      vertex 0.30448150634765625 2.469266891479492 0
      vertex 0.13629627227783203 2.964724540710449 50
      vertex 0.13629627227783203 2.964724540710449 0
    endloop
  endfacet
  facet normal -0.946930114979577 -0.3214395080645268 0
    outer loop
      vertex 0.13629627227783203 2.964724540710449 50
      vertex 0.30448150634765625 2.469266891479492 0
      vertex 0.30448150634765625 2.469266891479492 50
    endloop
  endfacet
  facet normal 0.5555714196190613 0.8314688194409101 0
    outer loop
      vertex 110.43504333496094 73.17341613769531 0
      vertex 110 73.46410369873047 50
      vertex 110.43504333496094 73.17341613769531 50
    endloop
  endfacet
  facet normal 0.5555714196190613 0.8314688194409101 0
    outer loop
      vertex 110 73.46410369873047 50
      vertex 110.43504333496094 73.17341613769531 0
      vertex 110 73.46410369873047 0
    endloop
  endfacet
  facet normal 0.4422870614774873 -0.8968735447372775 0
    outer loop
      vertex 109.53073120117188 0.30448246002197266 0
      vertex 110 0.5358991622924805 50
      vertex 109.53073120117188 0.30448246002197266 50
    endloop
  endfacet
  facet normal 0.4422870614774873 -0.8968735447372775 0
    outer loop
      vertex 110 0.5358991622924805 50
      vertex 109.53073120117188 0.30448246002197266 0
      vertex 110 0.5358991622924805 0
    endloop
  endfacet
  facet normal 0.751839826652126 -0.6593457932372825 0
    outer loop
      vertex 110.82843017578125 1.1715736389160156 50
      vertex 111.17341613769531 1.5649547576904297 0
      vertex 111.17341613769531 1.5649547576904297 50
    endloop
  endfacet
  facet normal 0.751839826652126 -0.6593457932372825 0
    outer loop
      vertex 111.17341613769531 1.5649547576904297 0
      vertex 110.82843017578125 1.1715736389160156 50
      vertex 110.82843017578125 1.1715736389160156 0
    endloop
  endfacet
  facet normal -1 0 0
    outer loop
      vertex 0 70 0
      vertex 0 45.5 34
      vertex 0 70 50
    endloop
  endfacet
  facet normal -1 0 0
    outer loop
      vertex 0 70 0
      vertex 0 28.5 34
      vertex 0 45.5 34
    endloop
  endfacet
  facet normal -1 0 0
    outer loop
      vertex 0 4 50
      vertex 0 28.5 34
      vertex 0 4 0
    endloop
  endfacet
  facet normal -1 0 0
    outer loop
      vertex 0 4 0
      vertex 0 28.5 34
      vertex 0 70 0
    endloop
  endfacet
  facet normal -1 0 0
    outer loop
      vertex 0 45.5 48
      vertex 0 70 50
      vertex 0 45.5 34
    endloop
  endfacet
  facet normal -1 0 0
    outer loop
      vertex 0 28.5 48
      vertex 0 70 50
      vertex 0 45.5 48
    endloop
  endfacet
  facet normal -1 0 0
    outer loop
      vertex 0 28.5 48
      vertex 0 4 50
      vertex 0 70 50
    endloop
  endfacet
  facet normal -1 0 0
    outer loop
      vertex 0 28.5 34
      vertex 0 4 50
      vertex 0 28.5 48
    endloop
  endfacet
  facet normal 0.6593414022861793 -0.7518436773899843 0
    outer loop
      vertex 110.43504333496094 0.8265867233276367 0
      vertex 110.82843017578125 1.1715736389160156 50
      vertex 110.43504333496094 0.8265867233276367 50
    endloop
  endfacet
  facet normal 0.6593414022861793 -0.7518436773899843 0
    outer loop
      vertex 110.82843017578125 1.1715736389160156 50
      vertex 110.43504333496094 0.8265867233276367 0
      vertex 110.82843017578125 1.1715736389160156 0
    endloop
  endfacet
  facet normal -0.8968735447372775 0.4422870614774873 0
    outer loop
      vertex 0.30448150634765625 71.53073120117188 0
      vertex 0.5358982086181641 72 50
      vertex 0.5358982086181641 72 0
    endloop
  endfacet
  facet normal -0.8968735447372775 0.4422870614774873 0
    outer loop
      vertex 0.5358982086181641 72 50
      vertex 0.30448150634765625 71.53073120117188 0
      vertex 0.30448150634765625 71.53073120117188 50
    endloop
  endfacet
  facet normal 0.06539825382283507 0.9978592427777196 0
    outer loop
      vertex 108.52210235595703 73.96578216552734 0
      vertex 108 74 50
      vertex 108.52210235595703 73.96578216552734 50
    endloop
  endfacet
  facet normal 0.06539825382283507 0.9978592427777196 0
    outer loop
      vertex 108 74 50
      vertex 108.52210235595703 73.96578216552734 0
      vertex 108 74 0
    endloop
  endfacet
  facet normal 1 0 0
    outer loop
      vertex 112 4 50
      vertex 112 70 0
      vertex 112 70 50
    endloop
  endfacet
  facet normal 1 0 0
    outer loop
      vertex 112 70 0
      vertex 112 4 50
      vertex 112 4 0
    endloop
  endfacet
  facet normal -0.19509111806485527 -0.9807851220589578 0
    outer loop
      vertex 2.964723587036133 0.13629722595214844 0
      vertex 3.4778947830200195 0.03422069549560547 50
      vertex 2.964723587036133 0.13629722595214844 50
    endloop
  endfacet
  facet normal -0.19509111806485527 -0.9807851220589578 0
    outer loop
      vertex 3.4778947830200195 0.03422069549560547 50
      vertex 2.964723587036133 0.13629722595214844 0
      vertex 3.4778947830200195 0.03422069549560547 0
    endloop
  endfacet
  facet normal -0.9469291733380278 0.32144228203731884 0
    outer loop
      vertex 0.13629627227783203 71.0352783203125 0
      vertex 0.30448150634765625 71.53073120117188 50
      vertex 0.30448150634765625 71.53073120117188 0
    endloop
  endfacet
  facet normal -0.9469291733380278 0.32144228203731884 0
    outer loop
      vertex 0.30448150634765625 71.53073120117188 50
      vertex 0.13629627227783203 71.0352783203125 0
      vertex 0.13629627227783203 71.0352783203125 50
    endloop
  endfacet
  facet normal -0.8314688194409101 0.5555714196190613 0
    outer loop
      vertex 0.5358982086181641 72 0
      vertex 0.8265857696533203 72.43504333496094 50
      vertex 0.8265857696533203 72.43504333496094 0
    endloop
  endfacet
  facet normal -0.8314688194409101 0.5555714196190613 0
    outer loop
      vertex 0.8265857696533203 72.43504333496094 50
      vertex 0.5358982086181641 72 0
      vertex 0.5358982086181641 72 50
    endloop
  endfacet
  facet normal 0 1 0
    outer loop
      vertex 108 74 0
      vertex 4 74 50
      vertex 108 74 50
    endloop
  endfacet
  facet normal 0 1 0
    outer loop
      vertex 4 74 50
      vertex 108 74 0
      vertex 4 74 0
    endloop
  endfacet
  facet normal -0.5555688937018075 0.8314705072045249 0
    outer loop
      vertex 2 73.46410369873047 0
      vertex 1.5649538040161133 73.17341613769531 50
      vertex 2 73.46410369873047 50
    endloop
  endfacet
  facet normal -0.5555688937018075 0.8314705072045249 0
    outer loop
      vertex 1.5649538040161133 73.17341613769531 50
      vertex 2 73.46410369873047 0
      vertex 1.5649538040161133 73.17341613769531 0
    endloop
  endfacet
  facet normal 0 -1 0
    outer loop
      vertex 4 0 0
      vertex 108 0 50
      vertex 4 0 50
    endloop
  endfacet
  facet normal 0 -1 0
    outer loop
      vertex 108 0 50
      vertex 4 0 0
      vertex 108 0 0
    endloop
  endfacet
  facet normal -0.7518389231060841 -0.6593468235327169 0
    outer loop
      vertex 1.1715726852416992 1.1715736389160156 0
      vertex 0.8265857696533203 1.5649547576904297 50
      vertex 0.8265857696533203 1.5649547576904297 0
    endloop
  endfacet
  facet normal -0.7518389231060841 -0.6593468235327169 0
    outer loop
      vertex 0.8265857696533203 1.5649547576904297 50
      vertex 1.1715726852416992 1.1715736389160156 0
      vertex 1.1715726852416992 1.1715736389160156 50
    endloop
  endfacet
  facet normal -0.44228923052065444 -0.896872475085197 0
    outer loop
      vertex 2 0.5358991622924805 0
      vertex 2.469265937805176 0.30448246002197266 50
      vertex 2 0.5358991622924805 50
    endloop
  endfacet
  facet normal -0.44228923052065444 -0.896872475085197 0
    outer loop
      vertex 2.469265937805176 0.30448246002197266 50
      vertex 2 0.5358991622924805 0
      vertex 2.469265937805176 0.30448246002197266 0
    endloop
  endfacet
  facet normal 0.8314699446192111 -0.5555697356722431 0
    outer loop
      vertex 111.17341613769531 1.5649547576904297 50
      vertex 111.46410369873047 2 0
      vertex 111.46410369873047 2 50
    endloop
  endfacet
  facet normal 0.8314699446192111 -0.5555697356722431 0
    outer loop
      vertex 111.46410369873047 2 0
      vertex 111.17341613769531 1.5649547576904297 50
      vertex 111.17341613769531 1.5649547576904297 0
    endloop
  endfacet
  facet normal 0.4422841292133118 0.8968749907573645 0
    outer loop
      vertex 110 73.46410369873047 0
      vertex 109.53073120117188 73.69551849365234 50
      vertex 110 73.46410369873047 50
    endloop
  endfacet
  facet normal 0.4422841292133118 0.8968749907573645 0
    outer loop
      vertex 109.53073120117188 73.69551849365234 50
      vertex 110 73.46410369873047 0
      vertex 109.53073120117188 73.69551849365234 0
    endloop
  endfacet
  facet normal -0.8314699446192111 -0.5555697356722431 0
    outer loop
      vertex 0.8265857696533203 1.5649547576904297 0
      vertex 0.5358982086181641 2 50
      vertex 0.5358982086181641 2 0
    endloop
  endfacet
  facet normal -0.8314699446192111 -0.5555697356722431 0
    outer loop
      vertex 0.5358982086181641 2 50
      vertex 0.8265857696533203 1.5649547576904297 0
      vertex 0.8265857696533203 1.5649547576904297 50
    endloop
  endfacet
  facet normal 0 0 1
    outer loop
      vertex 7.75 6.5 50
      vertex 11.5 6.5 50
      vertex 11.457223892211914 7.152631759643555 50
    endloop
  endfacet
  facet normal 0 0 1
    outer loop
      vertex 7.73930549621582 6.663158416748047 50
      vertex 11.457223892211914 7.152631759643555 50
      vertex 11.329628944396973 7.794095993041992 50
    endloop
  endfacet
  facet normal 0 0 1
    outer loop
      vertex 11.5 6.5 50
      vertex 7.75 6.5 50
      vertex 11.457223892211914 5.847369194030762 50
    endloop
  endfacet
  facet normal 0 0 1
    outer loop
      vertex 7.73930549621582 6.663158416748047 50
      vertex 11.329628944396973 7.794095993041992 50
      vertex 11.119397163391113 8.41341781616211 50
    endloop
  endfacet
  facet normal 0 0 1
    outer loop
      vertex 7.73930549621582 6.3368425369262695 50
      vertex 11.457223892211914 5.847369194030762 50
      vertex 7.75 6.5 50
    endloop
  endfacet
  facet normal 0 0 1
    outer loop
      vertex 7.73930549621582 6.663158416748047 50
      vertex 11.119397163391113 8.41341781616211 50
      vertex 10.830126762390137 9 50
    endloop
  endfacet
  facet normal 0 0 1
    outer loop
      vertex 11.457223892211914 5.847369194030762 50
      vertex 7.73930549621582 6.3368425369262695 50
      vertex 11.329628944396973 5.205904960632324 50
    endloop
  endfacet
  facet normal 0 0 1
    outer loop
      vertex 7.73930549621582 6.663158416748047 50
      vertex 10.830126762390137 9 50
      vertex 10.466766357421875 9.543807983398438 50
    endloop
  endfacet
  facet normal 0 0 1
    outer loop
      vertex 7.707406997680664 6.17647647857666 50
      vertex 11.329628944396973 5.205904960632324 50
      vertex 7.73930549621582 6.3368425369262695 50
    endloop
  endfacet
  facet normal 0 0 1
    outer loop
      vertex 7.73930549621582 6.663158416748047 50
      vertex 10.466766357421875 9.543807983398438 50
      vertex 10.035533905029297 10.035534858703613 50
    endloop
  endfacet
  facet normal 0 0 1
    outer loop
      vertex 11.329628944396973 5.205904960632324 50
      vertex 7.707406997680664 6.17647647857666 50
      vertex 11.119397163391113 4.586583137512207 50
    endloop
  endfacet
  facet normal 0 0 1
    outer loop
      vertex 7.73930549621582 6.663158416748047 50
      vertex 10.035533905029297 10.035534858703613 50
      vertex 9.543807029724121 10.466767311096191 50
    endloop
  endfacet
  facet normal 0 0 1
    outer loop
      vertex 7.654849052429199 6.021646499633789 50
      vertex 11.119397163391113 4.586583137512207 50
      vertex 7.707406997680664 6.17647647857666 50
    endloop
  endfacet
  facet normal 0 0 1
    outer loop
      vertex 11.119397163391113 4.586583137512207 50
      vertex 7.654849052429199 6.021646499633789 50
      vertex 10.830126762390137 4 50
    endloop
  endfacet
  facet normal 0 0 1
    outer loop
      vertex 7.73930549621582 6.663158416748047 50
      vertex 9.543807029724121 10.466767311096191 50
      vertex 9 10.830127716064453 50
    endloop
  endfacet
  facet normal 0 0 1
    outer loop
      vertex 100.88059997558594 8.41341781616211 50
      vertex 104.34515380859375 6.978354454040527 50
      vertex 101.16987609863281 9 50
    endloop
  endfacet
  facet normal 0 0 1
    outer loop
      vertex 104.34515380859375 6.978354454040527 50
      vertex 100.88059997558594 8.41341781616211 50
      vertex 104.29259490966797 6.823524475097656 50
    endloop
  endfacet
  facet normal 0 0 1
    outer loop
      vertex 100.67037200927734 7.794095993041992 50
      vertex 104.29259490966797 6.823524475097656 50
      vertex 100.88059997558594 8.41341781616211 50
    endloop
  endfacet
  facet normal 0 0 1
    outer loop
      vertex 104.25 6.5 50
      vertex 102.45619201660156 2.533233642578125 50
      vertex 102.65558624267578 2.40000057220459 50
    endloop
  endfacet
  facet normal 0 0 1
    outer loop
      vertex 101.96446228027344 2.964466094970703 50
      vertex 104.25 6.5 50
      vertex 101.53323364257812 3.456192970275879 50
    endloop
  endfacet
  facet normal 0 0 1
    outer loop
      vertex 102.45619201660156 2.533233642578125 50
      vertex 104.25 6.5 50
      vertex 101.96446228027344 2.964466094970703 50
    endloop
  endfacet
  facet normal 0 0 1
    outer loop
      vertex 104.29259490966797 6.823524475097656 50
      vertex 100.67037200927734 7.794095993041992 50
      vertex 104.26069641113281 6.663158416748047 50
    endloop
  endfacet
  facet normal 0 0 1
    outer loop
      vertex 104.25 6.5 50
      vertex 101.16987609863281 4 50
      vertex 101.53323364257812 3.456192970275879 50
    endloop
  endfacet
  facet normal 0 0 1
    outer loop
      vertex 100.54277801513672 7.152631759643555 50
      vertex 104.26069641113281 6.663158416748047 50
      vertex 100.67037200927734 7.794095993041992 50
    endloop
  endfacet
  facet normal 0 0 1
    outer loop
      vertex 104.25 6.5 50
      vertex 100.88059997558594 4.586583137512207 50
      vertex 101.16987609863281 4 50
    endloop
  endfacet
  facet normal 0 0 1
    outer loop
      vertex 104.26069641113281 6.663158416748047 50
      vertex 100.54277801513672 7.152631759643555 50
      vertex 104.25 6.5 50
    endloop
  endfacet
  facet normal 0 0 1
    outer loop
      vertex 104.25 6.5 50
      vertex 100.67037200927734 5.205904960632324 50
      vertex 100.88059997558594 4.586583137512207 50
    endloop
  endfacet
  facet normal 0 0 1
    outer loop
      vertex 100.5 6.5 50
      vertex 104.25 6.5 50
      vertex 100.54277801513672 7.152631759643555 50
    endloop
  endfacet
  facet normal 0 0 1
    outer loop
      vertex 104.25 6.5 50
      vertex 100.54277801513672 5.847369194030762 50
      vertex 100.67037200927734 5.205904960632324 50
    endloop
  endfacet
  facet normal 0 0 1
    outer loop
      vertex 104.25 6.5 50
      vertex 100.5 6.5 50
      vertex 100.54277801513672 5.847369194030762 50
    endloop
  endfacet
  facet normal 0 0 1
    outer loop
      vertex 100.88059997558594 69.41342163085938 50
      vertex 104.34515380859375 67.97835540771484 50
      vertex 101.16987609863281 70 50
    endloop
  endfacet
  facet normal 0 0 1
    outer loop
      vertex 104.25 67.5 50
      vertex 102.45619201660156 63.533233642578125 50
      vertex 103 63.16987228393555 50
    endloop
  endfacet
  facet normal 0 0 1
    outer loop
      vertex 104.34515380859375 67.97835540771484 50
      vertex 100.88059997558594 69.41342163085938 50
      vertex 104.29259490966797 67.82352447509766 50
    endloop
  endfacet
  facet normal 0 0 1
    outer loop
      vertex 104.25 67.5 50
      vertex 101.96446228027344 63.9644660949707 50
      vertex 102.45619201660156 63.533233642578125 50
    endloop
  endfacet
  facet normal 0 0 1
    outer loop
      vertex 100.67037200927734 68.79409790039062 50
      vertex 104.29259490966797 67.82352447509766 50
      vertex 100.88059997558594 69.41342163085938 50
    endloop
  endfacet
  facet normal 0 0 1
    outer loop
      vertex 104.25 67.5 50
      vertex 101.53323364257812 64.45619201660156 50
      vertex 101.96446228027344 63.9644660949707 50
    endloop
  endfacet
  facet normal 0 0 1
    outer loop
      vertex 104.29259490966797 67.82352447509766 50
      vertex 100.67037200927734 68.79409790039062 50
      vertex 104.26069641113281 67.66316223144531 50
    endloop
  endfacet
  facet normal 0 0 1
    outer loop
      vertex 104.25 67.5 50
      vertex 101.16987609863281 65 50
      vertex 101.53323364257812 64.45619201660156 50
    endloop
  endfacet
  facet normal 0 0 1
    outer loop
      vertex 100.54277801513672 68.15263366699219 50
      vertex 104.26069641113281 67.66316223144531 50
      vertex 100.67037200927734 68.79409790039062 50
    endloop
  endfacet
  facet normal 0 0 1
    outer loop
      vertex 104.25 67.5 50
      vertex 100.88059997558594 65.58658599853516 50
      vertex 101.16987609863281 65 50
    endloop
  endfacet
  facet normal 0 0 1
    outer loop
      vertex 104.26069641113281 67.66316223144531 50
      vertex 100.54277801513672 68.15263366699219 50
      vertex 104.25 67.5 50
    endloop
  endfacet
  facet normal 0 0 1
    outer loop
      vertex 104.25 67.5 50
      vertex 100.67037200927734 66.20590209960938 50
      vertex 100.88059997558594 65.58658599853516 50
    endloop
  endfacet
  facet normal 0 0 1
    outer loop
      vertex 100.5 67.5 50
      vertex 104.25 67.5 50
      vertex 100.54277801513672 68.15263366699219 50
    endloop
  endfacet
  facet normal 0 0 1
    outer loop
      vertex 104.25 67.5 50
      vertex 100.54277801513672 66.84736633300781 50
      vertex 100.67037200927734 66.20590209960938 50
    endloop
  endfacet
  facet normal 0 0 1
    outer loop
      vertex 104.25 67.5 50
      vertex 100.5 67.5 50
      vertex 100.54277801513672 66.84736633300781 50
    endloop
  endfacet
  facet normal 0 0 1
    outer loop
      vertex 7.75 67.5 50
      vertex 11.5 67.5 50
      vertex 11.457223892211914 68.15263366699219 50
    endloop
  endfacet
  facet normal 0 0 1
    outer loop
      vertex 7.73930549621582 67.66316223144531 50
      vertex 11.457223892211914 68.15263366699219 50
      vertex 11.329628944396973 68.79409790039062 50
    endloop
  endfacet
  facet normal 0 0 1
    outer loop
      vertex 11.5 67.5 50
      vertex 7.75 67.5 50
      vertex 11.457223892211914 66.84736633300781 50
    endloop
  endfacet
  facet normal 0 0 1
    outer loop
      vertex 7.707406997680664 67.82352447509766 50
      vertex 11.329628944396973 68.79409790039062 50
      vertex 11.119397163391113 69.41342163085938 50
    endloop
  endfacet
  facet normal 0 0 1
    outer loop
      vertex 7.73930549621582 67.33684539794922 50
      vertex 11.457223892211914 66.84736633300781 50
      vertex 7.75 67.5 50
    endloop
  endfacet
  facet normal 0 0 1
    outer loop
      vertex 7.654849052429199 67.97835540771484 50
      vertex 11.119397163391113 69.41342163085938 50
      vertex 10.830126762390137 70 50
    endloop
  endfacet
  facet normal 0 0 1
    outer loop
      vertex 11.457223892211914 66.84736633300781 50
      vertex 7.73930549621582 67.33684539794922 50
      vertex 11.329628944396973 66.20590209960938 50
    endloop
  endfacet
  facet normal 0 0 1
    outer loop
      vertex 7.582530975341797 68.125 50
      vertex 10.830126762390137 70 50
      vertex 10.466766357421875 70.54380798339844 50
    endloop
  endfacet
  facet normal 0 0 1
    outer loop
      vertex 7.707406997680664 67.17647552490234 50
      vertex 11.329628944396973 66.20590209960938 50
      vertex 7.73930549621582 67.33684539794922 50
    endloop
  endfacet
  facet normal 0 0 1
    outer loop
      vertex 7.491691589355469 68.26095581054688 50
      vertex 10.466766357421875 70.54380798339844 50
      vertex 10.035533905029297 71.03553771972656 50
    endloop
  endfacet
  facet normal 0 0 1
    outer loop
      vertex 11.329628944396973 66.20590209960938 50
      vertex 7.707406997680664 67.17647552490234 50
      vertex 11.119397163391113 65.58658599853516 50
    endloop
  endfacet
  facet normal 0 0 1
    outer loop
      vertex 7.383883476257324 68.38388061523438 50
      vertex 10.035533905029297 71.03553771972656 50
      vertex 9.543807029724121 71.46676635742188 50
    endloop
  endfacet
  facet normal 0 0 1
    outer loop
      vertex 7.654849052429199 67.02164459228516 50
      vertex 11.119397163391113 65.58658599853516 50
      vertex 7.707406997680664 67.17647552490234 50
    endloop
  endfacet
  facet normal 0 0 1
    outer loop
      vertex 7.260951042175293 68.49169158935547 50
      vertex 9.543807029724121 71.46676635742188 50
      vertex 9.344409942626953 71.5999984741211 50
    endloop
  endfacet
  facet normal 0 0 1
    outer loop
      vertex 11.119397163391113 65.58658599853516 50
      vertex 7.654849052429199 67.02164459228516 50
      vertex 10.830126762390137 65 50
    endloop
  endfacet
  facet normal 0 0 1
    outer loop
      vertex 5.345149993896484 67.97835540771484 50
      vertex 2.462722063064575 70.43827819824219 50
      vertex 5.2925920486450195 67.82352447509766 50
    endloop
  endfacet
  facet normal 0 0 1
    outer loop
      vertex 5.25 67.5 50
      vertex 3.4561920166015625 63.533233642578125 50
      vertex 4 63.16987228393555 50
    endloop
  endfacet
  facet normal 0 0 1
    outer loop
      vertex 5.2925920486450195 67.82352447509766 50
      vertex 2.462722063064575 70.43827819824219 50
      vertex 5.260693550109863 67.66316223144531 50
    endloop
  endfacet
  facet normal 0 0 1
    outer loop
      vertex 5.25 67.5 50
      vertex 2.9644651412963867 63.9644660949707 50
      vertex 3.4561920166015625 63.533233642578125 50
    endloop
  endfacet
  facet normal 0 0 1
    outer loop
      vertex 5.260693550109863 67.66316223144531 50
      vertex 2.462722063064575 70.43827819824219 50
      vertex 5.25 67.5 50
    endloop
  endfacet
  facet normal 0 0 1
    outer loop
      vertex 2.3999996185302734 64.65559387207031 50
      vertex 5.25 67.5 50
      vertex 2.462722063064575 70.43827819824219 50
    endloop
  endfacet
  facet normal 0 0 1
    outer loop
      vertex 2.5332326889038086 64.45619201660156 50
      vertex 5.25 67.5 50
      vertex 2.3999996185302734 64.65559387207031 50
    endloop
  endfacet
  facet normal 0 0 1
    outer loop
      vertex 5.25 67.5 50
      vertex 2.5332326889038086 64.45619201660156 50
      vertex 2.9644651412963867 63.9644660949707 50
    endloop
  endfacet
  facet normal 0 0 1
    outer loop
      vertex 3.561716079711914 2.4627249240875244 50
      vertex 3.4778947830200195 0.03422069549560547 50
      vertex 4 0 50
    endloop
  endfacet
  facet normal 0 0 1
    outer loop
      vertex 2.469265937805176 0.30448246002197266 50
      vertex 3.561716079711914 2.4627249240875244 50
      vertex 3.3877058029174805 2.5217933654785156 50
    endloop
  endfacet
  facet normal 0 0 1
    outer loop
      vertex 2.469265937805176 0.30448246002197266 50
      vertex 3.3877058029174805 2.5217933654785156 50
      vertex 3.1999988555908203 2.6143598556518555 50
    endloop
  endfacet
  facet normal 0 0 1
    outer loop
      vertex 2 0.5358991622924805 50
      vertex 3.1999988555908203 2.6143598556518555 50
      vertex 3.0259809494018555 2.730635643005371 50
    endloop
  endfacet
  facet normal 0 0 1
    outer loop
      vertex 3.561716079711914 2.4627249240875244 50
      vertex 2.964723587036133 0.13629722595214844 50
      vertex 3.4778947830200195 0.03422069549560547 50
    endloop
  endfacet
  facet normal 0 0 1
    outer loop
      vertex 1.5649538040161133 0.8265867233276367 50
      vertex 3.0259809494018555 2.730635643005371 50
      vertex 2.86862850189209 2.8686304092407227 50
    endloop
  endfacet
  facet normal 0 0 1
    outer loop
      vertex 1.1715726852416992 1.1715736389160156 50
      vertex 2.86862850189209 2.8686304092407227 50
      vertex 2.7306337356567383 3.0259828567504883 50
    endloop
  endfacet
  facet normal 0 0 1
    outer loop
      vertex 0.8265857696533203 1.5649547576904297 50
      vertex 2.7306337356567383 3.0259828567504883 50
      vertex 2.614358901977539 3.200000762939453 50
    endloop
  endfacet
  facet normal 0 0 1
    outer loop
      vertex 0.5358982086181641 2 50
      vertex 2.614358901977539 3.200000762939453 50
      vertex 2.521791458129883 3.3877077102661133 50
    endloop
  endfacet
  facet normal 0 0 1
    outer loop
      vertex 3.561716079711914 2.4627249240875244 50
      vertex 2.469265937805176 0.30448246002197266 50
      vertex 2.964723587036133 0.13629722595214844 50
    endloop
  endfacet
  facet normal 0 0 1
    outer loop
      vertex 0.30448150634765625 2.469266891479492 50
      vertex 2.521791458129883 3.3877077102661133 50
      vertex 2.4627227783203125 3.561718463897705 50
    endloop
  endfacet
  facet normal 0 0 1
    outer loop
      vertex 0 4 50
      vertex 2.4627227783203125 3.561718463897705 50
      vertex 2.3999996185302734 9.344409942626953 50
    endloop
  endfacet
  facet normal 0 0 1
    outer loop
      vertex 0.03421974182128906 3.477895736694336 50
      vertex 2.4627227783203125 3.561718463897705 50
      vertex 0 4 50
    endloop
  endfacet
  facet normal 0 0 1
    outer loop
      vertex 2.3999996185302734 64.65559387207031 50
      vertex 0 70 50
      vertex 2.3999996185302734 9.344409942626953 50
    endloop
  endfacet
  facet normal 0 0 1
    outer loop
      vertex 0 70 50
      vertex 2 73.46410369873047 50
      vertex 1.5649538040161133 73.17341613769531 50
    endloop
  endfacet
  facet normal 0 0 1
    outer loop
      vertex 0 4 50
      vertex 2.3999996185302734 9.344409942626953 50
      vertex 0 70 50
    endloop
  endfacet
  facet normal 0 0 1
    outer loop
      vertex 0 70 50
      vertex 1.5649538040161133 73.17341613769531 50
      vertex 1.1715726852416992 72.82843017578125 50
    endloop
  endfacet
  facet normal 0 0 1
    outer loop
      vertex 3.1999988555908203 2.6143598556518555 50
      vertex 2 0.5358991622924805 50
      vertex 2.469265937805176 0.30448246002197266 50
    endloop
  endfacet
  facet normal 0 0 1
    outer loop
      vertex 0 70 50
      vertex 1.1715726852416992 72.82843017578125 50
      vertex 0.8265857696533203 72.43504333496094 50
    endloop
  endfacet
  facet normal 0 0 1
    outer loop
      vertex 3.0259809494018555 2.730635643005371 50
      vertex 1.5649538040161133 0.8265867233276367 50
      vertex 2 0.5358991622924805 50
    endloop
  endfacet
  facet normal 0 0 1
    outer loop
      vertex 0 70 50
      vertex 0.8265857696533203 72.43504333496094 50
      vertex 0.5358982086181641 72 50
    endloop
  endfacet
  facet normal 0 0 1
    outer loop
      vertex 2.86862850189209 2.8686304092407227 50
      vertex 1.1715726852416992 1.1715736389160156 50
      vertex 1.5649538040161133 0.8265867233276367 50
    endloop
  endfacet
  facet normal 0 0 1
    outer loop
      vertex 0 70 50
      vertex 0.5358982086181641 72 50
      vertex 0.30448150634765625 71.53073120117188 50
    endloop
  endfacet
  facet normal 0 0 1
    outer loop
      vertex 2.7306337356567383 3.0259828567504883 50
      vertex 0.8265857696533203 1.5649547576904297 50
      vertex 1.1715726852416992 1.1715736389160156 50
    endloop
  endfacet
  facet normal 0 0 1
    outer loop
      vertex 0 70 50
      vertex 0.30448150634765625 71.53073120117188 50
      vertex 0.13629627227783203 71.0352783203125 50
    endloop
  endfacet
  facet normal 0 0 1
    outer loop
      vertex 2.614358901977539 3.200000762939453 50
      vertex 0.5358982086181641 2 50
      vertex 0.8265857696533203 1.5649547576904297 50
    endloop
  endfacet
  facet normal 0 0 1
    outer loop
      vertex 0 70 50
      vertex 0.13629627227783203 71.0352783203125 50
      vertex 0.03421974182128906 70.52210235595703 50
    endloop
  endfacet
  facet normal 0 0 1
    outer loop
      vertex 2.521791458129883 3.3877077102661133 50
      vertex 0.30448150634765625 2.469266891479492 50
      vertex 0.5358982086181641 2 50
    endloop
  endfacet
  facet normal 0 0 1
    outer loop
      vertex 2.4627227783203125 3.561718463897705 50
      vertex 0.13629627227783203 2.964724540710449 50
      vertex 0.30448150634765625 2.469266891479492 50
    endloop
  endfacet
  facet normal 0 0 1
    outer loop
      vertex 2.4627227783203125 3.561718463897705 50
      vertex 0.03421974182128906 3.477895736694336 50
      vertex 0.13629627227783203 2.964724540710449 50
    endloop
  endfacet
  facet normal 0 0 1
    outer loop
      vertex 11.457223892211914 7.152631759643555 50
      vertex 7.73930549621582 6.663158416748047 50
      vertex 7.75 6.5 50
    endloop
  endfacet
  facet normal 0 0 1
    outer loop
      vertex 8.413416862487793 11.11939811706543 50
      vertex 7.707406997680664 6.823524475097656 50
      vertex 7.73930549621582 6.663158416748047 50
    endloop
  endfacet
  facet normal 0 0 1
    outer loop
      vertex 8.413416862487793 11.11939811706543 50
      vertex 7.654849052429199 6.978354454040527 50
      vertex 7.707406997680664 6.823524475097656 50
    endloop
  endfacet
  facet normal 0 0 1
    outer loop
      vertex 8.413416862487793 11.11939811706543 50
      vertex 7.582530975341797 7.125 50
      vertex 7.654849052429199 6.978354454040527 50
    endloop
  endfacet
  facet normal 0 0 1
    outer loop
      vertex 8.413416862487793 11.11939811706543 50
      vertex 7.491691589355469 7.260951995849609 50
      vertex 7.582530975341797 7.125 50
    endloop
  endfacet
  facet normal 0 0 1
    outer loop
      vertex 8.413416862487793 11.11939811706543 50
      vertex 7.383883476257324 7.383884429931641 50
      vertex 7.491691589355469 7.260951995849609 50
    endloop
  endfacet
  facet normal 0 0 1
    outer loop
      vertex 8.413416862487793 11.11939811706543 50
      vertex 7.260951042175293 7.491692543029785 50
      vertex 7.383883476257324 7.383884429931641 50
    endloop
  endfacet
  facet normal 0 0 1
    outer loop
      vertex 6.82352352142334 7.7074079513549805 50
      vertex 7.794095039367676 11.329629898071289 50
      vertex 7.152630805969238 11.45722484588623 50
    endloop
  endfacet
  facet normal 0 0 1
    outer loop
      vertex 8.413416862487793 11.11939811706543 50
      vertex 7.125 7.582531929016113 50
      vertex 7.260951042175293 7.491692543029785 50
    endloop
  endfacet
  facet normal 0 0 1
    outer loop
      vertex 8.413416862487793 11.11939811706543 50
      vertex 6.978353500366211 7.654850006103516 50
      vertex 7.125 7.582531929016113 50
    endloop
  endfacet
  facet normal 0 0 1
    outer loop
      vertex 7.794095039367676 11.329629898071289 50
      vertex 6.82352352142334 7.7074079513549805 50
      vertex 6.978353500366211 7.654850006103516 50
    endloop
  endfacet
  facet normal 0 0 1
    outer loop
      vertex 7.152630805969238 11.45722484588623 50
      vertex 6.6631574630737305 7.739306449890137 50
      vertex 6.82352352142334 7.7074079513549805 50
    endloop
  endfacet
  facet normal 0 0 1
    outer loop
      vertex 6.5 11.5 50
      vertex 6.6631574630737305 7.739306449890137 50
      vertex 7.152630805969238 11.45722484588623 50
    endloop
  endfacet
  facet normal 0 0 1
    outer loop
      vertex 6.5 11.5 50
      vertex 6.5 7.75 50
      vertex 6.6631574630737305 7.739306449890137 50
    endloop
  endfacet
  facet normal 0 0 1
    outer loop
      vertex 6.5 11.5 50
      vertex 6.336841583251953 7.739306449890137 50
      vertex 6.5 7.75 50
    endloop
  endfacet
  facet normal 0 0 1
    outer loop
      vertex 5.847368240356445 11.45722484588623 50
      vertex 6.336841583251953 7.739306449890137 50
      vertex 6.5 11.5 50
    endloop
  endfacet
  facet normal 0 0 1
    outer loop
      vertex 6.336841583251953 7.739306449890137 50
      vertex 5.847368240356445 11.45722484588623 50
      vertex 6.176475524902344 7.7074079513549805 50
    endloop
  endfacet
  facet normal 0 0 1
    outer loop
      vertex 5.205904006958008 11.329629898071289 50
      vertex 6.176475524902344 7.7074079513549805 50
      vertex 5.847368240356445 11.45722484588623 50
    endloop
  endfacet
  facet normal 0 0 1
    outer loop
      vertex 6.176475524902344 7.7074079513549805 50
      vertex 5.205904006958008 11.329629898071289 50
      vertex 6.021645545959473 7.654850006103516 50
    endloop
  endfacet
  facet normal 0 0 1
    outer loop
      vertex 4.586582183837891 11.11939811706543 50
      vertex 6.021645545959473 7.654850006103516 50
      vertex 5.205904006958008 11.329629898071289 50
    endloop
  endfacet
  facet normal 0 0 1
    outer loop
      vertex 6.021645545959473 7.654850006103516 50
      vertex 4.586582183837891 11.11939811706543 50
      vertex 5.875 7.582531929016113 50
    endloop
  endfacet
  facet normal 0 0 1
    outer loop
      vertex 4 10.830127716064453 50
      vertex 5.875 7.582531929016113 50
      vertex 4.586582183837891 11.11939811706543 50
    endloop
  endfacet
  facet normal 0 0 1
    outer loop
      vertex 5.875 7.582531929016113 50
      vertex 4 10.830127716064453 50
      vertex 5.739048004150391 7.491692543029785 50
    endloop
  endfacet
  facet normal 0 0 1
    outer loop
      vertex 3.4561920166015625 10.466767311096191 50
      vertex 5.739048004150391 7.491692543029785 50
      vertex 4 10.830127716064453 50
    endloop
  endfacet
  facet normal 0 0 1
    outer loop
      vertex 5.739048004150391 7.491692543029785 50
      vertex 3.4561920166015625 10.466767311096191 50
      vertex 5.616115570068359 7.383884429931641 50
    endloop
  endfacet
  facet normal 0 0 1
    outer loop
      vertex 2.9644651412963867 10.035534858703613 50
      vertex 5.616115570068359 7.383884429931641 50
      vertex 3.4561920166015625 10.466767311096191 50
    endloop
  endfacet
  facet normal 0 0 1
    outer loop
      vertex 2.5332326889038086 9.543807983398438 50
      vertex 5.508307456970215 7.260951995849609 50
      vertex 2.9644651412963867 10.035534858703613 50
    endloop
  endfacet
  facet normal 0 0 1
    outer loop
      vertex 5.616115570068359 7.383884429931641 50
      vertex 2.9644651412963867 10.035534858703613 50
      vertex 5.508307456970215 7.260951995849609 50
    endloop
  endfacet
  facet normal 0 0 1
    outer loop
      vertex 10.466766357421875 64.45619201660156 50
      vertex 7.491691589355469 66.73905181884766 50
      vertex 10.035533905029297 63.9644660949707 50
    endloop
  endfacet
  facet normal 0 0 1
    outer loop
      vertex 7.383883476257324 66.61611938476562 50
      vertex 10.035533905029297 63.9644660949707 50
      vertex 7.491691589355469 66.73905181884766 50
    endloop
  endfacet
  facet normal 0 0 1
    outer loop
      vertex 10.035533905029297 63.9644660949707 50
      vertex 7.383883476257324 66.61611938476562 50
      vertex 9.543807029724121 63.533233642578125 50
    endloop
  endfacet
  facet normal 0 0 1
    outer loop
      vertex 7.260951042175293 66.50830841064453 50
      vertex 9.543807029724121 63.533233642578125 50
      vertex 7.383883476257324 66.61611938476562 50
    endloop
  endfacet
  facet normal 0 0 1
    outer loop
      vertex 9.543807029724121 63.533233642578125 50
      vertex 7.260951042175293 66.50830841064453 50
      vertex 9 63.16987228393555 50
    endloop
  endfacet
  facet normal 0 0 1
    outer loop
      vertex 7.125 66.41746520996094 50
      vertex 9 63.16987228393555 50
      vertex 7.260951042175293 66.50830841064453 50
    endloop
  endfacet
  facet normal 0 0 1
    outer loop
      vertex 9 63.16987228393555 50
      vertex 7.125 66.41746520996094 50
      vertex 8.413416862487793 62.8806037902832 50
    endloop
  endfacet
  facet normal 0 0 1
    outer loop
      vertex 6.978353500366211 66.34515380859375 50
      vertex 8.413416862487793 62.8806037902832 50
      vertex 7.125 66.41746520996094 50
    endloop
  endfacet
  facet normal 0 0 1
    outer loop
      vertex 8.413416862487793 62.8806037902832 50
      vertex 6.978353500366211 66.34515380859375 50
      vertex 7.794095039367676 62.670372009277344 50
    endloop
  endfacet
  facet normal 0 0 1
    outer loop
      vertex 6.82352352142334 66.29259490966797 50
      vertex 7.794095039367676 62.670372009277344 50
      vertex 6.978353500366211 66.34515380859375 50
    endloop
  endfacet
  facet normal 0 0 1
    outer loop
      vertex 7.794095039367676 62.670372009277344 50
      vertex 6.82352352142334 66.29259490966797 50
      vertex 7.152630805969238 62.54277801513672 50
    endloop
  endfacet
  facet normal 0 0 1
    outer loop
      vertex 6.6631574630737305 66.26069641113281 50
      vertex 7.152630805969238 62.54277801513672 50
      vertex 6.82352352142334 66.29259490966797 50
    endloop
  endfacet
  facet normal 0 0 1
    outer loop
      vertex 6.5 66.25 50
      vertex 7.152630805969238 62.54277801513672 50
      vertex 6.6631574630737305 66.26069641113281 50
    endloop
  endfacet
  facet normal 0 0 1
    outer loop
      vertex 6.5 66.25 50
      vertex 6.5 62.5 50
      vertex 7.152630805969238 62.54277801513672 50
    endloop
  endfacet
  facet normal 0 0 1
    outer loop
      vertex 6.336841583251953 66.26069641113281 50
      vertex 6.5 62.5 50
      vertex 6.5 66.25 50
    endloop
  endfacet
  facet normal 0 0 1
    outer loop
      vertex 5.847368240356445 62.54277801513672 50
      vertex 6.336841583251953 66.26069641113281 50
      vertex 6.176475524902344 66.29259490966797 50
    endloop
  endfacet
  facet normal 0 0 1
    outer loop
      vertex 5.205904006958008 62.670372009277344 50
      vertex 6.176475524902344 66.29259490966797 50
      vertex 6.021645545959473 66.34515380859375 50
    endloop
  endfacet
  facet normal 0 0 1
    outer loop
      vertex 4.586582183837891 62.8806037902832 50
      vertex 6.021645545959473 66.34515380859375 50
      vertex 5.875 66.41746520996094 50
    endloop
  endfacet
  facet normal 0 0 1
    outer loop
      vertex 6.336841583251953 66.26069641113281 50
      vertex 5.847368240356445 62.54277801513672 50
      vertex 6.5 62.5 50
    endloop
  endfacet
  facet normal 0 0 1
    outer loop
      vertex 4 63.16987228393555 50
      vertex 5.875 66.41746520996094 50
      vertex 5.739048004150391 66.50830841064453 50
    endloop
  endfacet
  facet normal 0 0 1
    outer loop
      vertex 4 63.16987228393555 50
      vertex 5.739048004150391 66.50830841064453 50
      vertex 5.616115570068359 66.61611938476562 50
    endloop
  endfacet
  facet normal 0 0 1
    outer loop
      vertex 4 63.16987228393555 50
      vertex 5.616115570068359 66.61611938476562 50
      vertex 5.508307456970215 66.73905181884766 50
    endloop
  endfacet
  facet normal 0 0 1
    outer loop
      vertex 4 63.16987228393555 50
      vertex 5.508307456970215 66.73905181884766 50
      vertex 5.417468070983887 66.875 50
    endloop
  endfacet
  facet normal 0 0 1
    outer loop
      vertex 4 63.16987228393555 50
      vertex 5.417468070983887 66.875 50
      vertex 5.345149993896484 67.02164459228516 50
    endloop
  endfacet
  facet normal 0 0 1
    outer loop
      vertex 4 63.16987228393555 50
      vertex 5.345149993896484 67.02164459228516 50
      vertex 5.2925920486450195 67.17647552490234 50
    endloop
  endfacet
  facet normal 0 0 1
    outer loop
      vertex 4 63.16987228393555 50
      vertex 5.2925920486450195 67.17647552490234 50
      vertex 5.260693550109863 67.33684539794922 50
    endloop
  endfacet
  facet normal 0 0 1
    outer loop
      vertex 6.176475524902344 66.29259490966797 50
      vertex 5.205904006958008 62.670372009277344 50
      vertex 5.847368240356445 62.54277801513672 50
    endloop
  endfacet
  facet normal 0 0 1
    outer loop
      vertex 4 63.16987228393555 50
      vertex 5.260693550109863 67.33684539794922 50
      vertex 5.25 67.5 50
    endloop
  endfacet
  facet normal 0 0 1
    outer loop
      vertex 109.5999984741211 9.344409942626953 50
      vertex 106.73930358886719 6.663158416748047 50
      vertex 106.75 6.5 50
    endloop
  endfacet
  facet normal 0 0 1
    outer loop
      vertex 107.41341400146484 11.11939811706543 50
      vertex 106.70740509033203 6.823524475097656 50
      vertex 106.73930358886719 6.663158416748047 50
    endloop
  endfacet
  facet normal 0 0 1
    outer loop
      vertex 107.41341400146484 11.11939811706543 50
      vertex 106.65484619140625 6.978354454040527 50
      vertex 106.70740509033203 6.823524475097656 50
    endloop
  endfacet
  facet normal 0 0 1
    outer loop
      vertex 107.41341400146484 11.11939811706543 50
      vertex 106.58253479003906 7.125 50
      vertex 106.65484619140625 6.978354454040527 50
    endloop
  endfacet
  facet normal 0 0 1
    outer loop
      vertex 107.41341400146484 11.11939811706543 50
      vertex 106.49169158935547 7.260951995849609 50
      vertex 106.58253479003906 7.125 50
    endloop
  endfacet
  facet normal 0 0 1
    outer loop
      vertex 107.41341400146484 11.11939811706543 50
      vertex 106.38388061523438 7.383884429931641 50
      vertex 106.49169158935547 7.260951995849609 50
    endloop
  endfacet
  facet normal 0 0 1
    outer loop
      vertex 107.41341400146484 11.11939811706543 50
      vertex 106.26094818115234 7.491692543029785 50
      vertex 106.38388061523438 7.383884429931641 50
    endloop
  endfacet
  facet normal 0 0 1
    outer loop
      vertex 105.82352447509766 7.7074079513549805 50
      vertex 106.79409790039062 11.329629898071289 50
      vertex 106.15263366699219 11.45722484588623 50
    endloop
  endfacet
  facet normal 0 0 1
    outer loop
      vertex 107.41341400146484 11.11939811706543 50
      vertex 106.125 7.582531929016113 50
      vertex 106.26094818115234 7.491692543029785 50
    endloop
  endfacet
  facet normal 0 0 1
    outer loop
      vertex 107.41341400146484 11.11939811706543 50
      vertex 105.97835540771484 7.654850006103516 50
      vertex 106.125 7.582531929016113 50
    endloop
  endfacet
  facet normal 0 0 1
    outer loop
      vertex 106.79409790039062 11.329629898071289 50
      vertex 105.82352447509766 7.7074079513549805 50
      vertex 105.97835540771484 7.654850006103516 50
    endloop
  endfacet
  facet normal 0 0 1
    outer loop
      vertex 106.15263366699219 11.45722484588623 50
      vertex 105.66315460205078 7.739306449890137 50
      vertex 105.82352447509766 7.7074079513549805 50
    endloop
  endfacet
  facet normal 0 0 1
    outer loop
      vertex 105.5 11.5 50
      vertex 105.66315460205078 7.739306449890137 50
      vertex 106.15263366699219 11.45722484588623 50
    endloop
  endfacet
  facet normal 0 0 1
    outer loop
      vertex 105.5 11.5 50
      vertex 105.5 7.75 50
      vertex 105.66315460205078 7.739306449890137 50
    endloop
  endfacet
  facet normal 0 0 1
    outer loop
      vertex 105.5 11.5 50
      vertex 105.33683776855469 7.739306449890137 50
      vertex 105.5 7.75 50
    endloop
  endfacet
  facet normal 0 0 1
    outer loop
      vertex 104.84736633300781 11.45722484588623 50
      vertex 105.33683776855469 7.739306449890137 50
      vertex 105.5 11.5 50
    endloop
  endfacet
  facet normal 0 0 1
    outer loop
      vertex 105.33683776855469 7.739306449890137 50
      vertex 104.84736633300781 11.45722484588623 50
      vertex 105.17647552490234 7.7074079513549805 50
    endloop
  endfacet
  facet normal 0 0 1
    outer loop
      vertex 104.20590209960938 11.329629898071289 50
      vertex 105.17647552490234 7.7074079513549805 50
      vertex 104.84736633300781 11.45722484588623 50
    endloop
  endfacet
  facet normal 0 0 1
    outer loop
      vertex 105.17647552490234 7.7074079513549805 50
      vertex 104.20590209960938 11.329629898071289 50
      vertex 105.02164459228516 7.654850006103516 50
    endloop
  endfacet
  facet normal 0 0 1
    outer loop
      vertex 103.58657836914062 11.11939811706543 50
      vertex 105.02164459228516 7.654850006103516 50
      vertex 104.20590209960938 11.329629898071289 50
    endloop
  endfacet
  facet normal 0 0 1
    outer loop
      vertex 105.02164459228516 7.654850006103516 50
      vertex 103.58657836914062 11.11939811706543 50
      vertex 104.875 7.582531929016113 50
    endloop
  endfacet
  facet normal 0 0 1
    outer loop
      vertex 103 10.830127716064453 50
      vertex 104.875 7.582531929016113 50
      vertex 103.58657836914062 11.11939811706543 50
    endloop
  endfacet
  facet normal 0 0 1
    outer loop
      vertex 104.875 7.582531929016113 50
      vertex 103 10.830127716064453 50
      vertex 104.73904418945312 7.491692543029785 50
    endloop
  endfacet
  facet normal 0 0 1
    outer loop
      vertex 102.45619201660156 10.466767311096191 50
      vertex 104.73904418945312 7.491692543029785 50
      vertex 103 10.830127716064453 50
    endloop
  endfacet
  facet normal 0 0 1
    outer loop
      vertex 104.73904418945312 7.491692543029785 50
      vertex 102.45619201660156 10.466767311096191 50
      vertex 104.61611938476562 7.383884429931641 50
    endloop
  endfacet
  facet normal 0 0 1
    outer loop
      vertex 101.96446228027344 10.035534858703613 50
      vertex 104.61611938476562 7.383884429931641 50
      vertex 102.45619201660156 10.466767311096191 50
    endloop
  endfacet
  facet normal 0 0 1
    outer loop
      vertex 101.53323364257812 9.543807983398438 50
      vertex 104.50830841064453 7.260951995849609 50
      vertex 101.96446228027344 10.035534858703613 50
    endloop
  endfacet
  facet normal 0 0 1
    outer loop
      vertex 104.61611938476562 7.383884429931641 50
      vertex 101.96446228027344 10.035534858703613 50
      vertex 104.50830841064453 7.260951995849609 50
    endloop
  endfacet
  facet normal 0 0 1
    outer loop
      vertex 109.46676635742188 64.45619201660156 50
      vertex 106.49169158935547 66.73905181884766 50
      vertex 109.03553771972656 63.9644660949707 50
    endloop
  endfacet
  facet normal 0 0 1
    outer loop
      vertex 106.38388061523438 66.61611938476562 50
      vertex 109.03553771972656 63.9644660949707 50
      vertex 106.49169158935547 66.73905181884766 50
    endloop
  endfacet
  facet normal 0 0 1
    outer loop
      vertex 109.03553771972656 63.9644660949707 50
      vertex 106.38388061523438 66.61611938476562 50
      vertex 108.54380798339844 63.533233642578125 50
    endloop
  endfacet
  facet normal 0 0 1
    outer loop
      vertex 106.26094818115234 66.50830841064453 50
      vertex 108.54380798339844 63.533233642578125 50
      vertex 106.38388061523438 66.61611938476562 50
    endloop
  endfacet
  facet normal 0 0 1
    outer loop
      vertex 108.54380798339844 63.533233642578125 50
      vertex 106.26094818115234 66.50830841064453 50
      vertex 108 63.16987228393555 50
    endloop
  endfacet
  facet normal 0 0 1
    outer loop
      vertex 106.125 66.41746520996094 50
      vertex 108 63.16987228393555 50
      vertex 106.26094818115234 66.50830841064453 50
    endloop
  endfacet
  facet normal 0 0 1
    outer loop
      vertex 108 63.16987228393555 50
      vertex 106.125 66.41746520996094 50
      vertex 107.41341400146484 62.8806037902832 50
    endloop
  endfacet
  facet normal 0 0 1
    outer loop
      vertex 105.97835540771484 66.34515380859375 50
      vertex 107.41341400146484 62.8806037902832 50
      vertex 106.125 66.41746520996094 50
    endloop
  endfacet
  facet normal 0 0 1
    outer loop
      vertex 107.41341400146484 62.8806037902832 50
      vertex 105.97835540771484 66.34515380859375 50
      vertex 106.79409790039062 62.670372009277344 50
    endloop
  endfacet
  facet normal 0 0 1
    outer loop
      vertex 105.82352447509766 66.29259490966797 50
      vertex 106.79409790039062 62.670372009277344 50
      vertex 105.97835540771484 66.34515380859375 50
    endloop
  endfacet
  facet normal 0 0 1
    outer loop
      vertex 106.79409790039062 62.670372009277344 50
      vertex 105.82352447509766 66.29259490966797 50
      vertex 106.15263366699219 62.54277801513672 50
    endloop
  endfacet
  facet normal 0 0 1
    outer loop
      vertex 105.66315460205078 66.26069641113281 50
      vertex 106.15263366699219 62.54277801513672 50
      vertex 105.82352447509766 66.29259490966797 50
    endloop
  endfacet
  facet normal 0 0 1
    outer loop
      vertex 105.5 66.25 50
      vertex 106.15263366699219 62.54277801513672 50
      vertex 105.66315460205078 66.26069641113281 50
    endloop
  endfacet
  facet normal 0 0 1
    outer loop
      vertex 105.5 66.25 50
      vertex 105.5 62.5 50
      vertex 106.15263366699219 62.54277801513672 50
    endloop
  endfacet
  facet normal 0 0 1
    outer loop
      vertex 105.33683776855469 66.26069641113281 50
      vertex 105.5 62.5 50
      vertex 105.5 66.25 50
    endloop
  endfacet
  facet normal 0 0 1
    outer loop
      vertex 104.84736633300781 62.54277801513672 50
      vertex 105.33683776855469 66.26069641113281 50
      vertex 105.17647552490234 66.29259490966797 50
    endloop
  endfacet
  facet normal 0 0 1
    outer loop
      vertex 104.20590209960938 62.670372009277344 50
      vertex 105.17647552490234 66.29259490966797 50
      vertex 105.02164459228516 66.34515380859375 50
    endloop
  endfacet
  facet normal 0 0 1
    outer loop
      vertex 103.58657836914062 62.8806037902832 50
      vertex 105.02164459228516 66.34515380859375 50
      vertex 104.875 66.41746520996094 50
    endloop
  endfacet
  facet normal 0 0 1
    outer loop
      vertex 105.33683776855469 66.26069641113281 50
      vertex 104.84736633300781 62.54277801513672 50
      vertex 105.5 62.5 50
    endloop
  endfacet
  facet normal 0 0 1
    outer loop
      vertex 103 63.16987228393555 50
      vertex 104.875 66.41746520996094 50
      vertex 104.73904418945312 66.50830841064453 50
    endloop
  endfacet
  facet normal 0 0 1
    outer loop
      vertex 103 63.16987228393555 50
      vertex 104.73904418945312 66.50830841064453 50
      vertex 104.61611938476562 66.61611938476562 50
    endloop
  endfacet
  facet normal 0 0 1
    outer loop
      vertex 103 63.16987228393555 50
      vertex 104.61611938476562 66.61611938476562 50
      vertex 104.50830841064453 66.73905181884766 50
    endloop
  endfacet
  facet normal 0 0 1
    outer loop
      vertex 103 63.16987228393555 50
      vertex 104.50830841064453 66.73905181884766 50
      vertex 104.41746520996094 66.875 50
    endloop
  endfacet
  facet normal 0 0 1
    outer loop
      vertex 103 63.16987228393555 50
      vertex 104.41746520996094 66.875 50
      vertex 104.34515380859375 67.02164459228516 50
    endloop
  endfacet
  facet normal 0 0 1
    outer loop
      vertex 103 63.16987228393555 50
      vertex 104.34515380859375 67.02164459228516 50
      vertex 104.29259490966797 67.17647552490234 50
    endloop
  endfacet
  facet normal 0 0 1
    outer loop
      vertex 103 63.16987228393555 50
      vertex 104.29259490966797 67.17647552490234 50
      vertex 104.26069641113281 67.33684539794922 50
    endloop
  endfacet
  facet normal 0 0 1
    outer loop
      vertex 105.17647552490234 66.29259490966797 50
      vertex 104.20590209960938 62.670372009277344 50
      vertex 104.84736633300781 62.54277801513672 50
    endloop
  endfacet
  facet normal 0 0 1
    outer loop
      vertex 103 63.16987228393555 50
      vertex 104.26069641113281 67.33684539794922 50
      vertex 104.25 67.5 50
    endloop
  endfacet
  facet normal 0 0 1
    outer loop
      vertex 106.73930358886719 6.663158416748047 50
      vertex 109.5999984741211 9.344409942626953 50
      vertex 109.46676635742188 9.543807983398438 50
    endloop
  endfacet
  facet normal 0 0 1
    outer loop
      vertex 109.5999984741211 9.344409942626953 50
      vertex 106.75 6.5 50
      vertex 109.53727722167969 3.561715602874756 50
    endloop
  endfacet
  facet normal 0 0 1
    outer loop
      vertex 106.73930358886719 6.663158416748047 50
      vertex 109.46676635742188 9.543807983398438 50
      vertex 109.03553771972656 10.035534858703613 50
    endloop
  endfacet
  facet normal 0 0 1
    outer loop
      vertex 106.73930358886719 6.3368425369262695 50
      vertex 109.53727722167969 3.561715602874756 50
      vertex 106.75 6.5 50
    endloop
  endfacet
  facet normal 0 0 1
    outer loop
      vertex 106.73930358886719 6.663158416748047 50
      vertex 109.03553771972656 10.035534858703613 50
      vertex 108.54380798339844 10.466767311096191 50
    endloop
  endfacet
  facet normal 0 0 1
    outer loop
      vertex 106.70740509033203 6.17647647857666 50
      vertex 109.53727722167969 3.561715602874756 50
      vertex 106.73930358886719 6.3368425369262695 50
    endloop
  endfacet
  facet normal 0 0 1
    outer loop
      vertex 106.65484619140625 6.021646499633789 50
      vertex 109.53727722167969 3.561715602874756 50
      vertex 106.70740509033203 6.17647647857666 50
    endloop
  endfacet
  facet normal 0 0 1
    outer loop
      vertex 106.73930358886719 6.663158416748047 50
      vertex 108.54380798339844 10.466767311096191 50
      vertex 108 10.830127716064453 50
    endloop
  endfacet
  facet normal 0 0 1
    outer loop
      vertex 109.53727722167969 70.43828582763672 50
      vertex 112 70 50
      vertex 111.96578216552734 70.52210235595703 50
    endloop
  endfacet
  facet normal 0 0 1
    outer loop
      vertex 112 70 50
      vertex 109.5999984741211 64.65559387207031 50
      vertex 112 4 50
    endloop
  endfacet
  facet normal 0 0 1
    outer loop
      vertex 109.53727722167969 70.43828582763672 50
      vertex 111.96578216552734 70.52210235595703 50
      vertex 111.86370086669922 71.0352783203125 50
    endloop
  endfacet
  facet normal 0 0 1
    outer loop
      vertex 109.5999984741211 9.344409942626953 50
      vertex 112 4 50
      vertex 109.5999984741211 64.65559387207031 50
    endloop
  endfacet
  facet normal 0 0 1
    outer loop
      vertex 109.53727722167969 70.43828582763672 50
      vertex 111.86370086669922 71.0352783203125 50
      vertex 111.69551849365234 71.53073120117188 50
    endloop
  endfacet
  facet normal 0 0 1
    outer loop
      vertex 109.53727722167969 3.561715602874756 50
      vertex 112 4 50
      vertex 109.5999984741211 9.344409942626953 50
    endloop
  endfacet
  facet normal 0 0 1
    outer loop
      vertex 109.47821044921875 70.61229705810547 50
      vertex 111.69551849365234 71.53073120117188 50
      vertex 111.46410369873047 72 50
    endloop
  endfacet
  facet normal 0 0 1
    outer loop
      vertex 112 4 50
      vertex 109.53727722167969 3.561715602874756 50
      vertex 111.96578216552734 3.477895736694336 50
    endloop
  endfacet
  facet normal 0 0 1
    outer loop
      vertex 109.3856430053711 70.80000305175781 50
      vertex 111.46410369873047 72 50
      vertex 111.17341613769531 72.43504333496094 50
    endloop
  endfacet
  facet normal 0 0 1
    outer loop
      vertex 111.96578216552734 3.477895736694336 50
      vertex 109.53727722167969 3.561715602874756 50
      vertex 111.86370086669922 2.964724540710449 50
    endloop
  endfacet
  facet normal 0 0 1
    outer loop
      vertex 109.26936340332031 70.9740219116211 50
      vertex 111.17341613769531 72.43504333496094 50
      vertex 110.82843017578125 72.82843017578125 50
    endloop
  endfacet
  facet normal 0 0 1
    outer loop
      vertex 111.86370086669922 2.964724540710449 50
      vertex 109.53727722167969 3.561715602874756 50
      vertex 111.69551849365234 2.469266891479492 50
    endloop
  endfacet
  facet normal 0 0 1
    outer loop
      vertex 109.1313705444336 71.1313705444336 50
      vertex 110.82843017578125 72.82843017578125 50
      vertex 110.43504333496094 73.17341613769531 50
    endloop
  endfacet
  facet normal 0 0 1
    outer loop
      vertex 109.47821044921875 3.3877077102661133 50
      vertex 111.69551849365234 2.469266891479492 50
      vertex 109.53727722167969 3.561715602874756 50
    endloop
  endfacet
  facet normal 0 0 1
    outer loop
      vertex 108.97401428222656 71.26936340332031 50
      vertex 110.43504333496094 73.17341613769531 50
      vertex 110 73.46410369873047 50
    endloop
  endfacet
  facet normal 0 0 1
    outer loop
      vertex 111.69551849365234 2.469266891479492 50
      vertex 109.47821044921875 3.3877077102661133 50
      vertex 111.46410369873047 2 50
    endloop
  endfacet
  facet normal 0 0 1
    outer loop
      vertex 109.3856430053711 3.200000762939453 50
      vertex 111.46410369873047 2 50
      vertex 109.47821044921875 3.3877077102661133 50
    endloop
  endfacet
  facet normal 0 0 1
    outer loop
      vertex 112 70 50
      vertex 109.53727722167969 70.43828582763672 50
      vertex 109.5999984741211 64.65559387207031 50
    endloop
  endfacet
  facet normal 0 0 1
    outer loop
      vertex 108.80000305175781 71.3856430053711 50
      vertex 110 73.46410369873047 50
      vertex 109.53073120117188 73.69551849365234 50
    endloop
  endfacet
  facet normal 0 0 1
    outer loop
      vertex 111.69551849365234 71.53073120117188 50
      vertex 109.47821044921875 70.61229705810547 50
      vertex 109.53727722167969 70.43828582763672 50
    endloop
  endfacet
  facet normal 0 0 1
    outer loop
      vertex 111.46410369873047 72 50
      vertex 109.3856430053711 70.80000305175781 50
      vertex 109.47821044921875 70.61229705810547 50
    endloop
  endfacet
  facet normal 0 0 1
    outer loop
      vertex 111.17341613769531 72.43504333496094 50
      vertex 109.26936340332031 70.9740219116211 50
      vertex 109.3856430053711 70.80000305175781 50
    endloop
  endfacet
  facet normal 0 0 1
    outer loop
      vertex 110.82843017578125 72.82843017578125 50
      vertex 109.1313705444336 71.1313705444336 50
      vertex 109.26936340332031 70.9740219116211 50
    endloop
  endfacet
  facet normal 0 0 1
    outer loop
      vertex 108.43827819824219 71.53727722167969 50
      vertex 109.53073120117188 73.69551849365234 50
      vertex 109.0352783203125 73.86370086669922 50
    endloop
  endfacet
  facet normal 0 0 1
    outer loop
      vertex 110.43504333496094 73.17341613769531 50
      vertex 108.97401428222656 71.26936340332031 50
      vertex 109.1313705444336 71.1313705444336 50
    endloop
  endfacet
  facet normal 0 0 1
    outer loop
      vertex 110 73.46410369873047 50
      vertex 108.80000305175781 71.3856430053711 50
      vertex 108.97401428222656 71.26936340332031 50
    endloop
  endfacet
  facet normal 0 0 1
    outer loop
      vertex 109.53073120117188 73.69551849365234 50
      vertex 108.61228942871094 71.47821044921875 50
      vertex 108.80000305175781 71.3856430053711 50
    endloop
  endfacet
  facet normal 0 0 1
    outer loop
      vertex 108.43827819824219 71.53727722167969 50
      vertex 109.0352783203125 73.86370086669922 50
      vertex 108.52210235595703 73.96578216552734 50
    endloop
  endfacet
  facet normal 0 0 1
    outer loop
      vertex 109.53073120117188 73.69551849365234 50
      vertex 108.43827819824219 71.53727722167969 50
      vertex 108.61228942871094 71.47821044921875 50
    endloop
  endfacet
  facet normal 0 0 1
    outer loop
      vertex 108.43827819824219 71.53727722167969 50
      vertex 108.52210235595703 73.96578216552734 50
      vertex 108 74 50
    endloop
  endfacet
  facet normal 0 0 1
    outer loop
      vertex 111.46410369873047 2 50
      vertex 109.3856430053711 3.200000762939453 50
      vertex 111.17341613769531 1.5649547576904297 50
    endloop
  endfacet
  facet normal 0 0 1
    outer loop
      vertex 109.26936340332031 3.0259828567504883 50
      vertex 111.17341613769531 1.5649547576904297 50
      vertex 109.3856430053711 3.200000762939453 50
    endloop
  endfacet
  facet normal 0 0 1
    outer loop
      vertex 111.17341613769531 1.5649547576904297 50
      vertex 109.26936340332031 3.0259828567504883 50
      vertex 110.82843017578125 1.1715736389160156 50
    endloop
  endfacet
  facet normal 0 0 1
    outer loop
      vertex 109.1313705444336 2.8686304092407227 50
      vertex 110.82843017578125 1.1715736389160156 50
      vertex 109.26936340332031 3.0259828567504883 50
    endloop
  endfacet
  facet normal 0 0 1
    outer loop
      vertex 110.82843017578125 1.1715736389160156 50
      vertex 109.1313705444336 2.8686304092407227 50
      vertex 110.43504333496094 0.8265867233276367 50
    endloop
  endfacet
  facet normal 0 0 1
    outer loop
      vertex 108.97401428222656 2.730635643005371 50
      vertex 110.43504333496094 0.8265867233276367 50
      vertex 109.1313705444336 2.8686304092407227 50
    endloop
  endfacet
  facet normal 0 0 1
    outer loop
      vertex 110.43504333496094 0.8265867233276367 50
      vertex 108.97401428222656 2.730635643005371 50
      vertex 110 0.5358991622924805 50
    endloop
  endfacet
  facet normal 0 0 1
    outer loop
      vertex 108.80000305175781 2.6143598556518555 50
      vertex 110 0.5358991622924805 50
      vertex 108.97401428222656 2.730635643005371 50
    endloop
  endfacet
  facet normal 0 0 1
    outer loop
      vertex 110 0.5358991622924805 50
      vertex 108.80000305175781 2.6143598556518555 50
      vertex 109.53073120117188 0.30448246002197266 50
    endloop
  endfacet
  facet normal 0 0 1
    outer loop
      vertex 108.61228942871094 2.5217933654785156 50
      vertex 109.53073120117188 0.30448246002197266 50
      vertex 108.80000305175781 2.6143598556518555 50
    endloop
  endfacet
  facet normal 0 0 1
    outer loop
      vertex 108.43828582763672 2.4627256393432617 50
      vertex 109.53073120117188 0.30448246002197266 50
      vertex 108.61228942871094 2.5217933654785156 50
    endloop
  endfacet
  facet normal 0 0 1
    outer loop
      vertex 109.53073120117188 0.30448246002197266 50
      vertex 108.43828582763672 2.4627256393432617 50
      vertex 109.0352783203125 0.13629722595214844 50
    endloop
  endfacet
  facet normal 0 0 1
    outer loop
      vertex 109.0352783203125 0.13629722595214844 50
      vertex 108.43828582763672 2.4627256393432617 50
      vertex 108.52210235595703 0.03422069549560547 50
    endloop
  endfacet
  facet normal 0 0 1
    outer loop
      vertex 106.58253479003906 5.875 50
      vertex 109.53727722167969 3.561715602874756 50
      vertex 106.65484619140625 6.021646499633789 50
    endloop
  endfacet
  facet normal 0 0 1
    outer loop
      vertex 106.49169158935547 5.739048957824707 50
      vertex 109.53727722167969 3.561715602874756 50
      vertex 106.58253479003906 5.875 50
    endloop
  endfacet
  facet normal 0 0 1
    outer loop
      vertex 106.73930358886719 6.663158416748047 50
      vertex 108 10.830127716064453 50
      vertex 107.41341400146484 11.11939811706543 50
    endloop
  endfacet
  facet normal 0 0 1
    outer loop
      vertex 105.97835540771484 7.654850006103516 50
      vertex 107.41341400146484 11.11939811706543 50
      vertex 106.79409790039062 11.329629898071289 50
    endloop
  endfacet
  facet normal 0 0 1
    outer loop
      vertex 109.53727722167969 3.561715602874756 50
      vertex 106.49169158935547 5.739048957824707 50
      vertex 109.46676635742188 3.456192970275879 50
    endloop
  endfacet
  facet normal 0 0 1
    outer loop
      vertex 109.46676635742188 3.456192970275879 50
      vertex 106.49169158935547 5.739048957824707 50
      vertex 109.03553771972656 2.964466094970703 50
    endloop
  endfacet
  facet normal 0 0 1
    outer loop
      vertex 106.38388061523438 5.616116523742676 50
      vertex 109.03553771972656 2.964466094970703 50
      vertex 106.49169158935547 5.739048957824707 50
    endloop
  endfacet
  facet normal 0 0 1
    outer loop
      vertex 109.03553771972656 2.964466094970703 50
      vertex 106.38388061523438 5.616116523742676 50
      vertex 108.54380798339844 2.533233642578125 50
    endloop
  endfacet
  facet normal 0 0 1
    outer loop
      vertex 106.26094818115234 5.508308410644531 50
      vertex 108.54380798339844 2.533233642578125 50
      vertex 106.38388061523438 5.616116523742676 50
    endloop
  endfacet
  facet normal 0 0 1
    outer loop
      vertex 108.54380798339844 2.533233642578125 50
      vertex 106.26094818115234 5.508308410644531 50
      vertex 108.43828582763672 2.4627256393432617 50
    endloop
  endfacet
  facet normal 0 0 1
    outer loop
      vertex 106.125 5.417469024658203 50
      vertex 108.43828582763672 2.4627256393432617 50
      vertex 106.26094818115234 5.508308410644531 50
    endloop
  endfacet
  facet normal 0 0 1
    outer loop
      vertex 108.43828582763672 2.4627256393432617 50
      vertex 108 0 50
      vertex 108.52210235595703 0.03422069549560547 50
    endloop
  endfacet
  facet normal 0 0 1
    outer loop
      vertex 105.97835540771484 5.345150947570801 50
      vertex 108.43828582763672 2.4627256393432617 50
      vertex 106.125 5.417469024658203 50
    endloop
  endfacet
  facet normal 0 0 1
    outer loop
      vertex 105.82352447509766 5.292593002319336 50
      vertex 108.43828582763672 2.4627256393432617 50
      vertex 105.97835540771484 5.345150947570801 50
    endloop
  endfacet
  facet normal 0 0 1
    outer loop
      vertex 105.66315460205078 5.26069450378418 50
      vertex 108.43828582763672 2.4627256393432617 50
      vertex 105.82352447509766 5.292593002319336 50
    endloop
  endfacet
  facet normal 0 0 1
    outer loop
      vertex 105.5 5.25 50
      vertex 108.43828582763672 2.4627256393432617 50
      vertex 105.66315460205078 5.26069450378418 50
    endloop
  endfacet
  facet normal 0 0 1
    outer loop
      vertex 102.65558624267578 2.40000057220459 50
      vertex 108.43828582763672 2.4627256393432617 50
      vertex 105.5 5.25 50
    endloop
  endfacet
  facet normal 0 0 1
    outer loop
      vertex 102.65558624267578 2.40000057220459 50
      vertex 105.5 5.25 50
      vertex 105.33683776855469 5.26069450378418 50
    endloop
  endfacet
  facet normal 0 0 1
    outer loop
      vertex 102.65558624267578 2.40000057220459 50
      vertex 105.33683776855469 5.26069450378418 50
      vertex 105.17647552490234 5.292593002319336 50
    endloop
  endfacet
  facet normal 0 0 1
    outer loop
      vertex 102.65558624267578 2.40000057220459 50
      vertex 105.17647552490234 5.292593002319336 50
      vertex 105.02164459228516 5.345150947570801 50
    endloop
  endfacet
  facet normal 0 0 1
    outer loop
      vertex 102.65558624267578 2.40000057220459 50
      vertex 105.02164459228516 5.345150947570801 50
      vertex 104.875 5.417469024658203 50
    endloop
  endfacet
  facet normal 0 0 1
    outer loop
      vertex 102.65558624267578 2.40000057220459 50
      vertex 104.875 5.417469024658203 50
      vertex 104.73904418945312 5.508308410644531 50
    endloop
  endfacet
  facet normal 0 0 1
    outer loop
      vertex 102.65558624267578 2.40000057220459 50
      vertex 104.73904418945312 5.508308410644531 50
      vertex 104.61611938476562 5.616116523742676 50
    endloop
  endfacet
  facet normal 0 0 1
    outer loop
      vertex 102.65558624267578 2.40000057220459 50
      vertex 104.61611938476562 5.616116523742676 50
      vertex 104.50830841064453 5.739048957824707 50
    endloop
  endfacet
  facet normal 0 0 1
    outer loop
      vertex 102.65558624267578 2.40000057220459 50
      vertex 104.50830841064453 5.739048957824707 50
      vertex 104.41746520996094 5.875 50
    endloop
  endfacet
  facet normal 0 0 1
    outer loop
      vertex 104.50830841064453 7.260951995849609 50
      vertex 101.53323364257812 9.543807983398438 50
      vertex 104.41746520996094 7.125 50
    endloop
  endfacet
  facet normal 0 0 1
    outer loop
      vertex 101.16987609863281 9 50
      vertex 104.41746520996094 7.125 50
      vertex 101.53323364257812 9.543807983398438 50
    endloop
  endfacet
  facet normal 0 0 1
    outer loop
      vertex 104.41746520996094 7.125 50
      vertex 101.16987609863281 9 50
      vertex 104.34515380859375 6.978354454040527 50
    endloop
  endfacet
  facet normal 0 0 1
    outer loop
      vertex 104.25 6.5 50
      vertex 102.65558624267578 2.40000057220459 50
      vertex 104.26069641113281 6.3368425369262695 50
    endloop
  endfacet
  facet normal 0 0 1
    outer loop
      vertex 104.26069641113281 6.3368425369262695 50
      vertex 102.65558624267578 2.40000057220459 50
      vertex 104.29259490966797 6.17647647857666 50
    endloop
  endfacet
  facet normal 0 0 1
    outer loop
      vertex 102.65558624267578 2.40000057220459 50
      vertex 104.34515380859375 6.021646499633789 50
      vertex 104.29259490966797 6.17647647857666 50
    endloop
  endfacet
  facet normal 0 0 1
    outer loop
      vertex 102.65558624267578 2.40000057220459 50
      vertex 104.41746520996094 5.875 50
      vertex 104.34515380859375 6.021646499633789 50
    endloop
  endfacet
  facet normal 0 0 1
    outer loop
      vertex 108.43828582763672 2.4627256393432617 50
      vertex 102.65558624267578 2.40000057220459 50
      vertex 108 0 50
    endloop
  endfacet
  facet normal 0 0 1
    outer loop
      vertex 9.344409942626953 2.40000057220459 50
      vertex 108 0 50
      vertex 102.65558624267578 2.40000057220459 50
    endloop
  endfacet
  facet normal 0 0 1
    outer loop
      vertex 7.73930549621582 6.663158416748047 50
      vertex 9 10.830127716064453 50
      vertex 8.413416862487793 11.11939811706543 50
    endloop
  endfacet
  facet normal 0 0 1
    outer loop
      vertex 6.978353500366211 7.654850006103516 50
      vertex 8.413416862487793 11.11939811706543 50
      vertex 7.794095039367676 11.329629898071289 50
    endloop
  endfacet
  facet normal 0 0 1
    outer loop
      vertex 7.582530975341797 5.875 50
      vertex 10.830126762390137 4 50
      vertex 7.654849052429199 6.021646499633789 50
    endloop
  endfacet
  facet normal 0 0 1
    outer loop
      vertex 10.830126762390137 4 50
      vertex 7.582530975341797 5.875 50
      vertex 10.466766357421875 3.456192970275879 50
    endloop
  endfacet
  facet normal 0 0 1
    outer loop
      vertex 7.491691589355469 5.739048957824707 50
      vertex 10.466766357421875 3.456192970275879 50
      vertex 7.582530975341797 5.875 50
    endloop
  endfacet
  facet normal 0 0 1
    outer loop
      vertex 10.466766357421875 3.456192970275879 50
      vertex 7.491691589355469 5.739048957824707 50
      vertex 10.035533905029297 2.964466094970703 50
    endloop
  endfacet
  facet normal 0 0 1
    outer loop
      vertex 7.383883476257324 5.616116523742676 50
      vertex 10.035533905029297 2.964466094970703 50
      vertex 7.491691589355469 5.739048957824707 50
    endloop
  endfacet
  facet normal 0 0 1
    outer loop
      vertex 10.035533905029297 2.964466094970703 50
      vertex 7.383883476257324 5.616116523742676 50
      vertex 9.543807029724121 2.533233642578125 50
    endloop
  endfacet
  facet normal 0 0 1
    outer loop
      vertex 7.260951042175293 5.508308410644531 50
      vertex 9.543807029724121 2.533233642578125 50
      vertex 7.383883476257324 5.616116523742676 50
    endloop
  endfacet
  facet normal 0 0 1
    outer loop
      vertex 9.543807029724121 2.533233642578125 50
      vertex 7.260951042175293 5.508308410644531 50
      vertex 9.344409942626953 2.40000057220459 50
    endloop
  endfacet
  facet normal 0 0 1
    outer loop
      vertex 7.125 5.417469024658203 50
      vertex 9.344409942626953 2.40000057220459 50
      vertex 7.260951042175293 5.508308410644531 50
    endloop
  endfacet
  facet normal 0 0 1
    outer loop
      vertex 6.978353500366211 5.345150947570801 50
      vertex 9.344409942626953 2.40000057220459 50
      vertex 7.125 5.417469024658203 50
    endloop
  endfacet
  facet normal 0 0 1
    outer loop
      vertex 6.82352352142334 5.292593002319336 50
      vertex 9.344409942626953 2.40000057220459 50
      vertex 6.978353500366211 5.345150947570801 50
    endloop
  endfacet
  facet normal 0 0 1
    outer loop
      vertex 6.6631574630737305 5.26069450378418 50
      vertex 9.344409942626953 2.40000057220459 50
      vertex 6.82352352142334 5.292593002319336 50
    endloop
  endfacet
  facet normal 0 0 1
    outer loop
      vertex 6.5 5.25 50
      vertex 9.344409942626953 2.40000057220459 50
      vertex 6.6631574630737305 5.26069450378418 50
    endloop
  endfacet
  facet normal 0 0 1
    outer loop
      vertex 3.561716079711914 2.4627249240875244 50
      vertex 6.5 5.25 50
      vertex 6.336841583251953 5.26069450378418 50
    endloop
  endfacet
  facet normal 0 0 1
    outer loop
      vertex 3.561716079711914 2.4627249240875244 50
      vertex 6.336841583251953 5.26069450378418 50
      vertex 6.176475524902344 5.292593002319336 50
    endloop
  endfacet
  facet normal 0 0 1
    outer loop
      vertex 3.561716079711914 2.4627249240875244 50
      vertex 6.176475524902344 5.292593002319336 50
      vertex 6.021645545959473 5.345150947570801 50
    endloop
  endfacet
  facet normal 0 0 1
    outer loop
      vertex 3.561716079711914 2.4627249240875244 50
      vertex 6.021645545959473 5.345150947570801 50
      vertex 5.875 5.417469024658203 50
    endloop
  endfacet
  facet normal 0 0 1
    outer loop
      vertex 3.561716079711914 2.4627249240875244 50
      vertex 5.875 5.417469024658203 50
      vertex 5.739048004150391 5.508308410644531 50
    endloop
  endfacet
  facet normal 0 0 1
    outer loop
      vertex 2.3999996185302734 9.344409942626953 50
      vertex 5.508307456970215 7.260951995849609 50
      vertex 2.5332326889038086 9.543807983398438 50
    endloop
  endfacet
  facet normal 0 0 1
    outer loop
      vertex 5.508307456970215 7.260951995849609 50
      vertex 2.3999996185302734 9.344409942626953 50
      vertex 5.417468070983887 7.125 50
    endloop
  endfacet
  facet normal 0 0 1
    outer loop
      vertex 5.417468070983887 7.125 50
      vertex 2.3999996185302734 9.344409942626953 50
      vertex 5.345149993896484 6.978354454040527 50
    endloop
  endfacet
  facet normal 0 0 1
    outer loop
      vertex 5.345149993896484 6.978354454040527 50
      vertex 2.3999996185302734 9.344409942626953 50
      vertex 5.2925920486450195 6.823524475097656 50
    endloop
  endfacet
  facet normal 0 0 1
    outer loop
      vertex 9.344409942626953 2.40000057220459 50
      vertex 4 0 50
      vertex 108 0 50
    endloop
  endfacet
  facet normal 0 0 1
    outer loop
      vertex 6.5 5.25 50
      vertex 3.561716079711914 2.4627249240875244 50
      vertex 9.344409942626953 2.40000057220459 50
    endloop
  endfacet
  facet normal 0 0 1
    outer loop
      vertex 3.4561920166015625 2.533233642578125 50
      vertex 5.739048004150391 5.508308410644531 50
      vertex 5.616115570068359 5.616116523742676 50
    endloop
  endfacet
  facet normal 0 0 1
    outer loop
      vertex 2.9644651412963867 2.964466094970703 50
      vertex 5.616115570068359 5.616116523742676 50
      vertex 5.508307456970215 5.739048957824707 50
    endloop
  endfacet
  facet normal 0 0 1
    outer loop
      vertex 2.4627227783203125 3.561718463897705 50
      vertex 5.508307456970215 5.739048957824707 50
      vertex 5.417468070983887 5.875 50
    endloop
  endfacet
  facet normal 0 0 1
    outer loop
      vertex 2.4627227783203125 3.561718463897705 50
      vertex 5.417468070983887 5.875 50
      vertex 5.345149993896484 6.021646499633789 50
    endloop
  endfacet
  facet normal 0 0 1
    outer loop
      vertex 2.4627227783203125 3.561718463897705 50
      vertex 5.345149993896484 6.021646499633789 50
      vertex 5.2925920486450195 6.17647647857666 50
    endloop
  endfacet
  facet normal 0 0 1
    outer loop
      vertex 5.2925920486450195 6.823524475097656 50
      vertex 2.3999996185302734 9.344409942626953 50
      vertex 5.260693550109863 6.663158416748047 50
    endloop
  endfacet
  facet normal 0 0 1
    outer loop
      vertex 9.344409942626953 2.40000057220459 50
      vertex 3.561716079711914 2.4627249240875244 50
      vertex 4 0 50
    endloop
  endfacet
  facet normal 0 0 1
    outer loop
      vertex 5.260693550109863 6.663158416748047 50
      vertex 2.3999996185302734 9.344409942626953 50
      vertex 5.25 6.5 50
    endloop
  endfacet
  facet normal 0 0 1
    outer loop
      vertex 5.260693550109863 6.3368425369262695 50
      vertex 2.4627227783203125 3.561718463897705 50
      vertex 5.2925920486450195 6.17647647857666 50
    endloop
  endfacet
  facet normal 0 0 1
    outer loop
      vertex 2.4627227783203125 3.561718463897705 50
      vertex 5.25 6.5 50
      vertex 2.3999996185302734 9.344409942626953 50
    endloop
  endfacet
  facet normal 0 0 1
    outer loop
      vertex 5.508307456970215 5.739048957824707 50
      vertex 2.4627227783203125 3.561718463897705 50
      vertex 2.5332326889038086 3.456192970275879 50
    endloop
  endfacet
  facet normal 0 0 1
    outer loop
      vertex 5.25 6.5 50
      vertex 2.4627227783203125 3.561718463897705 50
      vertex 5.260693550109863 6.3368425369262695 50
    endloop
  endfacet
  facet normal 0 0 1
    outer loop
      vertex 5.739048004150391 5.508308410644531 50
      vertex 3.4561920166015625 2.533233642578125 50
      vertex 3.561716079711914 2.4627249240875244 50
    endloop
  endfacet
  facet normal 0 0 1
    outer loop
      vertex 5.508307456970215 5.739048957824707 50
      vertex 2.5332326889038086 3.456192970275879 50
      vertex 2.9644651412963867 2.964466094970703 50
    endloop
  endfacet
  facet normal 0 0 1
    outer loop
      vertex 5.616115570068359 5.616116523742676 50
      vertex 2.9644651412963867 2.964466094970703 50
      vertex 3.4561920166015625 2.533233642578125 50
    endloop
  endfacet
  facet normal 0 0 1
    outer loop
      vertex 106.49169158935547 68.26095581054688 50
      vertex 109.53727722167969 70.43828582763672 50
      vertex 109.46676635742188 70.54380798339844 50
    endloop
  endfacet
  facet normal 0 0 1
    outer loop
      vertex 109.53727722167969 70.43828582763672 50
      vertex 106.75 67.5 50
      vertex 109.5999984741211 64.65559387207031 50
    endloop
  endfacet
  facet normal 0 0 1
    outer loop
      vertex 106.49169158935547 68.26095581054688 50
      vertex 109.46676635742188 70.54380798339844 50
      vertex 109.03553771972656 71.03553771972656 50
    endloop
  endfacet
  facet normal 0 0 1
    outer loop
      vertex 106.73930358886719 67.33684539794922 50
      vertex 109.5999984741211 64.65559387207031 50
      vertex 106.75 67.5 50
    endloop
  endfacet
  facet normal 0 0 1
    outer loop
      vertex 106.38388061523438 68.38388061523438 50
      vertex 109.03553771972656 71.03553771972656 50
      vertex 108.54380798339844 71.46676635742188 50
    endloop
  endfacet
  facet normal 0 0 1
    outer loop
      vertex 106.70740509033203 67.17647552490234 50
      vertex 109.5999984741211 64.65559387207031 50
      vertex 106.73930358886719 67.33684539794922 50
    endloop
  endfacet
  facet normal 0 0 1
    outer loop
      vertex 106.26094818115234 68.49169158935547 50
      vertex 108.54380798339844 71.46676635742188 50
      vertex 108.43827819824219 71.53727722167969 50
    endloop
  endfacet
  facet normal 0 0 1
    outer loop
      vertex 102.65558624267578 71.5999984741211 50
      vertex 108.43827819824219 71.53727722167969 50
      vertex 108 74 50
    endloop
  endfacet
  facet normal 0 0 1
    outer loop
      vertex 109.53727722167969 70.43828582763672 50
      vertex 106.73930358886719 67.66316223144531 50
      vertex 106.75 67.5 50
    endloop
  endfacet
  facet normal 0 0 1
    outer loop
      vertex 106.65484619140625 67.02164459228516 50
      vertex 109.5999984741211 64.65559387207031 50
      vertex 106.70740509033203 67.17647552490234 50
    endloop
  endfacet
  facet normal 0 0 1
    outer loop
      vertex 106.49169158935547 66.73905181884766 50
      vertex 109.5999984741211 64.65559387207031 50
      vertex 106.58253479003906 66.875 50
    endloop
  endfacet
  facet normal 0 0 1
    outer loop
      vertex 109.5999984741211 64.65559387207031 50
      vertex 106.49169158935547 66.73905181884766 50
      vertex 109.46676635742188 64.45619201660156 50
    endloop
  endfacet
  facet normal 0 0 1
    outer loop
      vertex 106.58253479003906 66.875 50
      vertex 109.5999984741211 64.65559387207031 50
      vertex 106.65484619140625 67.02164459228516 50
    endloop
  endfacet
  facet normal 0 0 1
    outer loop
      vertex 109.53727722167969 70.43828582763672 50
      vertex 106.70740509033203 67.82352447509766 50
      vertex 106.73930358886719 67.66316223144531 50
    endloop
  endfacet
  facet normal 0 0 1
    outer loop
      vertex 109.53727722167969 70.43828582763672 50
      vertex 106.65484619140625 67.97835540771484 50
      vertex 106.70740509033203 67.82352447509766 50
    endloop
  endfacet
  facet normal 0 0 1
    outer loop
      vertex 109.53727722167969 70.43828582763672 50
      vertex 106.58253479003906 68.125 50
      vertex 106.65484619140625 67.97835540771484 50
    endloop
  endfacet
  facet normal 0 0 1
    outer loop
      vertex 109.53727722167969 70.43828582763672 50
      vertex 106.49169158935547 68.26095581054688 50
      vertex 106.58253479003906 68.125 50
    endloop
  endfacet
  facet normal 0 0 1
    outer loop
      vertex 109.03553771972656 71.03553771972656 50
      vertex 106.38388061523438 68.38388061523438 50
      vertex 106.49169158935547 68.26095581054688 50
    endloop
  endfacet
  facet normal 0 0 1
    outer loop
      vertex 108.54380798339844 71.46676635742188 50
      vertex 106.26094818115234 68.49169158935547 50
      vertex 106.38388061523438 68.38388061523438 50
    endloop
  endfacet
  facet normal 0 0 1
    outer loop
      vertex 108.43827819824219 71.53727722167969 50
      vertex 106.125 68.58253479003906 50
      vertex 106.26094818115234 68.49169158935547 50
    endloop
  endfacet
  facet normal 0 0 1
    outer loop
      vertex 108.43827819824219 71.53727722167969 50
      vertex 105.97835540771484 68.65484619140625 50
      vertex 106.125 68.58253479003906 50
    endloop
  endfacet
  facet normal 0 0 1
    outer loop
      vertex 108.43827819824219 71.53727722167969 50
      vertex 105.82352447509766 68.70740509033203 50
      vertex 105.97835540771484 68.65484619140625 50
    endloop
  endfacet
  facet normal 0 0 1
    outer loop
      vertex 108.43827819824219 71.53727722167969 50
      vertex 105.66315460205078 68.73930358886719 50
      vertex 105.82352447509766 68.70740509033203 50
    endloop
  endfacet
  facet normal 0 0 1
    outer loop
      vertex 108.43827819824219 71.53727722167969 50
      vertex 105.5 68.75 50
      vertex 105.66315460205078 68.73930358886719 50
    endloop
  endfacet
  facet normal 0 0 1
    outer loop
      vertex 108.43827819824219 71.53727722167969 50
      vertex 102.65558624267578 71.5999984741211 50
      vertex 105.5 68.75 50
    endloop
  endfacet
  facet normal 0 0 1
    outer loop
      vertex 105.5 68.75 50
      vertex 102.65558624267578 71.5999984741211 50
      vertex 105.33683776855469 68.73930358886719 50
    endloop
  endfacet
  facet normal 0 0 1
    outer loop
      vertex 105.33683776855469 68.73930358886719 50
      vertex 102.65558624267578 71.5999984741211 50
      vertex 105.17647552490234 68.70740509033203 50
    endloop
  endfacet
  facet normal 0 0 1
    outer loop
      vertex 105.17647552490234 68.70740509033203 50
      vertex 102.65558624267578 71.5999984741211 50
      vertex 105.02164459228516 68.65484619140625 50
    endloop
  endfacet
  facet normal 0 0 1
    outer loop
      vertex 105.02164459228516 68.65484619140625 50
      vertex 102.65558624267578 71.5999984741211 50
      vertex 104.875 68.58253479003906 50
    endloop
  endfacet
  facet normal 0 0 1
    outer loop
      vertex 104.875 68.58253479003906 50
      vertex 102.65558624267578 71.5999984741211 50
      vertex 104.73904418945312 68.49169158935547 50
    endloop
  endfacet
  facet normal 0 0 1
    outer loop
      vertex 102.45619201660156 71.46676635742188 50
      vertex 104.73904418945312 68.49169158935547 50
      vertex 102.65558624267578 71.5999984741211 50
    endloop
  endfacet
  facet normal 0 0 1
    outer loop
      vertex 104.73904418945312 68.49169158935547 50
      vertex 102.45619201660156 71.46676635742188 50
      vertex 104.61611938476562 68.38388061523438 50
    endloop
  endfacet
  facet normal 0 0 1
    outer loop
      vertex 105.02164459228516 66.34515380859375 50
      vertex 103.58657836914062 62.8806037902832 50
      vertex 104.20590209960938 62.670372009277344 50
    endloop
  endfacet
  facet normal 0 0 1
    outer loop
      vertex 101.16987609863281 70 50
      vertex 104.41746520996094 68.125 50
      vertex 101.53323364257812 70.54380798339844 50
    endloop
  endfacet
  facet normal 0 0 1
    outer loop
      vertex 104.875 66.41746520996094 50
      vertex 103 63.16987228393555 50
      vertex 103.58657836914062 62.8806037902832 50
    endloop
  endfacet
  facet normal 0 0 1
    outer loop
      vertex 104.50830841064453 68.26095581054688 50
      vertex 101.53323364257812 70.54380798339844 50
      vertex 104.41746520996094 68.125 50
    endloop
  endfacet
  facet normal 0 0 1
    outer loop
      vertex 104.41746520996094 68.125 50
      vertex 101.16987609863281 70 50
      vertex 104.34515380859375 67.97835540771484 50
    endloop
  endfacet
  facet normal 0 0 1
    outer loop
      vertex 101.53323364257812 70.54380798339844 50
      vertex 104.50830841064453 68.26095581054688 50
      vertex 101.96446228027344 71.03553771972656 50
    endloop
  endfacet
  facet normal 0 0 1
    outer loop
      vertex 104.61611938476562 68.38388061523438 50
      vertex 101.96446228027344 71.03553771972656 50
      vertex 104.50830841064453 68.26095581054688 50
    endloop
  endfacet
  facet normal 0 0 1
    outer loop
      vertex 101.96446228027344 71.03553771972656 50
      vertex 104.61611938476562 68.38388061523438 50
      vertex 102.45619201660156 71.46676635742188 50
    endloop
  endfacet
  facet normal 0 0 1
    outer loop
      vertex 108 74 50
      vertex 9.344409942626953 71.5999984741211 50
      vertex 102.65558624267578 71.5999984741211 50
    endloop
  endfacet
  facet normal 0 0 1
    outer loop
      vertex 7.582530975341797 66.875 50
      vertex 10.830126762390137 65 50
      vertex 7.654849052429199 67.02164459228516 50
    endloop
  endfacet
  facet normal 0 0 1
    outer loop
      vertex 10.830126762390137 65 50
      vertex 7.582530975341797 66.875 50
      vertex 10.466766357421875 64.45619201660156 50
    endloop
  endfacet
  facet normal 0 0 1
    outer loop
      vertex 7.491691589355469 66.73905181884766 50
      vertex 10.466766357421875 64.45619201660156 50
      vertex 7.582530975341797 66.875 50
    endloop
  endfacet
  facet normal 0 0 1
    outer loop
      vertex 11.457223892211914 68.15263366699219 50
      vertex 7.73930549621582 67.66316223144531 50
      vertex 7.75 67.5 50
    endloop
  endfacet
  facet normal 0 0 1
    outer loop
      vertex 11.329628944396973 68.79409790039062 50
      vertex 7.707406997680664 67.82352447509766 50
      vertex 7.73930549621582 67.66316223144531 50
    endloop
  endfacet
  facet normal 0 0 1
    outer loop
      vertex 11.119397163391113 69.41342163085938 50
      vertex 7.654849052429199 67.97835540771484 50
      vertex 7.707406997680664 67.82352447509766 50
    endloop
  endfacet
  facet normal 0 0 1
    outer loop
      vertex 10.830126762390137 70 50
      vertex 7.582530975341797 68.125 50
      vertex 7.654849052429199 67.97835540771484 50
    endloop
  endfacet
  facet normal 0 0 1
    outer loop
      vertex 10.466766357421875 70.54380798339844 50
      vertex 7.491691589355469 68.26095581054688 50
      vertex 7.582530975341797 68.125 50
    endloop
  endfacet
  facet normal 0 0 1
    outer loop
      vertex 10.035533905029297 71.03553771972656 50
      vertex 7.383883476257324 68.38388061523438 50
      vertex 7.491691589355469 68.26095581054688 50
    endloop
  endfacet
  facet normal 0 0 1
    outer loop
      vertex 9.543807029724121 71.46676635742188 50
      vertex 7.260951042175293 68.49169158935547 50
      vertex 7.383883476257324 68.38388061523438 50
    endloop
  endfacet
  facet normal 0 0 1
    outer loop
      vertex 9.344409942626953 71.5999984741211 50
      vertex 7.125 68.58253479003906 50
      vertex 7.260951042175293 68.49169158935547 50
    endloop
  endfacet
  facet normal 0 0 1
    outer loop
      vertex 9.344409942626953 71.5999984741211 50
      vertex 6.978353500366211 68.65484619140625 50
      vertex 7.125 68.58253479003906 50
    endloop
  endfacet
  facet normal 0 0 1
    outer loop
      vertex 9.344409942626953 71.5999984741211 50
      vertex 6.82352352142334 68.70740509033203 50
      vertex 6.978353500366211 68.65484619140625 50
    endloop
  endfacet
  facet normal 0 0 1
    outer loop
      vertex 9.344409942626953 71.5999984741211 50
      vertex 6.6631574630737305 68.73930358886719 50
      vertex 6.82352352142334 68.70740509033203 50
    endloop
  endfacet
  facet normal 0 0 1
    outer loop
      vertex 9.344409942626953 71.5999984741211 50
      vertex 6.5 68.75 50
      vertex 6.6631574630737305 68.73930358886719 50
    endloop
  endfacet
  facet normal 0 0 1
    outer loop
      vertex 3.5617189407348633 71.53727722167969 50
      vertex 6.5 68.75 50
      vertex 9.344409942626953 71.5999984741211 50
    endloop
  endfacet
  facet normal 0 0 1
    outer loop
      vertex 6.5 68.75 50
      vertex 3.5617189407348633 71.53727722167969 50
      vertex 6.336841583251953 68.73930358886719 50
    endloop
  endfacet
  facet normal 0 0 1
    outer loop
      vertex 6.336841583251953 68.73930358886719 50
      vertex 3.5617189407348633 71.53727722167969 50
      vertex 6.176475524902344 68.70740509033203 50
    endloop
  endfacet
  facet normal 0 0 1
    outer loop
      vertex 6.176475524902344 68.70740509033203 50
      vertex 3.5617189407348633 71.53727722167969 50
      vertex 6.021645545959473 68.65484619140625 50
    endloop
  endfacet
  facet normal 0 0 1
    outer loop
      vertex 6.021645545959473 68.65484619140625 50
      vertex 3.5617189407348633 71.53727722167969 50
      vertex 5.875 68.58253479003906 50
    endloop
  endfacet
  facet normal 0 0 1
    outer loop
      vertex 6.021645545959473 66.34515380859375 50
      vertex 4.586582183837891 62.8806037902832 50
      vertex 5.205904006958008 62.670372009277344 50
    endloop
  endfacet
  facet normal 0 0 1
    outer loop
      vertex 5.508307456970215 68.26095581054688 50
      vertex 2.462722063064575 70.43827819824219 50
      vertex 5.417468070983887 68.125 50
    endloop
  endfacet
  facet normal 0 0 1
    outer loop
      vertex 4 74 50
      vertex 9.344409942626953 71.5999984741211 50
      vertex 108 74 50
    endloop
  endfacet
  facet normal 0 0 1
    outer loop
      vertex 3.5617189407348633 71.53727722167969 50
      vertex 9.344409942626953 71.5999984741211 50
      vertex 4 74 50
    endloop
  endfacet
  facet normal 0 0 1
    outer loop
      vertex 5.875 68.58253479003906 50
      vertex 3.5617189407348633 71.53727722167969 50
      vertex 5.739048004150391 68.49169158935547 50
    endloop
  endfacet
  facet normal 0 0 1
    outer loop
      vertex 3.4561920166015625 71.46676635742188 50
      vertex 5.739048004150391 68.49169158935547 50
      vertex 3.5617189407348633 71.53727722167969 50
    endloop
  endfacet
  facet normal 0 0 1
    outer loop
      vertex 5.739048004150391 68.49169158935547 50
      vertex 3.4561920166015625 71.46676635742188 50
      vertex 5.616115570068359 68.38388061523438 50
    endloop
  endfacet
  facet normal 0 0 1
    outer loop
      vertex 2.9644651412963867 71.03553771972656 50
      vertex 5.616115570068359 68.38388061523438 50
      vertex 3.4561920166015625 71.46676635742188 50
    endloop
  endfacet
  facet normal 0 0 1
    outer loop
      vertex 5.616115570068359 68.38388061523438 50
      vertex 2.9644651412963867 71.03553771972656 50
      vertex 5.508307456970215 68.26095581054688 50
    endloop
  endfacet
  facet normal 0 0 1
    outer loop
      vertex 2.5332326889038086 70.54380798339844 50
      vertex 5.508307456970215 68.26095581054688 50
      vertex 2.9644651412963867 71.03553771972656 50
    endloop
  endfacet
  facet normal 0 0 1
    outer loop
      vertex 2.462722063064575 70.43827819824219 50
      vertex 5.508307456970215 68.26095581054688 50
      vertex 2.5332326889038086 70.54380798339844 50
    endloop
  endfacet
  facet normal 0 0 1
    outer loop
      vertex 5.417468070983887 68.125 50
      vertex 2.462722063064575 70.43827819824219 50
      vertex 5.345149993896484 67.97835540771484 50
    endloop
  endfacet
  facet normal 0 0 1
    outer loop
      vertex 5.875 66.41746520996094 50
      vertex 4 63.16987228393555 50
      vertex 4.586582183837891 62.8806037902832 50
    endloop
  endfacet
  facet normal 0 0 1
    outer loop
      vertex 3.4778947830200195 73.96578216552734 50
      vertex 3.5617189407348633 71.53727722167969 50
      vertex 4 74 50
    endloop
  endfacet
  facet normal 0 0 1
    outer loop
      vertex 2.964723587036133 73.86370086669922 50
      vertex 3.5617189407348633 71.53727722167969 50
      vertex 3.4778947830200195 73.96578216552734 50
    endloop
  endfacet
  facet normal 0 0 1
    outer loop
      vertex 2.469265937805176 73.69551849365234 50
      vertex 3.5617189407348633 71.53727722167969 50
      vertex 2.964723587036133 73.86370086669922 50
    endloop
  endfacet
  facet normal 0 0 1
    outer loop
      vertex 3.5617189407348633 71.53727722167969 50
      vertex 2.469265937805176 73.69551849365234 50
      vertex 3.3877058029174805 71.47821044921875 50
    endloop
  endfacet
  facet normal 0 0 1
    outer loop
      vertex 3.3877058029174805 71.47821044921875 50
      vertex 2.469265937805176 73.69551849365234 50
      vertex 3.1999988555908203 71.3856430053711 50
    endloop
  endfacet
  facet normal 0 0 1
    outer loop
      vertex 2 73.46410369873047 50
      vertex 3.1999988555908203 71.3856430053711 50
      vertex 2.469265937805176 73.69551849365234 50
    endloop
  endfacet
  facet normal 0 0 1
    outer loop
      vertex 3.1999988555908203 71.3856430053711 50
      vertex 2 73.46410369873047 50
      vertex 3.0259809494018555 71.26936340332031 50
    endloop
  endfacet
  facet normal 0 0 1
    outer loop
      vertex 3.0259809494018555 71.26936340332031 50
      vertex 2 73.46410369873047 50
      vertex 2.86862850189209 71.1313705444336 50
    endloop
  endfacet
  facet normal 0 0 1
    outer loop
      vertex 2.86862850189209 71.1313705444336 50
      vertex 2 73.46410369873047 50
      vertex 2.7306337356567383 70.9740219116211 50
    endloop
  endfacet
  facet normal 0 0 1
    outer loop
      vertex 2.7306337356567383 70.9740219116211 50
      vertex 2 73.46410369873047 50
      vertex 2.614358901977539 70.80000305175781 50
    endloop
  endfacet
  facet normal 0 0 1
    outer loop
      vertex 0 70 50
      vertex 2.614358901977539 70.80000305175781 50
      vertex 2 73.46410369873047 50
    endloop
  endfacet
  facet normal 0 0 1
    outer loop
      vertex 2.614358901977539 70.80000305175781 50
      vertex 0 70 50
      vertex 2.521791458129883 70.61229705810547 50
    endloop
  endfacet
  facet normal 0 0 1
    outer loop
      vertex 2.462722063064575 70.43827819824219 50
      vertex 0 70 50
      vertex 2.3999996185302734 64.65559387207031 50
    endloop
  endfacet
  facet normal 0 0 1
    outer loop
      vertex 2.521791458129883 70.61229705810547 50
      vertex 0 70 50
      vertex 2.462722063064575 70.43827819824219 50
    endloop
  endfacet
  facet normal 0.32144228203731884 -0.9469291733380278 0
    outer loop
      vertex 109.0352783203125 0.13629722595214844 0
      vertex 109.53073120117188 0.30448246002197266 50
      vertex 109.0352783203125 0.13629722595214844 50
    endloop
  endfacet
  facet normal 0.32144228203731884 -0.9469291733380278 0
    outer loop
      vertex 109.53073120117188 0.30448246002197266 50
      vertex 109.0352783203125 0.13629722595214844 0
      vertex 109.53073120117188 0.30448246002197266 0
    endloop
  endfacet
  facet normal -0.44228629824909294 0.8968739211177424 0
    outer loop
      vertex 2.469265937805176 73.69551849365234 0
      vertex 2 73.46410369873047 50
      vertex 2.469265937805176 73.69551849365234 50
    endloop
  endfacet
  facet normal -0.44228629824909294 0.8968739211177424 0
    outer loop
      vertex 2 73.46410369873047 50
      vertex 2.469265937805176 73.69551849365234 0
      vertex 2 73.46410369873047 0
    endloop
  endfacet
  facet normal 0.5555714196190613 -0.8314688194409101 0
    outer loop
      vertex 110 0.5358991622924805 0
      vertex 110.43504333496094 0.8265867233276367 50
      vertex 110 0.5358991622924805 50
    endloop
  endfacet
  facet normal 0.5555714196190613 -0.8314688194409101 0
    outer loop
      vertex 110.43504333496094 0.8265867233276367 50
      vertex 110 0.5358991622924805 0
      vertex 110.43504333496094 0.8265867233276367 0
    endloop
  endfacet
  facet normal 0 0 -1
    outer loop
      vertex 88.91021728515625 25.70545196533203 0
      vertex 112 4 0
      vertex 89.04266357421875 25.31528091430664 0
    endloop
  endfacet
  facet normal 0 0 -1
    outer loop
      vertex 112 70 0
      vertex 89.123046875 49.088844299316406 0
      vertex 89.1500015258789 49.5 0
    endloop
  endfacet
  facet normal 0 0 -1
    outer loop
      vertex 112 4 0
      vertex 88.91021728515625 25.70545196533203 0
      vertex 112 70 0
    endloop
  endfacet
  facet normal 0 0 -1
    outer loop
      vertex 112 70 0
      vertex 89.04266357421875 48.68471908569336 0
      vertex 89.123046875 49.088844299316406 0
    endloop
  endfacet
  facet normal 0 0 -1
    outer loop
      vertex 88.91021728515625 48.29454803466797 0
      vertex 112 70 0
      vertex 88.91021728515625 25.70545196533203 0
    endloop
  endfacet
  facet normal 0 0 -1
    outer loop
      vertex 112 70 0
      vertex 88.91021728515625 48.29454803466797 0
      vertex 89.04266357421875 48.68471908569336 0
    endloop
  endfacet
  facet normal 0 0 -1
    outer loop
      vertex 88.72798156738281 26.075000762939453 0
      vertex 88.91021728515625 48.29454803466797 0
      vertex 88.91021728515625 25.70545196533203 0
    endloop
  endfacet
  facet normal 0 0 -1
    outer loop
      vertex 88.72798156738281 26.075000762939453 0
      vertex 88.72798156738281 47.92499923706055 0
      vertex 88.91021728515625 48.29454803466797 0
    endloop
  endfacet
  facet normal 0 0 -1
    outer loop
      vertex 88.49906158447266 26.417598724365234 0
      vertex 88.72798156738281 47.92499923706055 0
      vertex 88.72798156738281 26.075000762939453 0
    endloop
  endfacet
  facet normal 0 0 -1
    outer loop
      vertex 88.49906158447266 26.417598724365234 0
      vertex 88.49906158447266 47.582401275634766 0
      vertex 88.72798156738281 47.92499923706055 0
    endloop
  endfacet
  facet normal 0 0 -1
    outer loop
      vertex 88.22738647460938 26.727386474609375 0
      vertex 88.49906158447266 47.582401275634766 0
      vertex 88.49906158447266 26.417598724365234 0
    endloop
  endfacet
  facet normal 0 0 -1
    outer loop
      vertex 88.22738647460938 26.727386474609375 0
      vertex 88.22738647460938 47.272613525390625 0
      vertex 88.49906158447266 47.582401275634766 0
    endloop
  endfacet
  facet normal 0 0 -1
    outer loop
      vertex 87.91759490966797 26.99906349182129 0
      vertex 88.22738647460938 47.272613525390625 0
      vertex 88.22738647460938 26.727386474609375 0
    endloop
  endfacet
  facet normal 0 0 -1
    outer loop
      vertex 87.91759490966797 26.99906349182129 0
      vertex 87.91759490966797 47.000938415527344 0
      vertex 88.22738647460938 47.272613525390625 0
    endloop
  endfacet
  facet normal 0 0 -1
    outer loop
      vertex 87.57499694824219 27.227981567382812 0
      vertex 87.91759490966797 47.000938415527344 0
      vertex 87.91759490966797 26.99906349182129 0
    endloop
  endfacet
  facet normal 0 0 -1
    outer loop
      vertex 87.57499694824219 27.227981567382812 0
      vertex 87.57499694824219 46.77201843261719 0
      vertex 87.91759490966797 47.000938415527344 0
    endloop
  endfacet
  facet normal 0 0 -1
    outer loop
      vertex 87.20545196533203 27.410221099853516 0
      vertex 87.57499694824219 46.77201843261719 0
      vertex 87.57499694824219 27.227981567382812 0
    endloop
  endfacet
  facet normal 0 0 -1
    outer loop
      vertex 87.20545196533203 27.410221099853516 0
      vertex 87.20545196533203 46.589778900146484 0
      vertex 87.57499694824219 46.77201843261719 0
    endloop
  endfacet
  facet normal 0 0 -1
    outer loop
      vertex 86.81527709960938 27.542667388916016 0
      vertex 87.20545196533203 46.589778900146484 0
      vertex 87.20545196533203 27.410221099853516 0
    endloop
  endfacet
  facet normal 0 0 -1
    outer loop
      vertex 86.81527709960938 27.542667388916016 0
      vertex 86.81527709960938 46.45733642578125 0
      vertex 87.20545196533203 46.589778900146484 0
    endloop
  endfacet
  facet normal 0 0 -1
    outer loop
      vertex 86.4111557006836 27.623050689697266 0
      vertex 86.81527709960938 46.45733642578125 0
      vertex 86.81527709960938 27.542667388916016 0
    endloop
  endfacet
  facet normal 0 0 -1
    outer loop
      vertex 86.4111557006836 27.623050689697266 0
      vertex 86.4111557006836 46.376949310302734 0
      vertex 86.81527709960938 46.45733642578125 0
    endloop
  endfacet
  facet normal 0 0 -1
    outer loop
      vertex 86 27.650001525878906 0
      vertex 86.4111557006836 46.376949310302734 0
      vertex 86.4111557006836 27.623050689697266 0
    endloop
  endfacet
  facet normal 0 0 -1
    outer loop
      vertex 86 27.650001525878906 0
      vertex 86 46.349998474121094 0
      vertex 86.4111557006836 46.376949310302734 0
    endloop
  endfacet
  facet normal 0 0 -1
    outer loop
      vertex 85.5888442993164 27.623050689697266 0
      vertex 86 46.349998474121094 0
      vertex 86 27.650001525878906 0
    endloop
  endfacet
  facet normal 0 0 -1
    outer loop
      vertex 85.5888442993164 27.623050689697266 0
      vertex 85.5888442993164 46.376949310302734 0
      vertex 86 46.349998474121094 0
    endloop
  endfacet
  facet normal 0 0 -1
    outer loop
      vertex 85.18472290039062 27.542667388916016 0
      vertex 85.5888442993164 46.376949310302734 0
      vertex 85.5888442993164 27.623050689697266 0
    endloop
  endfacet
  facet normal 0 0 -1
    outer loop
      vertex 85.18472290039062 27.542667388916016 0
      vertex 85.18472290039062 46.45733642578125 0
      vertex 85.5888442993164 46.376949310302734 0
    endloop
  endfacet
  facet normal 0 0 -1
    outer loop
      vertex 84.79454803466797 27.410221099853516 0
      vertex 85.18472290039062 46.45733642578125 0
      vertex 85.18472290039062 27.542667388916016 0
    endloop
  endfacet
  facet normal 0 0 -1
    outer loop
      vertex 84.79454803466797 27.410221099853516 0
      vertex 84.79454803466797 46.589778900146484 0
      vertex 85.18472290039062 46.45733642578125 0
    endloop
  endfacet
  facet normal 0 0 -1
    outer loop
      vertex 84.42500305175781 27.227981567382812 0
      vertex 84.79454803466797 46.589778900146484 0
      vertex 84.79454803466797 27.410221099853516 0
    endloop
  endfacet
  facet normal 0 0 -1
    outer loop
      vertex 84.42500305175781 27.227981567382812 0
      vertex 84.42500305175781 46.77201843261719 0
      vertex 84.79454803466797 46.589778900146484 0
    endloop
  endfacet
  facet normal 0 0 -1
    outer loop
      vertex 84.0823974609375 26.99906349182129 0
      vertex 84.42500305175781 46.77201843261719 0
      vertex 84.42500305175781 27.227981567382812 0
    endloop
  endfacet
  facet normal 0 0 -1
    outer loop
      vertex 84.0823974609375 26.99906349182129 0
      vertex 84.0823974609375 47.000938415527344 0
      vertex 84.42500305175781 46.77201843261719 0
    endloop
  endfacet
  facet normal 0 0 -1
    outer loop
      vertex 83.77261352539062 26.727386474609375 0
      vertex 84.0823974609375 47.000938415527344 0
      vertex 84.0823974609375 26.99906349182129 0
    endloop
  endfacet
  facet normal 0 0 -1
    outer loop
      vertex 83.77261352539062 26.727386474609375 0
      vertex 83.77261352539062 47.272613525390625 0
      vertex 84.0823974609375 47.000938415527344 0
    endloop
  endfacet
  facet normal 0 0 -1
    outer loop
      vertex 83.50093841552734 26.417598724365234 0
      vertex 83.77261352539062 47.272613525390625 0
      vertex 83.77261352539062 26.727386474609375 0
    endloop
  endfacet
  facet normal 0 0 -1
    outer loop
      vertex 83.50093841552734 26.417598724365234 0
      vertex 83.50093841552734 47.582401275634766 0
      vertex 83.77261352539062 47.272613525390625 0
    endloop
  endfacet
  facet normal 0 0 -1
    outer loop
      vertex 59.94999694824219 22.700000762939453 0
      vertex 83.50093841552734 26.417598724365234 0
      vertex 83.27201843261719 26.075000762939453 0
    endloop
  endfacet
  facet normal 0 0 -1
    outer loop
      vertex 83.50093841552734 26.417598724365234 0
      vertex 59.94999694824219 22.700000762939453 0
      vertex 83.50093841552734 47.582401275634766 0
    endloop
  endfacet
  facet normal 0 0 -1
    outer loop
      vertex 59.94999694824219 22.700000762939453 0
      vertex 83.27201843261719 26.075000762939453 0
      vertex 83.08978271484375 25.70545196533203 0
    endloop
  endfacet
  facet normal 0 0 -1
    outer loop
      vertex 59.94999694824219 51.30000305175781 0
      vertex 83.50093841552734 47.582401275634766 0
      vertex 59.94999694824219 22.700000762939453 0
    endloop
  endfacet
  facet normal 0 0 -1
    outer loop
      vertex 59.94999694824219 22.700000762939453 0
      vertex 83.08978271484375 25.70545196533203 0
      vertex 82.95733642578125 25.31528091430664 0
    endloop
  endfacet
  facet normal 0 0 -1
    outer loop
      vertex 83.50093841552734 47.582401275634766 0
      vertex 59.94999694824219 51.30000305175781 0
      vertex 83.27201843261719 47.92499923706055 0
    endloop
  endfacet
  facet normal 0 0 -1
    outer loop
      vertex 59.94999694824219 22.700000762939453 0
      vertex 82.95733642578125 25.31528091430664 0
      vertex 82.87694549560547 24.911157608032227 0
    endloop
  endfacet
  facet normal 0 0 -1
    outer loop
      vertex 83.27201843261719 47.92499923706055 0
      vertex 59.94999694824219 51.30000305175781 0
      vertex 83.08978271484375 48.29454803466797 0
    endloop
  endfacet
  facet normal 0 0 -1
    outer loop
      vertex 59.94999694824219 22.700000762939453 0
      vertex 82.87694549560547 24.911157608032227 0
      vertex 82.8499984741211 24.5 0
    endloop
  endfacet
  facet normal 0 0 -1
    outer loop
      vertex 83.08978271484375 48.29454803466797 0
      vertex 59.94999694824219 51.30000305175781 0
      vertex 82.95733642578125 48.68471908569336 0
    endloop
  endfacet
  facet normal 0 0 -1
    outer loop
      vertex 108 0 0
      vertex 112 4 0
      vertex 111.96578216552734 3.477895736694336 0
    endloop
  endfacet
  facet normal 0 0 -1
    outer loop
      vertex 89.123046875 24.911157608032227 0
      vertex 112 4 0
      vertex 89.1500015258789 24.5 0
    endloop
  endfacet
  facet normal 0 0 -1
    outer loop
      vertex 108 0 0
      vertex 111.96578216552734 3.477895736694336 0
      vertex 111.86370086669922 2.964724540710449 0
    endloop
  endfacet
  facet normal 0 0 -1
    outer loop
      vertex 89.04266357421875 25.31528091430664 0
      vertex 112 4 0
      vertex 89.123046875 24.911157608032227 0
    endloop
  endfacet
  facet normal 0 0 -1
    outer loop
      vertex 108 0 0
      vertex 111.86370086669922 2.964724540710449 0
      vertex 111.69551849365234 2.469266891479492 0
    endloop
  endfacet
  facet normal 0 0 -1
    outer loop
      vertex 89.123046875 49.911155700683594 0
      vertex 112 70 0
      vertex 89.1500015258789 49.5 0
    endloop
  endfacet
  facet normal 0 0 -1
    outer loop
      vertex 108 0 0
      vertex 111.69551849365234 2.469266891479492 0
      vertex 111.46410369873047 2 0
    endloop
  endfacet
  facet normal 0 0 -1
    outer loop
      vertex 89.04266357421875 50.31528091430664 0
      vertex 112 70 0
      vertex 89.123046875 49.911155700683594 0
    endloop
  endfacet
  facet normal 0 0 -1
    outer loop
      vertex 108 0 0
      vertex 111.46410369873047 2 0
      vertex 111.17341613769531 1.5649547576904297 0
    endloop
  endfacet
  facet normal 0 0 -1
    outer loop
      vertex 88.91021728515625 50.70545196533203 0
      vertex 112 70 0
      vertex 89.04266357421875 50.31528091430664 0
    endloop
  endfacet
  facet normal 0 0 -1
    outer loop
      vertex 108 0 0
      vertex 111.17341613769531 1.5649547576904297 0
      vertex 110.82843017578125 1.1715736389160156 0
    endloop
  endfacet
  facet normal 0 0 -1
    outer loop
      vertex 88.72798156738281 51.07500076293945 0
      vertex 112 70 0
      vertex 88.91021728515625 50.70545196533203 0
    endloop
  endfacet
  facet normal 0 0 -1
    outer loop
      vertex 108 0 0
      vertex 110.82843017578125 1.1715736389160156 0
      vertex 110.43504333496094 0.8265867233276367 0
    endloop
  endfacet
  facet normal 0 0 -1
    outer loop
      vertex 88.49906158447266 51.417598724365234 0
      vertex 112 70 0
      vertex 88.72798156738281 51.07500076293945 0
    endloop
  endfacet
  facet normal 0 0 -1
    outer loop
      vertex 108 0 0
      vertex 110.43504333496094 0.8265867233276367 0
      vertex 110 0.5358991622924805 0
    endloop
  endfacet
  facet normal 0 0 -1
    outer loop
      vertex 108 74 0
      vertex 112 70 0
      vertex 88.49906158447266 51.417598724365234 0
    endloop
  endfacet
  facet normal 0 0 -1
    outer loop
      vertex 108 0 0
      vertex 110 0.5358991622924805 0
      vertex 109.53073120117188 0.30448246002197266 0
    endloop
  endfacet
  facet normal 0 0 -1
    outer loop
      vertex 112 70 0
      vertex 108 74 0
      vertex 111.96578216552734 70.52210235595703 0
    endloop
  endfacet
  facet normal 0 0 -1
    outer loop
      vertex 108 0 0
      vertex 109.53073120117188 0.30448246002197266 0
      vertex 109.0352783203125 0.13629722595214844 0
    endloop
  endfacet
  facet normal 0 0 -1
    outer loop
      vertex 111.96578216552734 70.52210235595703 0
      vertex 108 74 0
      vertex 111.86370086669922 71.0352783203125 0
    endloop
  endfacet
  facet normal 0 0 -1
    outer loop
      vertex 108 0 0
      vertex 109.0352783203125 0.13629722595214844 0
      vertex 108.52210235595703 0.03422069549560547 0
    endloop
  endfacet
  facet normal 0 0 -1
    outer loop
      vertex 111.69551849365234 71.53073120117188 0
      vertex 108 74 0
      vertex 111.46410369873047 72 0
    endloop
  endfacet
  facet normal 0 0 -1
    outer loop
      vertex 112 4 0
      vertex 108 0 0
      vertex 88.49906158447266 22.582401275634766 0
    endloop
  endfacet
  facet normal 0 0 -1
    outer loop
      vertex 111.46410369873047 72 0
      vertex 108 74 0
      vertex 111.17341613769531 72.43504333496094 0
    endloop
  endfacet
  facet normal 0 0 -1
    outer loop
      vertex 110.82843017578125 72.82843017578125 0
      vertex 108 74 0
      vertex 110.43504333496094 73.17341613769531 0
    endloop
  endfacet
  facet normal 0 0 -1
    outer loop
      vertex 112 4 0
      vertex 89.123046875 24.088844299316406 0
      vertex 89.1500015258789 24.5 0
    endloop
  endfacet
  facet normal 0 0 -1
    outer loop
      vertex 112 4 0
      vertex 89.04266357421875 23.68471908569336 0
      vertex 89.123046875 24.088844299316406 0
    endloop
  endfacet
  facet normal 0 0 -1
    outer loop
      vertex 112 4 0
      vertex 88.91021728515625 23.29454803466797 0
      vertex 89.04266357421875 23.68471908569336 0
    endloop
  endfacet
  facet normal 0 0 -1
    outer loop
      vertex 112 4 0
      vertex 88.72798156738281 22.924999237060547 0
      vertex 88.91021728515625 23.29454803466797 0
    endloop
  endfacet
  facet normal 0 0 -1
    outer loop
      vertex 112 4 0
      vertex 88.49906158447266 22.582401275634766 0
      vertex 88.72798156738281 22.924999237060547 0
    endloop
  endfacet
  facet normal 0 0 -1
    outer loop
      vertex 108 0 0
      vertex 88.22738647460938 22.272613525390625 0
      vertex 88.49906158447266 22.582401275634766 0
    endloop
  endfacet
  facet normal 0 0 -1
    outer loop
      vertex 108 0 0
      vertex 87.91759490966797 22.000938415527344 0
      vertex 88.22738647460938 22.272613525390625 0
    endloop
  endfacet
  facet normal 0 0 -1
    outer loop
      vertex 108 0 0
      vertex 87.57499694824219 21.77202033996582 0
      vertex 87.91759490966797 22.000938415527344 0
    endloop
  endfacet
  facet normal 0 0 -1
    outer loop
      vertex 108 0 0
      vertex 87.20545196533203 21.589778900146484 0
      vertex 87.57499694824219 21.77202033996582 0
    endloop
  endfacet
  facet normal 0 0 -1
    outer loop
      vertex 108 0 0
      vertex 86.81527709960938 21.457334518432617 0
      vertex 87.20545196533203 21.589778900146484 0
    endloop
  endfacet
  facet normal 0 0 -1
    outer loop
      vertex 108 0 0
      vertex 86.4111557006836 21.376949310302734 0
      vertex 86.81527709960938 21.457334518432617 0
    endloop
  endfacet
  facet normal 0 0 -1
    outer loop
      vertex 108 0 0
      vertex 86 21.350000381469727 0
      vertex 86.4111557006836 21.376949310302734 0
    endloop
  endfacet
  facet normal 0 0 -1
    outer loop
      vertex 108 0 0
      vertex 85.5888442993164 21.376949310302734 0
      vertex 86 21.350000381469727 0
    endloop
  endfacet
  facet normal 0 0 -1
    outer loop
      vertex 108 0 0
      vertex 85.18472290039062 21.457334518432617 0
      vertex 85.5888442993164 21.376949310302734 0
    endloop
  endfacet
  facet normal 0 0 -1
    outer loop
      vertex 108 0 0
      vertex 84.79454803466797 21.589778900146484 0
      vertex 85.18472290039062 21.457334518432617 0
    endloop
  endfacet
  facet normal 0 0 -1
    outer loop
      vertex 58.9622917175293 21.22179412841797 0
      vertex 84.79454803466797 21.589778900146484 0
      vertex 108 0 0
    endloop
  endfacet
  facet normal 0 0 -1
    outer loop
      vertex 59.14999771118164 21.314361572265625 0
      vertex 84.79454803466797 21.589778900146484 0
      vertex 58.9622917175293 21.22179412841797 0
    endloop
  endfacet
  facet normal 0 0 -1
    outer loop
      vertex 84.79454803466797 21.589778900146484 0
      vertex 59.14999771118164 21.314361572265625 0
      vertex 84.42500305175781 21.77202033996582 0
    endloop
  endfacet
  facet normal 0 0 -1
    outer loop
      vertex 82.95733642578125 48.68471908569336 0
      vertex 59.94999694824219 51.30000305175781 0
      vertex 82.87694549560547 49.088844299316406 0
    endloop
  endfacet
  facet normal 0 0 -1
    outer loop
      vertex 82.87694549560547 24.088844299316406 0
      vertex 59.94999694824219 22.700000762939453 0
      vertex 82.8499984741211 24.5 0
    endloop
  endfacet
  facet normal 0 0 -1
    outer loop
      vertex 59.936309814453125 22.491159439086914 0
      vertex 82.87694549560547 24.088844299316406 0
      vertex 82.95733642578125 23.68471908569336 0
    endloop
  endfacet
  facet normal 0 0 -1
    outer loop
      vertex 59.89548110961914 22.285890579223633 0
      vertex 82.95733642578125 23.68471908569336 0
      vertex 83.08978271484375 23.29454803466797 0
    endloop
  endfacet
  facet normal 0 0 -1
    outer loop
      vertex 59.82820510864258 22.08770751953125 0
      vertex 83.08978271484375 23.29454803466797 0
      vertex 83.27201843261719 22.924999237060547 0
    endloop
  endfacet
  facet normal 0 0 -1
    outer loop
      vertex 59.73564147949219 21.900001525878906 0
      vertex 83.27201843261719 22.924999237060547 0
      vertex 83.50093841552734 22.582401275634766 0
    endloop
  endfacet
  facet normal 0 0 -1
    outer loop
      vertex 59.619361877441406 21.725982666015625 0
      vertex 83.50093841552734 22.582401275634766 0
      vertex 83.77261352539062 22.272613525390625 0
    endloop
  endfacet
  facet normal 0 0 -1
    outer loop
      vertex 59.32401657104492 21.430635452270508 0
      vertex 84.42500305175781 21.77202033996582 0
      vertex 59.14999771118164 21.314361572265625 0
    endloop
  endfacet
  facet normal 0 0 -1
    outer loop
      vertex 82.87694549560547 24.088844299316406 0
      vertex 59.936309814453125 22.491159439086914 0
      vertex 59.94999694824219 22.700000762939453 0
    endloop
  endfacet
  facet normal 0 0 -1
    outer loop
      vertex 82.95733642578125 23.68471908569336 0
      vertex 59.89548110961914 22.285890579223633 0
      vertex 59.936309814453125 22.491159439086914 0
    endloop
  endfacet
  facet normal 0 0 -1
    outer loop
      vertex 83.08978271484375 23.29454803466797 0
      vertex 59.82820510864258 22.08770751953125 0
      vertex 59.89548110961914 22.285890579223633 0
    endloop
  endfacet
  facet normal 0 0 -1
    outer loop
      vertex 83.27201843261719 22.924999237060547 0
      vertex 59.73564147949219 21.900001525878906 0
      vertex 59.82820510864258 22.08770751953125 0
    endloop
  endfacet
  facet normal 0 0 -1
    outer loop
      vertex 83.50093841552734 22.582401275634766 0
      vertex 59.619361877441406 21.725982666015625 0
      vertex 59.73564147949219 21.900001525878906 0
    endloop
  endfacet
  facet normal 0 0 -1
    outer loop
      vertex 83.77261352539062 22.272613525390625 0
      vertex 59.48136901855469 21.56863021850586 0
      vertex 59.619361877441406 21.725982666015625 0
    endloop
  endfacet
  facet normal 0 0 -1
    outer loop
      vertex 84.0823974609375 22.000938415527344 0
      vertex 59.48136901855469 21.56863021850586 0
      vertex 83.77261352539062 22.272613525390625 0
    endloop
  endfacet
  facet normal 0 0 -1
    outer loop
      vertex 59.48136901855469 21.56863021850586 0
      vertex 84.0823974609375 22.000938415527344 0
      vertex 59.32401657104492 21.430635452270508 0
    endloop
  endfacet
  facet normal 0 0 -1
    outer loop
      vertex 84.42500305175781 21.77202033996582 0
      vertex 59.32401657104492 21.430635452270508 0
      vertex 84.0823974609375 22.000938415527344 0
    endloop
  endfacet
  facet normal 0 0 -1
    outer loop
      vertex 108 0 0
      vertex 58.76411056518555 21.15452003479004 0
      vertex 58.9622917175293 21.22179412841797 0
    endloop
  endfacet
  facet normal 0 0 -1
    outer loop
      vertex 108 0 0
      vertex 58.558841705322266 21.113689422607422 0
      vertex 58.76411056518555 21.15452003479004 0
    endloop
  endfacet
  facet normal 0 0 -1
    outer loop
      vertex 108 0 0
      vertex 58.349998474121094 21.10000228881836 0
      vertex 58.558841705322266 21.113689422607422 0
    endloop
  endfacet
  facet normal 0 0 -1
    outer loop
      vertex 4 0 0
      vertex 58.349998474121094 21.10000228881836 0
      vertex 108 0 0
    endloop
  endfacet
  facet normal 0 0 -1
    outer loop
      vertex 58.349998474121094 21.10000228881836 0
      vertex 4 0 0
      vertex 15.649998664855957 21.10000228881836 0
    endloop
  endfacet
  facet normal 0 0 -1
    outer loop
      vertex 15.649998664855957 21.10000228881836 0
      vertex 4 0 0
      vertex 15.441156387329102 21.113689422607422 0
    endloop
  endfacet
  facet normal 0 0 -1
    outer loop
      vertex 14.063687324523926 22.491159439086914 0
      vertex 0 4 0
      vertex 14.049999237060547 22.700000762939453 0
    endloop
  endfacet
  facet normal 0 0 -1
    outer loop
      vertex 14.104516983032227 22.285890579223633 0
      vertex 0 4 0
      vertex 14.063687324523926 22.491159439086914 0
    endloop
  endfacet
  facet normal 0 0 -1
    outer loop
      vertex 14.171791076660156 22.08770751953125 0
      vertex 0 4 0
      vertex 14.104516983032227 22.285890579223633 0
    endloop
  endfacet
  facet normal 0 0 -1
    outer loop
      vertex 14.264358520507812 21.900001525878906 0
      vertex 0 4 0
      vertex 14.171791076660156 22.08770751953125 0
    endloop
  endfacet
  facet normal 0 0 -1
    outer loop
      vertex 14.380633354187012 21.725982666015625 0
      vertex 0 4 0
      vertex 14.264358520507812 21.900001525878906 0
    endloop
  endfacet
  facet normal 0 0 -1
    outer loop
      vertex 14.518628120422363 21.56863021850586 0
      vertex 0 4 0
      vertex 14.380633354187012 21.725982666015625 0
    endloop
  endfacet
  facet normal 0 0 -1
    outer loop
      vertex 14.675980567932129 21.430635452270508 0
      vertex 0 4 0
      vertex 14.518628120422363 21.56863021850586 0
    endloop
  endfacet
  facet normal 0 0 -1
    outer loop
      vertex 14.849998474121094 21.314361572265625 0
      vertex 0 4 0
      vertex 14.675980567932129 21.430635452270508 0
    endloop
  endfacet
  facet normal 0 0 -1
    outer loop
      vertex 15.037705421447754 21.22179412841797 0
      vertex 0 4 0
      vertex 14.849998474121094 21.314361572265625 0
    endloop
  endfacet
  facet normal 0 0 -1
    outer loop
      vertex 0 4 0
      vertex 15.037705421447754 21.22179412841797 0
      vertex 4 0 0
    endloop
  endfacet
  facet normal 0 0 -1
    outer loop
      vertex 15.235888481140137 21.15452003479004 0
      vertex 4 0 0
      vertex 15.037705421447754 21.22179412841797 0
    endloop
  endfacet
  facet normal 0 0 -1
    outer loop
      vertex 15.441156387329102 21.113689422607422 0
      vertex 4 0 0
      vertex 15.235888481140137 21.15452003479004 0
    endloop
  endfacet
  facet normal 0 0 -1
    outer loop
      vertex 110.43504333496094 73.17341613769531 0
      vertex 108 74 0
      vertex 110 73.46410369873047 0
    endloop
  endfacet
  facet normal 0 0 -1
    outer loop
      vertex 109.53073120117188 73.69551849365234 0
      vertex 108 74 0
      vertex 109.0352783203125 73.86370086669922 0
    endloop
  endfacet
  facet normal 0 0 -1
    outer loop
      vertex 109.0352783203125 73.86370086669922 0
      vertex 108 74 0
      vertex 108.52210235595703 73.96578216552734 0
    endloop
  endfacet
  facet normal 0 0 -1
    outer loop
      vertex 110 73.46410369873047 0
      vertex 108 74 0
      vertex 109.53073120117188 73.69551849365234 0
    endloop
  endfacet
  facet normal 0 0 -1
    outer loop
      vertex 111.17341613769531 72.43504333496094 0
      vertex 108 74 0
      vertex 110.82843017578125 72.82843017578125 0
    endloop
  endfacet
  facet normal 0 0 -1
    outer loop
      vertex 111.86370086669922 71.0352783203125 0
      vertex 108 74 0
      vertex 111.69551849365234 71.53073120117188 0
    endloop
  endfacet
  facet normal 0 0 -1
    outer loop
      vertex 88.22738647460938 51.727386474609375 0
      vertex 108 74 0
      vertex 88.49906158447266 51.417598724365234 0
    endloop
  endfacet
  facet normal 0 0 -1
    outer loop
      vertex 87.91759490966797 51.999061584472656 0
      vertex 108 74 0
      vertex 88.22738647460938 51.727386474609375 0
    endloop
  endfacet
  facet normal 0 0 -1
    outer loop
      vertex 87.57499694824219 52.22798156738281 0
      vertex 108 74 0
      vertex 87.91759490966797 51.999061584472656 0
    endloop
  endfacet
  facet normal 0 0 -1
    outer loop
      vertex 87.20545196533203 52.410221099853516 0
      vertex 108 74 0
      vertex 87.57499694824219 52.22798156738281 0
    endloop
  endfacet
  facet normal 0 0 -1
    outer loop
      vertex 86.81527709960938 52.542667388916016 0
      vertex 108 74 0
      vertex 87.20545196533203 52.410221099853516 0
    endloop
  endfacet
  facet normal 0 0 -1
    outer loop
      vertex 86.4111557006836 52.623050689697266 0
      vertex 108 74 0
      vertex 86.81527709960938 52.542667388916016 0
    endloop
  endfacet
  facet normal 0 0 -1
    outer loop
      vertex 86 52.650001525878906 0
      vertex 108 74 0
      vertex 86.4111557006836 52.623050689697266 0
    endloop
  endfacet
  facet normal 0 0 -1
    outer loop
      vertex 85.5888442993164 52.623050689697266 0
      vertex 108 74 0
      vertex 86 52.650001525878906 0
    endloop
  endfacet
  facet normal 0 0 -1
    outer loop
      vertex 85.18472290039062 52.542667388916016 0
      vertex 108 74 0
      vertex 85.5888442993164 52.623050689697266 0
    endloop
  endfacet
  facet normal 0 0 -1
    outer loop
      vertex 84.79454803466797 52.410221099853516 0
      vertex 108 74 0
      vertex 85.18472290039062 52.542667388916016 0
    endloop
  endfacet
  facet normal 0 0 -1
    outer loop
      vertex 59.14999771118164 52.68564224243164 0
      vertex 84.79454803466797 52.410221099853516 0
      vertex 84.42500305175781 52.22798156738281 0
    endloop
  endfacet
  facet normal 0 0 -1
    outer loop
      vertex 59.32401657104492 52.569366455078125 0
      vertex 84.42500305175781 52.22798156738281 0
      vertex 84.0823974609375 51.999061584472656 0
    endloop
  endfacet
  facet normal 0 0 -1
    outer loop
      vertex 59.48136901855469 52.431373596191406 0
      vertex 84.0823974609375 51.999061584472656 0
      vertex 83.77261352539062 51.727386474609375 0
    endloop
  endfacet
  facet normal 0 0 -1
    outer loop
      vertex 82.87694549560547 49.088844299316406 0
      vertex 59.94999694824219 51.30000305175781 0
      vertex 82.8499984741211 49.5 0
    endloop
  endfacet
  facet normal 0 0 -1
    outer loop
      vertex 82.8499984741211 49.5 0
      vertex 59.94999694824219 51.30000305175781 0
      vertex 82.87694549560547 49.911155700683594 0
    endloop
  endfacet
  facet normal 0 0 -1
    outer loop
      vertex 59.936309814453125 51.50884246826172 0
      vertex 82.87694549560547 49.911155700683594 0
      vertex 59.94999694824219 51.30000305175781 0
    endloop
  endfacet
  facet normal 0 0 -1
    outer loop
      vertex 82.87694549560547 49.911155700683594 0
      vertex 59.936309814453125 51.50884246826172 0
      vertex 82.95733642578125 50.31528091430664 0
    endloop
  endfacet
  facet normal 0 0 -1
    outer loop
      vertex 59.89548110961914 51.714111328125 0
      vertex 82.95733642578125 50.31528091430664 0
      vertex 59.936309814453125 51.50884246826172 0
    endloop
  endfacet
  facet normal 0 0 -1
    outer loop
      vertex 82.95733642578125 50.31528091430664 0
      vertex 59.89548110961914 51.714111328125 0
      vertex 83.08978271484375 50.70545196533203 0
    endloop
  endfacet
  facet normal 0 0 -1
    outer loop
      vertex 59.82820510864258 51.91229248046875 0
      vertex 83.08978271484375 50.70545196533203 0
      vertex 59.89548110961914 51.714111328125 0
    endloop
  endfacet
  facet normal 0 0 -1
    outer loop
      vertex 83.08978271484375 50.70545196533203 0
      vertex 59.82820510864258 51.91229248046875 0
      vertex 83.27201843261719 51.07500076293945 0
    endloop
  endfacet
  facet normal 0 0 -1
    outer loop
      vertex 59.73564147949219 52.10000228881836 0
      vertex 83.27201843261719 51.07500076293945 0
      vertex 59.82820510864258 51.91229248046875 0
    endloop
  endfacet
  facet normal 0 0 -1
    outer loop
      vertex 83.27201843261719 51.07500076293945 0
      vertex 59.73564147949219 52.10000228881836 0
      vertex 83.50093841552734 51.417598724365234 0
    endloop
  endfacet
  facet normal 0 0 -1
    outer loop
      vertex 59.619361877441406 52.274017333984375 0
      vertex 83.50093841552734 51.417598724365234 0
      vertex 59.73564147949219 52.10000228881836 0
    endloop
  endfacet
  facet normal 0 0 -1
    outer loop
      vertex 83.50093841552734 51.417598724365234 0
      vertex 59.619361877441406 52.274017333984375 0
      vertex 83.77261352539062 51.727386474609375 0
    endloop
  endfacet
  facet normal 0 0 -1
    outer loop
      vertex 59.48136901855469 52.431373596191406 0
      vertex 83.77261352539062 51.727386474609375 0
      vertex 59.619361877441406 52.274017333984375 0
    endloop
  endfacet
  facet normal 0 0 -1
    outer loop
      vertex 84.0823974609375 51.999061584472656 0
      vertex 59.48136901855469 52.431373596191406 0
      vertex 59.32401657104492 52.569366455078125 0
    endloop
  endfacet
  facet normal 0 0 -1
    outer loop
      vertex 84.42500305175781 52.22798156738281 0
      vertex 59.32401657104492 52.569366455078125 0
      vertex 59.14999771118164 52.68564224243164 0
    endloop
  endfacet
  facet normal 0 0 -1
    outer loop
      vertex 84.79454803466797 52.410221099853516 0
      vertex 59.14999771118164 52.68564224243164 0
      vertex 58.9622917175293 52.7782096862793 0
    endloop
  endfacet
  facet normal 0 0 -1
    outer loop
      vertex 84.79454803466797 52.410221099853516 0
      vertex 58.9622917175293 52.7782096862793 0
      vertex 108 74 0
    endloop
  endfacet
  facet normal 0 0 -1
    outer loop
      vertex 58.76411056518555 52.845481872558594 0
      vertex 108 74 0
      vertex 58.9622917175293 52.7782096862793 0
    endloop
  endfacet
  facet normal 0 0 -1
    outer loop
      vertex 58.558841705322266 52.886314392089844 0
      vertex 108 74 0
      vertex 58.76411056518555 52.845481872558594 0
    endloop
  endfacet
  facet normal 0 0 -1
    outer loop
      vertex 58.349998474121094 52.900001525878906 0
      vertex 108 74 0
      vertex 58.558841705322266 52.886314392089844 0
    endloop
  endfacet
  facet normal 0 0 -1
    outer loop
      vertex 4 74 0
      vertex 58.349998474121094 52.900001525878906 0
      vertex 15.649998664855957 52.900001525878906 0
    endloop
  endfacet
  facet normal 0 0 -1
    outer loop
      vertex 4 74 0
      vertex 15.649998664855957 52.900001525878906 0
      vertex 15.441156387329102 52.886314392089844 0
    endloop
  endfacet
  facet normal 0 0 -1
    outer loop
      vertex 4 74 0
      vertex 15.441156387329102 52.886314392089844 0
      vertex 15.235888481140137 52.845481872558594 0
    endloop
  endfacet
  facet normal 0 0 -1
    outer loop
      vertex 14.049999237060547 22.700000762939453 0
      vertex 0 4 0
      vertex 14.049999237060547 51.30000305175781 0
    endloop
  endfacet
  facet normal 0 0 -1
    outer loop
      vertex 58.349998474121094 52.900001525878906 0
      vertex 4 74 0
      vertex 108 74 0
    endloop
  endfacet
  facet normal 0 0 -1
    outer loop
      vertex 15.037705421447754 52.7782096862793 0
      vertex 4 74 0
      vertex 15.235888481140137 52.845481872558594 0
    endloop
  endfacet
  facet normal 0 0 -1
    outer loop
      vertex 0 70 0
      vertex 15.037705421447754 52.7782096862793 0
      vertex 14.849998474121094 52.68564224243164 0
    endloop
  endfacet
  facet normal 0 0 -1
    outer loop
      vertex 0 70 0
      vertex 14.849998474121094 52.68564224243164 0
      vertex 14.675980567932129 52.569366455078125 0
    endloop
  endfacet
  facet normal 0 0 -1
    outer loop
      vertex 0 70 0
      vertex 14.675980567932129 52.569366455078125 0
      vertex 14.518628120422363 52.431373596191406 0
    endloop
  endfacet
  facet normal 0 0 -1
    outer loop
      vertex 0 70 0
      vertex 14.518628120422363 52.431373596191406 0
      vertex 14.380633354187012 52.274017333984375 0
    endloop
  endfacet
  facet normal 0 0 -1
    outer loop
      vertex 0 70 0
      vertex 14.380633354187012 52.274017333984375 0
      vertex 14.264358520507812 52.10000228881836 0
    endloop
  endfacet
  facet normal 0 0 -1
    outer loop
      vertex 0 70 0
      vertex 14.264358520507812 52.10000228881836 0
      vertex 14.171791076660156 51.91229248046875 0
    endloop
  endfacet
  facet normal 0 0 -1
    outer loop
      vertex 0 70 0
      vertex 14.171791076660156 51.91229248046875 0
      vertex 14.104516983032227 51.714111328125 0
    endloop
  endfacet
  facet normal 0 0 -1
    outer loop
      vertex 0 70 0
      vertex 14.104516983032227 51.714111328125 0
      vertex 14.063687324523926 51.50884246826172 0
    endloop
  endfacet
  facet normal 0 0 -1
    outer loop
      vertex 0 70 0
      vertex 14.049999237060547 51.30000305175781 0
      vertex 0 4 0
    endloop
  endfacet
  facet normal 0 0 -1
    outer loop
      vertex 0 4 0
      vertex 4 0 0
      vertex 3.4778947830200195 0.03422069549560547 0
    endloop
  endfacet
  facet normal 0 0 -1
    outer loop
      vertex 14.049999237060547 51.30000305175781 0
      vertex 0 70 0
      vertex 14.063687324523926 51.50884246826172 0
    endloop
  endfacet
  facet normal 0 0 -1
    outer loop
      vertex 0 4 0
      vertex 3.4778947830200195 0.03422069549560547 0
      vertex 2.964723587036133 0.13629722595214844 0
    endloop
  endfacet
  facet normal 0 0 -1
    outer loop
      vertex 15.037705421447754 52.7782096862793 0
      vertex 0 70 0
      vertex 4 74 0
    endloop
  endfacet
  facet normal 0 0 -1
    outer loop
      vertex 0 4 0
      vertex 2.964723587036133 0.13629722595214844 0
      vertex 2.469265937805176 0.30448246002197266 0
    endloop
  endfacet
  facet normal 0 0 -1
    outer loop
      vertex 4 74 0
      vertex 0 70 0
      vertex 3.4778947830200195 73.96578216552734 0
    endloop
  endfacet
  facet normal 0 0 -1
    outer loop
      vertex 0 4 0
      vertex 2.469265937805176 0.30448246002197266 0
      vertex 2 0.5358991622924805 0
    endloop
  endfacet
  facet normal 0 0 -1
    outer loop
      vertex 3.4778947830200195 73.96578216552734 0
      vertex 0 70 0
      vertex 2.964723587036133 73.86370086669922 0
    endloop
  endfacet
  facet normal 0 0 -1
    outer loop
      vertex 0 4 0
      vertex 2 0.5358991622924805 0
      vertex 1.5649538040161133 0.8265867233276367 0
    endloop
  endfacet
  facet normal 0 0 -1
    outer loop
      vertex 2.964723587036133 73.86370086669922 0
      vertex 0 70 0
      vertex 2.469265937805176 73.69551849365234 0
    endloop
  endfacet
  facet normal 0 0 -1
    outer loop
      vertex 0 4 0
      vertex 1.5649538040161133 0.8265867233276367 0
      vertex 1.1715726852416992 1.1715736389160156 0
    endloop
  endfacet
  facet normal 0 0 -1
    outer loop
      vertex 2.469265937805176 73.69551849365234 0
      vertex 0 70 0
      vertex 2 73.46410369873047 0
    endloop
  endfacet
  facet normal 0 0 -1
    outer loop
      vertex 0 4 0
      vertex 1.1715726852416992 1.1715736389160156 0
      vertex 0.8265857696533203 1.5649547576904297 0
    endloop
  endfacet
  facet normal 0 0 -1
    outer loop
      vertex 2 73.46410369873047 0
      vertex 0 70 0
      vertex 1.5649538040161133 73.17341613769531 0
    endloop
  endfacet
  facet normal 0 0 -1
    outer loop
      vertex 0 4 0
      vertex 0.8265857696533203 1.5649547576904297 0
      vertex 0.5358982086181641 2 0
    endloop
  endfacet
  facet normal 0 0 -1
    outer loop
      vertex 1.5649538040161133 73.17341613769531 0
      vertex 0 70 0
      vertex 1.1715726852416992 72.82843017578125 0
    endloop
  endfacet
  facet normal 0 0 -1
    outer loop
      vertex 0 4 0
      vertex 0.5358982086181641 2 0
      vertex 0.30448150634765625 2.469266891479492 0
    endloop
  endfacet
  facet normal 0 0 -1
    outer loop
      vertex 1.1715726852416992 72.82843017578125 0
      vertex 0 70 0
      vertex 0.8265857696533203 72.43504333496094 0
    endloop
  endfacet
  facet normal 0 0 -1
    outer loop
      vertex 0 4 0
      vertex 0.30448150634765625 2.469266891479492 0
      vertex 0.13629627227783203 2.964724540710449 0
    endloop
  endfacet
  facet normal 0 0 -1
    outer loop
      vertex 0.8265857696533203 72.43504333496094 0
      vertex 0 70 0
      vertex 0.5358982086181641 72 0
    endloop
  endfacet
  facet normal 0 0 -1
    outer loop
      vertex 0 4 0
      vertex 0.13629627227783203 2.964724540710449 0
      vertex 0.03421974182128906 3.477895736694336 0
    endloop
  endfacet
  facet normal 0 0 -1
    outer loop
      vertex 0.5358982086181641 72 0
      vertex 0 70 0
      vertex 0.30448150634765625 71.53073120117188 0
    endloop
  endfacet
  facet normal 0 0 -1
    outer loop
      vertex 0.30448150634765625 71.53073120117188 0
      vertex 0 70 0
      vertex 0.13629627227783203 71.0352783203125 0
    endloop
  endfacet
  facet normal 0 0 -1
    outer loop
      vertex 0.13629627227783203 71.0352783203125 0
      vertex 0 70 0
      vertex 0.03421974182128906 70.52210235595703 0
    endloop
  endfacet
  facet normal -0.7518436773899843 0.6593414022861793 0
    outer loop
      vertex 0.8265857696533203 72.43504333496094 0
      vertex 1.1715726852416992 72.82843017578125 50
      vertex 1.1715726852416992 72.82843017578125 0
    endloop
  endfacet
  facet normal -0.7518436773899843 0.6593414022861793 0
    outer loop
      vertex 1.1715726852416992 72.82843017578125 50
      vertex 0.8265857696533203 72.43504333496094 0
      vertex 0.8265857696533203 72.43504333496094 50
    endloop
  endfacet
  facet normal 0.32143737891623453 0.9469308377254704 0
    outer loop
      vertex 109.53073120117188 73.69551849365234 0
      vertex 109.0352783203125 73.86370086669922 50
      vertex 109.53073120117188 73.69551849365234 50
    endloop
  endfacet
  facet normal 0.32143737891623453 0.9469308377254704 0
    outer loop
      vertex 109.0352783203125 73.86370086669922 50
      vertex 109.53073120117188 73.69551849365234 0
      vertex 109.0352783203125 73.86370086669922 0
    endloop
  endfacet
  facet normal -0.9978590048795507 0.06540188361807907 0
    outer loop
      vertex 0 70 0
      vertex 0.03421974182128906 70.52210235595703 50
      vertex 0.03421974182128906 70.52210235595703 0
    endloop
  endfacet
  facet normal -0.9978590048795507 0.06540188361807907 0
    outer loop
      vertex 0.03421974182128906 70.52210235595703 50
      vertex 0 70 0
      vertex 0 70 50
    endloop
  endfacet
  facet normal -0.6593468235327169 -0.7518389231060841 0
    outer loop
      vertex 1.1715726852416992 1.1715736389160156 0
      vertex 1.5649538040161133 0.8265867233276367 50
      vertex 1.1715726852416992 1.1715736389160156 50
    endloop
  endfacet
  facet normal -0.6593468235327169 -0.7518389231060841 0
    outer loop
      vertex 1.5649538040161133 0.8265867233276367 50
      vertex 1.1715726852416992 1.1715736389160156 0
      vertex 1.5649538040161133 0.8265867233276367 0
    endloop
  endfacet
  facet normal -0.9807854689162754 0.19508937429465964 0
    outer loop
      vertex 0.03421974182128906 70.52210235595703 0
      vertex 0.13629627227783203 71.0352783203125 50
      vertex 0.13629627227783203 71.0352783203125 0
    endloop
  endfacet
  facet normal -0.9807854689162754 0.19508937429465964 0
    outer loop
      vertex 0.13629627227783203 71.0352783203125 50
      vertex 0.03421974182128906 70.52210235595703 0
      vertex 0.03421974182128906 70.52210235595703 50
    endloop
  endfacet
  facet normal -0.8968728316376391 -0.44228850750418897 0
    outer loop
      vertex 0.5358982086181641 2 0
      vertex 0.30448150634765625 2.469266891479492 50
      vertex 0.30448150634765625 2.469266891479492 0
    endloop
  endfacet
  facet normal -0.8968728316376391 -0.44228850750418897 0
    outer loop
      vertex 0.30448150634765625 2.469266891479492 50
      vertex 0.5358982086181641 2 0
      vertex 0.5358982086181641 2 50
    endloop
  endfacet
  facet normal -0.9978590204722662 -0.06540164571422856 0
    outer loop
      vertex 0.03421974182128906 3.477895736694336 0
      vertex 0 4 50
      vertex 0 4 0
    endloop
  endfacet
  facet normal -0.9978590204722662 -0.06540164571422856 0
    outer loop
      vertex 0 4 50
      vertex 0.03421974182128906 3.477895736694336 0
      vertex 0.03421974182128906 3.477895736694336 50
    endloop
  endfacet
  facet normal 0.8968742776660317 -0.44228557523508943 0
    outer loop
      vertex 111.46410369873047 2 50
      vertex 111.69551849365234 2.469266891479492 0
      vertex 111.69551849365234 2.469266891479492 50
    endloop
  endfacet
  facet normal 0.8968742776660317 -0.44228557523508943 0
    outer loop
      vertex 111.69551849365234 2.469266891479492 0
      vertex 111.46410369873047 2 50
      vertex 111.46410369873047 2 0
    endloop
  endfacet
  facet normal -0.06540334164978177 -0.9978589093158621 0
    outer loop
      vertex 3.4778947830200195 0.03422069549560547 0
      vertex 4 0 50
      vertex 3.4778947830200195 0.03422069549560547 50
    endloop
  endfacet
  facet normal -0.06540334164978177 -0.9978589093158621 0
    outer loop
      vertex 4 0 50
      vertex 3.4778947830200195 0.03422069549560547 0
      vertex 4 0 0
    endloop
  endfacet
  facet normal 0.9978592427777196 0.06539825382283507 0
    outer loop
      vertex 112 70 50
      vertex 111.96578216552734 70.52210235595703 0
      vertex 111.96578216552734 70.52210235595703 50
    endloop
  endfacet
  facet normal 0.9978592427777196 0.06539825382283507 0
    outer loop
      vertex 111.96578216552734 70.52210235595703 0
      vertex 112 70 50
      vertex 112 70 0
    endloop
  endfacet
  facet normal 0.19508937429465964 -0.9807854689162754 0
    outer loop
      vertex 108.52210235595703 0.03422069549560547 0
      vertex 109.0352783203125 0.13629722595214844 50
      vertex 108.52210235595703 0.03422069549560547 50
    endloop
  endfacet
  facet normal 0.19508937429465964 -0.9807854689162754 0
    outer loop
      vertex 109.0352783203125 0.13629722595214844 50
      vertex 108.52210235595703 0.03422069549560547 0
      vertex 109.0352783203125 0.13629722595214844 0
    endloop
  endfacet
  facet normal -0.6593457932372825 0.751839826652126 0
    outer loop
      vertex 1.5649538040161133 73.17341613769531 0
      vertex 1.1715726852416992 72.82843017578125 50
      vertex 1.5649538040161133 73.17341613769531 50
    endloop
  endfacet
  facet normal -0.6593457932372825 0.751839826652126 0
    outer loop
      vertex 1.1715726852416992 72.82843017578125 50
      vertex 1.5649538040161133 73.17341613769531 0
      vertex 1.1715726852416992 72.82843017578125 0
    endloop
  endfacet
  facet normal 0.9807833782374056 -0.195099884605866 0
    outer loop
      vertex 111.86370086669922 2.964724540710449 50
      vertex 111.96578216552734 3.477895736694336 0
      vertex 111.96578216552734 3.477895736694336 50
    endloop
  endfacet
  facet normal 0.9807833782374056 -0.195099884605866 0
    outer loop
      vertex 111.96578216552734 3.477895736694336 0
      vertex 111.86370086669922 2.964724540710449 50
      vertex 111.86370086669922 2.964724540710449 0
    endloop
  endfacet
  facet normal -0.5555688937018075 -0.8314705072045249 0
    outer loop
      vertex 1.5649538040161133 0.8265867233276367 0
      vertex 2 0.5358991622924805 50
      vertex 1.5649538040161133 0.8265867233276367 50
    endloop
  endfacet
  facet normal -0.5555688937018075 -0.8314705072045249 0
    outer loop
      vertex 2 0.5358991622924805 50
      vertex 1.5649538040161133 0.8265867233276367 0
      vertex 2 0.5358991622924805 0
    endloop
  endfacet
  facet normal 0.9469308377254704 0.32143737891623453 0
    outer loop
      vertex 111.86370086669922 71.0352783203125 50
      vertex 111.69551849365234 71.53073120117188 0
      vertex 111.69551849365234 71.53073120117188 50
    endloop
  endfacet
  facet normal 0.9469308377254704 0.32143737891623453 0
    outer loop
      vertex 111.69551849365234 71.53073120117188 0
      vertex 111.86370086669922 71.0352783203125 50
      vertex 111.86370086669922 71.0352783203125 0
    endloop
  endfacet
  facet normal 0.9807837251252797 0.195098140763514 0
    outer loop
      vertex 111.96578216552734 70.52210235595703 50
      vertex 111.86370086669922 71.0352783203125 0
      vertex 111.86370086669922 71.0352783203125 50
    endloop
  endfacet
  facet normal 0.9807837251252797 0.195098140763514 0
    outer loop
      vertex 111.86370086669922 71.0352783203125 0
      vertex 111.96578216552734 70.52210235595703 50
      vertex 111.96578216552734 70.52210235595703 0
    endloop
  endfacet
  facet normal -0.195099884605866 0.9807833782374056 0
    outer loop
      vertex 3.4778947830200195 73.96578216552734 0
      vertex 2.964723587036133 73.86370086669922 50
      vertex 3.4778947830200195 73.96578216552734 50
    endloop
  endfacet
  facet normal -0.195099884605866 0.9807833782374056 0
    outer loop
      vertex 2.964723587036133 73.86370086669922 50
      vertex 3.4778947830200195 73.96578216552734 0
      vertex 2.964723587036133 73.86370086669922 0
    endloop
  endfacet
  facet normal 0.195098140763514 0.9807837251252797 0
    outer loop
      vertex 109.0352783203125 73.86370086669922 0
      vertex 108.52210235595703 73.96578216552734 50
      vertex 109.0352783203125 73.86370086669922 50
    endloop
  endfacet
  facet normal 0.195098140763514 0.9807837251252797 0
    outer loop
      vertex 108.52210235595703 73.96578216552734 50
      vertex 109.0352783203125 73.86370086669922 0
      vertex 108.52210235595703 73.96578216552734 0
    endloop
  endfacet
  facet normal 0.997859258368708 -0.06539801593207477 0
    outer loop
      vertex 111.96578216552734 3.477895736694336 50
      vertex 112 4 0
      vertex 112 4 50
    endloop
  endfacet
  facet normal 0.997859258368708 -0.06539801593207477 0
    outer loop
      vertex 112 4 0
      vertex 111.96578216552734 3.477895736694336 50
      vertex 111.96578216552734 3.477895736694336 0
    endloop
  endfacet
  facet normal -0.06539789698734223 0.9978592661641386 0
    outer loop
      vertex 4 74 0
      vertex 3.4778947830200195 73.96578216552734 50
      vertex 4 74 50
    endloop
  endfacet
  facet normal -0.06539789698734223 0.9978592661641386 0
    outer loop
      vertex 3.4778947830200195 73.96578216552734 50
      vertex 4 74 0
      vertex 3.4778947830200195 73.96578216552734 0
    endloop
  endfacet
  facet normal -0.9807851220589578 -0.19509111806485527 0
    outer loop
      vertex 0.13629627227783203 2.964724540710449 0
      vertex 0.03421974182128906 3.477895736694336 50
      vertex 0.03421974182128906 3.477895736694336 0
    endloop
  endfacet
  facet normal -0.9807851220589578 -0.19509111806485527 0
    outer loop
      vertex 0.03421974182128906 3.477895736694336 50
      vertex 0.13629627227783203 2.964724540710449 0
      vertex 0.13629627227783203 2.964724540710449 50
    endloop
  endfacet
  facet normal 0.9469317793399481 -0.3214346049760041 0
    outer loop
      vertex 111.69551849365234 2.469266891479492 50
      vertex 111.86370086669922 2.964724540710449 0
      vertex 111.86370086669922 2.964724540710449 50
    endloop
  endfacet
  facet normal 0.9469317793399481 -0.3214346049760041 0
    outer loop
      vertex 111.86370086669922 2.964724540710449 0
      vertex 111.69551849365234 2.469266891479492 50
      vertex 111.69551849365234 2.469266891479492 0
    endloop
  endfacet
  facet normal -0.06540326688591185 0.9978589142161581 0
    outer loop
      vertex 108.2088394165039 2.4136886596679688 3.200000762939453
      vertex 108 2.40000057220459 40
      vertex 108.2088394165039 2.4136886596679688 40
    endloop
  endfacet
  facet normal -0.06540326688591185 0.9978589142161581 0
    outer loop
      vertex 108 2.40000057220459 40
      vertex 108.2088394165039 2.4136886596679688 3.200000762939453
      vertex 108 2.40000057220459 3.200000762939453
    endloop
  endfacet
  facet normal -0.8314595596418602 0.5555852775948656 0
    outer loop
      vertex 109.26936340332031 3.0259828567504883 3.200000762939453
      vertex 109.3856430053711 3.200000762939453 50
      vertex 109.3856430053711 3.200000762939453 3.200000762939453
    endloop
  endfacet
  facet normal -0.8314595596418602 0.5555852775948656 0
    outer loop
      vertex 109.3856430053711 3.200000762939453 50
      vertex 109.26936340332031 3.0259828567504883 3.200000762939453
      vertex 109.26936340332031 3.0259828567504883 50
    endloop
  endfacet
  facet normal -0.4422784257734708 -0.8968778033240317 0
    outer loop
      vertex 108.61228942871094 71.47821044921875 3.200000762939453
      vertex 108.80000305175781 71.3856430053711 50
      vertex 108.61228942871094 71.47821044921875 50
    endloop
  endfacet
  facet normal -0.4422784257734708 -0.8968778033240317 0
    outer loop
      vertex 108.80000305175781 71.3856430053711 50
      vertex 108.61228942871094 71.47821044921875 3.200000762939453
      vertex 108.80000305175781 71.3856430053711 3.200000762939453
    endloop
  endfacet
  facet normal 0.06539783751513786 -0.9978592700618377 0
    outer loop
      vertex 3.791156768798828 71.58631134033203 3.200000762939453
      vertex 3.9999990463256836 71.5999984741211 40
      vertex 3.791156768798828 71.58631134033203 40
    endloop
  endfacet
  facet normal 0.06539783751513786 -0.9978592700618377 0
    outer loop
      vertex 3.9999990463256836 71.5999984741211 40
      vertex 3.791156768798828 71.58631134033203 3.200000762939453
      vertex 3.9999990463256836 71.5999984741211 3.200000762939453
    endloop
  endfacet
  facet normal 1 0 0
    outer loop
      vertex 2.3999996185302734 64.65559387207031 50
      vertex 2.3999996185302734 45.5 48
      vertex 2.3999996185302734 64.65559387207031 40
    endloop
  endfacet
  facet normal 1 0 0
    outer loop
      vertex 2.3999996185302734 64.65559387207031 50
      vertex 2.3999996185302734 28.5 48
      vertex 2.3999996185302734 45.5 48
    endloop
  endfacet
  facet normal 1 0 0
    outer loop
      vertex 2.3999996185302734 9.344409942626953 40
      vertex 2.3999996185302734 28.5 48
      vertex 2.3999996185302734 9.344409942626953 50
    endloop
  endfacet
  facet normal 1 0 0
    outer loop
      vertex 2.3999996185302734 9.344409942626953 50
      vertex 2.3999996185302734 28.5 48
      vertex 2.3999996185302734 64.65559387207031 50
    endloop
  endfacet
  facet normal 1 0 0
    outer loop
      vertex 2.3999996185302734 64.65559387207031 40
      vertex 2.3999996185302734 70 3.200000762939453
      vertex 2.3999996185302734 70 40
    endloop
  endfacet
  facet normal 1 0 0
    outer loop
      vertex 2.3999996185302734 45.5 34
      vertex 2.3999996185302734 64.65559387207031 40
      vertex 2.3999996185302734 45.5 48
    endloop
  endfacet
  facet normal 1 0 0
    outer loop
      vertex 2.3999996185302734 64.65559387207031 40
      vertex 2.3999996185302734 45.5 34
      vertex 2.3999996185302734 70 3.200000762939453
    endloop
  endfacet
  facet normal 1 0 0
    outer loop
      vertex 2.3999996185302734 28.5 34
      vertex 2.3999996185302734 70 3.200000762939453
      vertex 2.3999996185302734 45.5 34
    endloop
  endfacet
  facet normal 1 0 0
    outer loop
      vertex 2.3999996185302734 28.5 48
      vertex 2.3999996185302734 9.344409942626953 40
      vertex 2.3999996185302734 28.5 34
    endloop
  endfacet
  facet normal 1 0 0
    outer loop
      vertex 2.3999996185302734 4.000000953674316 3.200000762939453
      vertex 2.3999996185302734 28.5 34
      vertex 2.3999996185302734 9.344409942626953 40
    endloop
  endfacet
  facet normal 1 0 0
    outer loop
      vertex 2.3999996185302734 4.000000953674316 3.200000762939453
      vertex 2.3999996185302734 9.344409942626953 40
      vertex 2.3999996185302734 4.000000953674316 40
    endloop
  endfacet
  facet normal 1 0 0
    outer loop
      vertex 2.3999996185302734 28.5 34
      vertex 2.3999996185302734 4.000000953674316 3.200000762939453
      vertex 2.3999996185302734 70 3.200000762939453
    endloop
  endfacet
  facet normal 0 1 0
    outer loop
      vertex 108 2.40000057220459 3.200000762939453
      vertex 102.65558624267578 2.40000057220459 40
      vertex 108 2.40000057220459 40
    endloop
  endfacet
  facet normal 0 1 0
    outer loop
      vertex 102.65558624267578 2.40000057220459 40
      vertex 108 2.40000057220459 3.200000762939453
      vertex 9.344409942626953 2.40000057220459 40
    endloop
  endfacet
  facet normal 0 1 0
    outer loop
      vertex 3.9999990463256836 2.40000057220459 3.200000762939453
      vertex 9.344409942626953 2.40000057220459 40
      vertex 108 2.40000057220459 3.200000762939453
    endloop
  endfacet
  facet normal 0 1 0
    outer loop
      vertex 9.344409942626953 2.40000057220459 40
      vertex 3.9999990463256836 2.40000057220459 3.200000762939453
      vertex 3.9999990463256836 2.40000057220459 40
    endloop
  endfacet
  facet normal 0 1 0
    outer loop
      vertex 102.65558624267578 2.40000057220459 40
      vertex 9.344409942626953 2.40000057220459 50
      vertex 102.65558624267578 2.40000057220459 50
    endloop
  endfacet
  facet normal 0 1 0
    outer loop
      vertex 9.344409942626953 2.40000057220459 50
      vertex 102.65558624267578 2.40000057220459 40
      vertex 9.344409942626953 2.40000057220459 40
    endloop
  endfacet
  facet normal 0.7518389231060842 0.659346823532717 0
    outer loop
      vertex 2.86862850189209 2.8686304092407227 50
      vertex 2.7306337356567383 3.0259828567504883 3.200000762939453
      vertex 2.7306337356567383 3.0259828567504883 50
    endloop
  endfacet
  facet normal 0.7518389231060842 0.659346823532717 0
    outer loop
      vertex 2.7306337356567383 3.0259828567504883 3.200000762939453
      vertex 2.86862850189209 2.8686304092407227 50
      vertex 2.86862850189209 2.8686304092407227 3.200000762939453
    endloop
  endfacet
  facet normal -0.32144660281923476 0.9469277066048776 0
    outer loop
      vertex 108.61228942871094 2.5217933654785156 50
      vertex 108.43828582763672 2.4627256393432617 40
      vertex 108.43828582763672 2.4627256393432617 50
    endloop
  endfacet
  facet normal -0.32144660281923476 0.9469277066048775 0
    outer loop
      vertex 108.61228942871094 2.5217933654785156 3.200000762939453
      vertex 108.43828582763672 2.4627256393432617 40
      vertex 108.61228942871094 2.5217933654785156 50
    endloop
  endfacet
  facet normal -0.32141118517714645 0.9469397288333546 1.8676421485429003e-7
    outer loop
      vertex 108.61228942871094 2.5217933654785156 3.200000762939453
      vertex 108.41410827636719 2.454519271850586 40
      vertex 108.43828582763672 2.4627256393432617 40
    endloop
  endfacet
  facet normal -0.3214422820373189 0.9469291733380278 0
    outer loop
      vertex 108.41410827636719 2.454519271850586 40
      vertex 108.61228942871094 2.5217933654785156 3.200000762939453
      vertex 108.41410827636719 2.454519271850586 3.200000762939453
    endloop
  endfacet
  facet normal -0.19509076930837166 0.9807851914311654 0
    outer loop
      vertex 108.41410827636719 2.454519271850586 3.200000762939453
      vertex 108.2088394165039 2.4136886596679688 40
      vertex 108.41410827636719 2.454519271850586 40
    endloop
  endfacet
  facet normal -0.19509076930837166 0.9807851914311654 0
    outer loop
      vertex 108.2088394165039 2.4136886596679688 40
      vertex 108.41410827636719 2.454519271850586 3.200000762939453
      vertex 108.2088394165039 2.4136886596679688 3.200000762939453
    endloop
  endfacet
  facet normal 0.1950916412018724 0.9807850179999489 0
    outer loop
      vertex 3.791156768798828 2.4136886596679688 3.200000762939453
      vertex 3.5858888626098633 2.454519271850586 40
      vertex 3.791156768798828 2.4136886596679688 40
    endloop
  endfacet
  facet normal 0.1950916412018724 0.9807850179999489 0
    outer loop
      vertex 3.5858888626098633 2.454519271850586 40
      vertex 3.791156768798828 2.4136886596679688 3.200000762939453
      vertex 3.5858888626098633 2.454519271850586 3.200000762939453
    endloop
  endfacet
  facet normal -1 0 0
    outer loop
      vertex 109.5999984741211 70 3.200000762939453
      vertex 109.5999984741211 64.65559387207031 40
      vertex 109.5999984741211 70 40
    endloop
  endfacet
  facet normal -1 0 0
    outer loop
      vertex 109.5999984741211 64.65559387207031 40
      vertex 109.5999984741211 9.344409942626953 40
      vertex 109.5999984741211 64.65559387207031 50
    endloop
  endfacet
  facet normal -1 0 0
    outer loop
      vertex 109.5999984741211 70 3.200000762939453
      vertex 109.5999984741211 9.344409942626953 40
      vertex 109.5999984741211 64.65559387207031 40
    endloop
  endfacet
  facet normal -1 0 0
    outer loop
      vertex 109.5999984741211 4.000000953674316 3.200000762939453
      vertex 109.5999984741211 9.344409942626953 40
      vertex 109.5999984741211 70 3.200000762939453
    endloop
  endfacet
  facet normal -1 0 0
    outer loop
      vertex 109.5999984741211 9.344409942626953 40
      vertex 109.5999984741211 4.000000953674316 3.200000762939453
      vertex 109.5999984741211 4.000000953674316 40
    endloop
  endfacet
  facet normal -1 0 0
    outer loop
      vertex 109.5999984741211 64.65559387207031 50
      vertex 109.5999984741211 9.344409942626953 40
      vertex 109.5999984741211 9.344409942626953 50
    endloop
  endfacet
  facet normal 0.9807858898882493 0.19508725790300838 0
    outer loop
      vertex 2.454517364501953 3.585890769958496 40
      vertex 2.4136877059936523 3.791158676147461 3.200000762939453
      vertex 2.4136877059936523 3.791158676147461 40
    endloop
  endfacet
  facet normal 0.9807858898882493 0.19508725790300838 0
    outer loop
      vertex 2.4136877059936523 3.791158676147461 3.200000762939453
      vertex 2.454517364501953 3.585890769958496 40
      vertex 2.454517364501953 3.585890769958496 3.200000762939453
    endloop
  endfacet
  facet normal -0.7518355168529881 -0.6593507075892162 0
    outer loop
      vertex 109.26936340332031 70.9740219116211 3.200000762939453
      vertex 109.1313705444336 71.1313705444336 50
      vertex 109.1313705444336 71.1313705444336 3.200000762939453
    endloop
  endfacet
  facet normal -0.7518355168529881 -0.6593507075892162 0
    outer loop
      vertex 109.1313705444336 71.1313705444336 50
      vertex 109.26936340332031 70.9740219116211 3.200000762939453
      vertex 109.26936340332031 70.9740219116211 50
    endloop
  endfacet
  facet normal -0.8968715638819644 0.4422910782504204 0
    outer loop
      vertex 109.3856430053711 3.200000762939453 3.200000762939453
      vertex 109.47821044921875 3.3877077102661133 50
      vertex 109.47821044921875 3.3877077102661133 3.200000762939453
    endloop
  endfacet
  facet normal -0.8968715638819644 0.4422910782504204 0
    outer loop
      vertex 109.47821044921875 3.3877077102661133 50
      vertex 109.3856430053711 3.200000762939453 3.200000762939453
      vertex 109.3856430053711 3.200000762939453 50
    endloop
  endfacet
  facet normal 0 -1 0
    outer loop
      vertex 3.9999990463256836 71.5999984741211 3.200000762939453
      vertex 9.344409942626953 71.5999984741211 40
      vertex 3.9999990463256836 71.5999984741211 40
    endloop
  endfacet
  facet normal 0 -1 0
    outer loop
      vertex 9.344409942626953 71.5999984741211 40
      vertex 3.9999990463256836 71.5999984741211 3.200000762939453
      vertex 102.65558624267578 71.5999984741211 40
    endloop
  endfacet
  facet normal 0 -1 0
    outer loop
      vertex 108 71.5999984741211 3.200000762939453
      vertex 102.65558624267578 71.5999984741211 40
      vertex 3.9999990463256836 71.5999984741211 3.200000762939453
    endloop
  endfacet
  facet normal 0 -1 0
    outer loop
      vertex 102.65558624267578 71.5999984741211 40
      vertex 108 71.5999984741211 3.200000762939453
      vertex 108 71.5999984741211 40
    endloop
  endfacet
  facet normal 0 -1 0
    outer loop
      vertex 9.344409942626953 71.5999984741211 40
      vertex 102.65558624267578 71.5999984741211 50
      vertex 9.344409942626953 71.5999984741211 50
    endloop
  endfacet
  facet normal 0 -1 0
    outer loop
      vertex 102.65558624267578 71.5999984741211 50
      vertex 9.344409942626953 71.5999984741211 40
      vertex 102.65558624267578 71.5999984741211 40
    endloop
  endfacet
  facet normal -0.9469869203033934 0.3212721163971354 0
    outer loop
      vertex 109.54547882080078 3.585890769958496 3.200000762939453
      vertex 109.53727722167969 3.561715602874756 40
      vertex 109.54547882080078 3.585890769958496 40
    endloop
  endfacet
  facet normal -0.9469384365860528 0.32141499236337917 1.0466561004281215e-7
    outer loop
      vertex 109.47821044921875 3.3877077102661133 3.200000762939453
      vertex 109.53727722167969 3.561715602874756 40
      vertex 109.54547882080078 3.585890769958496 3.200000762939453
    endloop
  endfacet
  facet normal -0.9469316993608283 0.3214348405907704 0
    outer loop
      vertex 109.47821044921875 3.3877077102661133 50
      vertex 109.53727722167969 3.561715602874756 40
      vertex 109.47821044921875 3.3877077102661133 3.200000762939453
    endloop
  endfacet
  facet normal -0.9469316993608282 0.3214348405907704 0
    outer loop
      vertex 109.53727722167969 3.561715602874756 40
      vertex 109.47821044921875 3.3877077102661133 50
      vertex 109.53727722167969 3.561715602874756 50
    endloop
  endfacet
  facet normal -0.9807820599786482 -0.19510651148549382 0
    outer loop
      vertex 109.58631134033203 70.20884704589844 3.200000762939453
      vertex 109.54547882080078 70.41410827636719 40
      vertex 109.54547882080078 70.41410827636719 3.200000762939453
    endloop
  endfacet
  facet normal -0.9807820599786482 -0.19510651148549382 0
    outer loop
      vertex 109.54547882080078 70.41410827636719 40
      vertex 109.58631134033203 70.20884704589844 3.200000762939453
      vertex 109.58631134033203 70.20884704589844 40
    endloop
  endfacet
  facet normal -0.44227476050800396 0.8968796107714725 0
    outer loop
      vertex 108.80000305175781 2.6143598556518555 3.200000762939453
      vertex 108.61228942871094 2.5217933654785156 50
      vertex 108.80000305175781 2.6143598556518555 50
    endloop
  endfacet
  facet normal -0.44227476050800396 0.8968796107714725 0
    outer loop
      vertex 108.61228942871094 2.5217933654785156 50
      vertex 108.80000305175781 2.6143598556518555 3.200000762939453
      vertex 108.61228942871094 2.5217933654785156 3.200000762939453
    endloop
  endfacet
  facet normal 0.659346823532717 0.7518389231060842 0
    outer loop
      vertex 3.0259809494018555 2.730635643005371 3.200000762939453
      vertex 2.86862850189209 2.8686304092407227 50
      vertex 3.0259809494018555 2.730635643005371 50
    endloop
  endfacet
  facet normal 0.659346823532717 0.7518389231060842 0
    outer loop
      vertex 2.86862850189209 2.8686304092407227 50
      vertex 3.0259809494018555 2.730635643005371 3.200000762939453
      vertex 2.86862850189209 2.8686304092407227 3.200000762939453
    endloop
  endfacet
  facet normal 0.19506534123334654 -0.9807902490591544 0
    outer loop
      vertex 3.5858888626098633 71.54548645019531 3.200000762939453
      vertex 3.791156768798828 71.58631134033203 40
      vertex 3.5858888626098633 71.54548645019531 40
    endloop
  endfacet
  facet normal 0.19506534123334654 -0.9807902490591544 0
    outer loop
      vertex 3.791156768798828 71.58631134033203 40
      vertex 3.5858888626098633 71.54548645019531 3.200000762939453
      vertex 3.791156768798828 71.58631134033203 3.200000762939453
    endloop
  endfacet
  facet normal -0.9469335760507902 -0.32142931189868545 0
    outer loop
      vertex 109.47821044921875 70.61229705810547 3.200000762939453
      vertex 109.53727722167969 70.43828582763672 40
      vertex 109.47821044921875 70.61229705810547 50
    endloop
  endfacet
  facet normal -0.946941260958385 -0.32140667120414523 1.1939287758114755e-7
    outer loop
      vertex 109.54547882080078 70.41410827636719 3.200000762939453
      vertex 109.53727722167969 70.43828582763672 40
      vertex 109.47821044921875 70.61229705810547 3.200000762939453
    endloop
  endfacet
  facet normal -0.9469965586612762 -0.3212437048156743 0
    outer loop
      vertex 109.53727722167969 70.43828582763672 40
      vertex 109.54547882080078 70.41410827636719 3.200000762939453
      vertex 109.54547882080078 70.41410827636719 40
    endloop
  endfacet
  facet normal -0.9469335760507902 -0.32142931189868545 0
    outer loop
      vertex 109.47821044921875 70.61229705810547 50
      vertex 109.53727722167969 70.43828582763672 40
      vertex 109.53727722167969 70.43828582763672 50
    endloop
  endfacet
  facet normal -0.659337788152303 0.7518468468474339 0
    outer loop
      vertex 109.1313705444336 2.8686304092407227 3.200000762939453
      vertex 108.97401428222656 2.730635643005371 50
      vertex 109.1313705444336 2.8686304092407227 50
    endloop
  endfacet
  facet normal -0.659337788152303 0.7518468468474339 0
    outer loop
      vertex 108.97401428222656 2.730635643005371 50
      vertex 109.1313705444336 2.8686304092407227 3.200000762939453
      vertex 108.97401428222656 2.730635643005371 3.200000762939453
    endloop
  endfacet
  facet normal -0.555600012458642 -0.8314497135461391 0
    outer loop
      vertex 108.80000305175781 71.3856430053711 3.200000762939453
      vertex 108.97401428222656 71.26936340332031 50
      vertex 108.80000305175781 71.3856430053711 50
    endloop
  endfacet
  facet normal -0.555600012458642 -0.8314497135461391 0
    outer loop
      vertex 108.97401428222656 71.26936340332031 50
      vertex 108.80000305175781 71.3856430053711 3.200000762939453
      vertex 108.97401428222656 71.26936340332031 3.200000762939453
    endloop
  endfacet
  facet normal 0.6593416720183989 -0.7518434408438917 0
    outer loop
      vertex 2.86862850189209 71.1313705444336 3.200000762939453
      vertex 3.0259809494018555 71.26936340332031 50
      vertex 2.86862850189209 71.1313705444336 50
    endloop
  endfacet
  facet normal 0.6593416720183989 -0.7518434408438917 0
    outer loop
      vertex 3.0259809494018555 71.26936340332031 50
      vertex 2.86862850189209 71.1313705444336 3.200000762939453
      vertex 3.0259809494018555 71.26936340332031 3.200000762939453
    endloop
  endfacet
  facet normal -0.9807832741692295 0.19510040776453028 0
    outer loop
      vertex 109.54547882080078 3.585890769958496 3.200000762939453
      vertex 109.58631134033203 3.791158676147461 40
      vertex 109.58631134033203 3.791158676147461 3.200000762939453
    endloop
  endfacet
  facet normal -0.9807832741692295 0.19510040776453028 0
    outer loop
      vertex 109.58631134033203 3.791158676147461 40
      vertex 109.54547882080078 3.585890769958496 3.200000762939453
      vertex 109.54547882080078 3.585890769958496 40
    endloop
  endfacet
  facet normal -0.9978592700618377 0.06539783751513786 0
    outer loop
      vertex 109.58631134033203 3.791158676147461 3.200000762939453
      vertex 109.5999984741211 4.000000953674316 40
      vertex 109.5999984741211 4.000000953674316 3.200000762939453
    endloop
  endfacet
  facet normal -0.9978592700618377 0.06539783751513786 0
    outer loop
      vertex 109.5999984741211 4.000000953674316 40
      vertex 109.58631134033203 3.791158676147461 3.200000762939453
      vertex 109.58631134033203 3.791158676147461 40
    endloop
  endfacet
  facet normal 0.3214261527265357 -0.9469346484015767 0
    outer loop
      vertex 3.3877058029174805 71.47821044921875 50
      vertex 3.5617189407348633 71.53727722167969 40
      vertex 3.5617189407348633 71.53727722167969 50
    endloop
  endfacet
  facet normal 0.3214261527265357 -0.9469346484015768 0
    outer loop
      vertex 3.3877058029174805 71.47821044921875 3.200000762939453
      vertex 3.5617189407348633 71.53727722167969 40
      vertex 3.3877058029174805 71.47821044921875 50
    endloop
  endfacet
  facet normal 0.3216026510182259 -0.9468747197265237 -9.307830347769409e-7
    outer loop
      vertex 3.3877058029174805 71.47821044921875 3.200000762939453
      vertex 3.5858888626098633 71.54548645019531 40
      vertex 3.5617189407348633 71.53727722167969 40
    endloop
  endfacet
  facet normal 0.32144767982127875 -0.9469273410022105 0
    outer loop
      vertex 3.5858888626098633 71.54548645019531 40
      vertex 3.3877058029174805 71.47821044921875 3.200000762939453
      vertex 3.5858888626098633 71.54548645019531 3.200000762939453
    endloop
  endfacet
  facet normal 0.946929872184167 0.3214402233157467 0
    outer loop
      vertex 2.4627227783203125 3.561718463897705 40
      vertex 2.454517364501953 3.585890769958496 3.200000762939453
      vertex 2.454517364501953 3.585890769958496 40
    endloop
  endfacet
  facet normal 0.9469301487069135 0.32143940870699517 0
    outer loop
      vertex 2.521791458129883 3.3877077102661133 3.200000762939453
      vertex 2.4627227783203125 3.561718463897705 40
      vertex 2.521791458129883 3.3877077102661133 50
    endloop
  endfacet
  facet normal 0.946930114979577 0.32143950806452687 -5.239540382662871e-10
    outer loop
      vertex 2.4627227783203125 3.561718463897705 40
      vertex 2.521791458129883 3.3877077102661133 3.200000762939453
      vertex 2.454517364501953 3.585890769958496 3.200000762939453
    endloop
  endfacet
  facet normal 0.9469301487069135 0.32143940870699517 0
    outer loop
      vertex 2.4627227783203125 3.561718463897705 50
      vertex 2.521791458129883 3.3877077102661133 50
      vertex 2.4627227783203125 3.561718463897705 40
    endloop
  endfacet
  facet normal 0.3214429123271098 0.9469289593811491 0
    outer loop
      vertex 3.5858888626098633 2.454519271850586 40
      vertex 3.5858888626098633 2.454519271850586 3.200000762939453
      vertex 3.561716079711914 2.4627249240875244 40
    endloop
  endfacet
  facet normal 0.32143903515756167 0.9469302755097525 0
    outer loop
      vertex 3.561716079711914 2.4627249240875244 40
      vertex 3.3877058029174805 2.5217933654785156 50
      vertex 3.561716079711914 2.4627249240875244 50
    endloop
  endfacet
  facet normal 0.32143950806452687 0.946930114979577 -2.4938299204702686e-9
    outer loop
      vertex 3.3877058029174805 2.5217933654785156 3.200000762939453
      vertex 3.561716079711914 2.4627249240875244 40
      vertex 3.5858888626098633 2.454519271850586 3.200000762939453
    endloop
  endfacet
  facet normal 0.32143903515756167 0.9469302755097525 0
    outer loop
      vertex 3.561716079711914 2.4627249240875244 40
      vertex 3.3877058029174805 2.5217933654785156 3.200000762939453
      vertex 3.3877058029174805 2.5217933654785156 50
    endloop
  endfacet
  facet normal 0.9807846758580986 -0.19509336124513443 0
    outer loop
      vertex 2.4136877059936523 70.20884704589844 40
      vertex 2.454517364501953 70.41410827636719 3.200000762939453
      vertex 2.454517364501953 70.41410827636719 40
    endloop
  endfacet
  facet normal 0.9807846758580986 -0.19509336124513443 0
    outer loop
      vertex 2.454517364501953 70.41410827636719 3.200000762939453
      vertex 2.4136877059936523 70.20884704589844 40
      vertex 2.4136877059936523 70.20884704589844 3.200000762939453
    endloop
  endfacet
  facet normal -0.7518434408438917 0.6593416720183989 0
    outer loop
      vertex 109.1313705444336 2.8686304092407227 3.200000762939453
      vertex 109.26936340332031 3.0259828567504883 50
      vertex 109.26936340332031 3.0259828567504883 3.200000762939453
    endloop
  endfacet
  facet normal -0.7518434408438917 0.6593416720183989 0
    outer loop
      vertex 109.26936340332031 3.0259828567504883 50
      vertex 109.1313705444336 2.8686304092407227 3.200000762939453
      vertex 109.1313705444336 2.8686304092407227 50
    endloop
  endfacet
  facet normal 0.5555726768525947 0.8314679793803501 0
    outer loop
      vertex 3.1999988555908203 2.6143598556518555 3.200000762939453
      vertex 3.0259809494018555 2.730635643005371 50
      vertex 3.1999988555908203 2.6143598556518555 50
    endloop
  endfacet
  facet normal 0.5555726768525947 0.8314679793803501 0
    outer loop
      vertex 3.0259809494018555 2.730635643005371 50
      vertex 3.1999988555908203 2.6143598556518555 3.200000762939453
      vertex 3.0259809494018555 2.730635643005371 3.200000762939453
    endloop
  endfacet
  facet normal -0.8968706724893842 -0.44229288579903664 0
    outer loop
      vertex 109.47821044921875 70.61229705810547 3.200000762939453
      vertex 109.3856430053711 70.80000305175781 50
      vertex 109.3856430053711 70.80000305175781 3.200000762939453
    endloop
  endfacet
  facet normal -0.8968706724893842 -0.44229288579903664 0
    outer loop
      vertex 109.3856430053711 70.80000305175781 50
      vertex 109.47821044921875 70.61229705810547 3.200000762939453
      vertex 109.47821044921875 70.61229705810547 50
    endloop
  endfacet
  facet normal 0.06540237473015248 0.9978589726908591 0
    outer loop
      vertex 3.9999990463256836 2.40000057220459 3.200000762939453
      vertex 3.791156768798828 2.4136886596679688 40
      vertex 3.9999990463256836 2.40000057220459 40
    endloop
  endfacet
  facet normal 0.06540237473015248 0.9978589726908591 0
    outer loop
      vertex 3.791156768798828 2.4136886596679688 40
      vertex 3.9999990463256836 2.40000057220459 3.200000762939453
      vertex 3.791156768798828 2.4136886596679688 3.200000762939453
    endloop
  endfacet
  facet normal 0.4422874129310974 0.8968733714202451 0
    outer loop
      vertex 3.3877058029174805 2.5217933654785156 3.200000762939453
      vertex 3.1999988555908203 2.6143598556518555 50
      vertex 3.3877058029174805 2.5217933654785156 50
    endloop
  endfacet
  facet normal 0.4422874129310974 0.8968733714202451 0
    outer loop
      vertex 3.1999988555908203 2.6143598556518555 50
      vertex 3.3877058029174805 2.5217933654785156 3.200000762939453
      vertex 3.1999988555908203 2.6143598556518555 3.200000762939453
    endloop
  endfacet
  facet normal 0.9978590701433764 -0.06540088785785728 0
    outer loop
      vertex 2.3999996185302734 70 40
      vertex 2.4136877059936523 70.20884704589844 3.200000762939453
      vertex 2.4136877059936523 70.20884704589844 40
    endloop
  endfacet
  facet normal 0.9978590701433764 -0.06540088785785728 0
    outer loop
      vertex 2.4136877059936523 70.20884704589844 3.200000762939453
      vertex 2.3999996185302734 70 40
      vertex 2.3999996185302734 70 3.200000762939453
    endloop
  endfacet
  facet normal 0.8968715638819644 0.4422910782504204 0
    outer loop
      vertex 2.614358901977539 3.200000762939453 50
      vertex 2.521791458129883 3.3877077102661133 3.200000762939453
      vertex 2.521791458129883 3.3877077102661133 50
    endloop
  endfacet
  facet normal 0.8968715638819644 0.4422910782504204 0
    outer loop
      vertex 2.521791458129883 3.3877077102661133 3.200000762939453
      vertex 2.614358901977539 3.200000762939453 50
      vertex 2.614358901977539 3.200000762939453 3.200000762939453
    endloop
  endfacet
  facet normal -0.3216026510183652 -0.9468747197269339 0
    outer loop
      vertex 108.41410827636719 71.54548645019531 40
      vertex 108.41410827636719 71.54548645019531 3.200000762939453
      vertex 108.43827819824219 71.53727722167969 40
    endloop
  endfacet
  facet normal -0.32142931189868545 -0.9469335760507902 0
    outer loop
      vertex 108.43827819824219 71.53727722167969 40
      vertex 108.61228942871094 71.47821044921875 50
      vertex 108.43827819824219 71.53727722167969 50
    endloop
  endfacet
  facet normal -0.32145045384833676 -0.946926399315536 -1.1149030833344194e-7
    outer loop
      vertex 108.61228942871094 71.47821044921875 3.200000762939453
      vertex 108.43827819824219 71.53727722167969 40
      vertex 108.41410827636719 71.54548645019531 3.200000762939453
    endloop
  endfacet
  facet normal -0.32142931189868545 -0.9469335760507902 0
    outer loop
      vertex 108.43827819824219 71.53727722167969 40
      vertex 108.61228942871094 71.47821044921875 3.200000762939453
      vertex 108.61228942871094 71.47821044921875 50
    endloop
  endfacet
  facet normal 0.4422910782504204 -0.8968715638819644 0
    outer loop
      vertex 3.1999988555908203 71.3856430053711 3.200000762939453
      vertex 3.3877058029174805 71.47821044921875 50
      vertex 3.1999988555908203 71.3856430053711 50
    endloop
  endfacet
  facet normal 0.4422910782504204 -0.8968715638819644 0
    outer loop
      vertex 3.3877058029174805 71.47821044921875 50
      vertex 3.1999988555908203 71.3856430053711 3.200000762939453
      vertex 3.3877058029174805 71.47821044921875 3.200000762939453
    endloop
  endfacet
  facet normal 0.9469335216176106 -0.32142947225926594 0
    outer loop
      vertex 2.462722063064575 70.43827819824219 40
      vertex 2.521791458129883 70.61229705810547 50
      vertex 2.462722063064575 70.43827819824219 50
    endloop
  endfacet
  facet normal 0.9469335216176107 -0.321429472259266 0
    outer loop
      vertex 2.521791458129883 70.61229705810547 50
      vertex 2.462722063064575 70.43827819824219 40
      vertex 2.521791458129883 70.61229705810547 3.200000762939453
    endloop
  endfacet
  facet normal 0.9469287504081789 -0.3214435279336003 -7.412459058907817e-8
    outer loop
      vertex 2.454517364501953 70.41410827636719 40
      vertex 2.521791458129883 70.61229705810547 3.200000762939453
      vertex 2.462722063064575 70.43827819824219 40
    endloop
  endfacet
  facet normal 0.9469329397579591 -0.3214311864168589 0
    outer loop
      vertex 2.521791458129883 70.61229705810547 3.200000762939453
      vertex 2.454517364501953 70.41410827636719 40
      vertex 2.454517364501953 70.41410827636719 3.200000762939453
    endloop
  endfacet
  facet normal 0.9978589726908591 0.06540237473015248 0
    outer loop
      vertex 2.4136877059936523 3.791158676147461 40
      vertex 2.3999996185302734 4.000000953674316 3.200000762939453
      vertex 2.3999996185302734 4.000000953674316 40
    endloop
  endfacet
  facet normal 0.9978589726908591 0.06540237473015248 0
    outer loop
      vertex 2.3999996185302734 4.000000953674316 3.200000762939453
      vertex 2.4136877059936523 3.791158676147461 40
      vertex 2.4136877059936523 3.791158676147461 3.200000762939453
    endloop
  endfacet
  facet normal 0.8314700843117785 0.5555695266072141 0
    outer loop
      vertex 2.7306337356567383 3.0259828567504883 50
      vertex 2.614358901977539 3.200000762939453 3.200000762939453
      vertex 2.614358901977539 3.200000762939453 50
    endloop
  endfacet
  facet normal 0.8314700843117785 0.5555695266072141 0
    outer loop
      vertex 2.614358901977539 3.200000762939453 3.200000762939453
      vertex 2.7306337356567383 3.0259828567504883 50
      vertex 2.7306337356567383 3.0259828567504883 3.200000762939453
    endloop
  endfacet
  facet normal 0.5555852775948656 -0.8314595596418602 0
    outer loop
      vertex 3.0259809494018555 71.26936340332031 3.200000762939453
      vertex 3.1999988555908203 71.3856430053711 50
      vertex 3.0259809494018555 71.26936340332031 50
    endloop
  endfacet
  facet normal 0.5555852775948656 -0.8314595596418602 0
    outer loop
      vertex 3.1999988555908203 71.3856430053711 50
      vertex 3.0259809494018555 71.26936340332031 3.200000762939453
      vertex 3.1999988555908203 71.3856430053711 3.200000762939453
    endloop
  endfacet
  facet normal 0.7518309990389752 -0.6593558590655403 0
    outer loop
      vertex 2.7306337356567383 70.9740219116211 50
      vertex 2.86862850189209 71.1313705444336 3.200000762939453
      vertex 2.86862850189209 71.1313705444336 50
    endloop
  endfacet
  facet normal 0.7518309990389752 -0.6593558590655403 0
    outer loop
      vertex 2.86862850189209 71.1313705444336 3.200000762939453
      vertex 2.7306337356567383 70.9740219116211 50
      vertex 2.7306337356567383 70.9740219116211 3.200000762939453
    endloop
  endfacet
  facet normal -0.9978593675008633 -0.06539635074510662 0
    outer loop
      vertex 109.5999984741211 70 3.200000762939453
      vertex 109.58631134033203 70.20884704589844 40
      vertex 109.58631134033203 70.20884704589844 3.200000762939453
    endloop
  endfacet
  facet normal -0.9978593675008633 -0.06539635074510662 0
    outer loop
      vertex 109.58631134033203 70.20884704589844 40
      vertex 109.5999984741211 70 3.200000762939453
      vertex 109.5999984741211 70 40
    endloop
  endfacet
  facet normal -0.19506446944808503 -0.980790422444539 0
    outer loop
      vertex 108.2088394165039 71.58631134033203 3.200000762939453
      vertex 108.41410827636719 71.54548645019531 40
      vertex 108.2088394165039 71.58631134033203 40
    endloop
  endfacet
  facet normal -0.19506446944808503 -0.980790422444539 0
    outer loop
      vertex 108.41410827636719 71.54548645019531 40
      vertex 108.2088394165039 71.58631134033203 3.200000762939453
      vertex 108.41410827636719 71.54548645019531 3.200000762939453
    endloop
  endfacet
  facet normal -0.5555874116806131 0.8314581336315359 0
    outer loop
      vertex 108.97401428222656 2.730635643005371 3.200000762939453
      vertex 108.80000305175781 2.6143598556518555 50
      vertex 108.97401428222656 2.730635643005371 50
    endloop
  endfacet
  facet normal -0.5555874116806131 0.8314581336315359 0
    outer loop
      vertex 108.80000305175781 2.6143598556518555 50
      vertex 108.97401428222656 2.730635643005371 3.200000762939453
      vertex 108.80000305175781 2.6143598556518555 3.200000762939453
    endloop
  endfacet
  facet normal 0.8314714907709864 -0.5555674216826196 0
    outer loop
      vertex 2.614358901977539 70.80000305175781 50
      vertex 2.7306337356567383 70.9740219116211 3.200000762939453
      vertex 2.7306337356567383 70.9740219116211 50
    endloop
  endfacet
  facet normal 0.8314714907709864 -0.5555674216826196 0
    outer loop
      vertex 2.7306337356567383 70.9740219116211 3.200000762939453
      vertex 2.614358901977539 70.80000305175781 50
      vertex 2.614358901977539 70.80000305175781 3.200000762939453
    endloop
  endfacet
  facet normal 0.8968706724893842 -0.44229288579903664 0
    outer loop
      vertex 2.521791458129883 70.61229705810547 50
      vertex 2.614358901977539 70.80000305175781 3.200000762939453
      vertex 2.614358901977539 70.80000305175781 50
    endloop
  endfacet
  facet normal 0.8968706724893842 -0.44229288579903664 0
    outer loop
      vertex 2.614358901977539 70.80000305175781 3.200000762939453
      vertex 2.521791458129883 70.61229705810547 50
      vertex 2.521791458129883 70.61229705810547 3.200000762939453
    endloop
  endfacet
  facet normal -0.8314609661630147 -0.555583172663883 0
    outer loop
      vertex 109.3856430053711 70.80000305175781 3.200000762939453
      vertex 109.26936340332031 70.9740219116211 50
      vertex 109.26936340332031 70.9740219116211 3.200000762939453
    endloop
  endfacet
  facet normal -0.8314609661630147 -0.555583172663883 0
    outer loop
      vertex 109.26936340332031 70.9740219116211 50
      vertex 109.3856430053711 70.80000305175781 3.200000762939453
      vertex 109.3856430053711 70.80000305175781 50
    endloop
  endfacet
  facet normal -0.6593326365999959 -0.7518513645090349 0
    outer loop
      vertex 108.97401428222656 71.26936340332031 3.200000762939453
      vertex 109.1313705444336 71.1313705444336 50
      vertex 108.97401428222656 71.26936340332031 50
    endloop
  endfacet
  facet normal -0.6593326365999959 -0.7518513645090349 0
    outer loop
      vertex 109.1313705444336 71.1313705444336 50
      vertex 108.97401428222656 71.26936340332031 3.200000762939453
      vertex 109.1313705444336 71.1313705444336 3.200000762939453
    endloop
  endfacet
  facet normal 0 0 1
    outer loop
      vertex 10 22.5 3.200000762939453
      vertex 14.049999237060547 22.700000762939453 3.200000762939453
      vertex 10 51.5 3.200000762939453
    endloop
  endfacet
  facet normal 0 0 1
    outer loop
      vertex 14.049999237060547 22.700000762939453 3.200000762939453
      vertex 10 22.5 3.200000762939453
      vertex 13.5 22.5 3.200000762939453
    endloop
  endfacet
  facet normal 0 0 1
    outer loop
      vertex 59.94999694824219 51.30000305175781 3.200000762939453
      vertex 64 51.5 3.200000762939453
      vertex 60.5 51.5 3.200000762939453
    endloop
  endfacet
  facet normal 0 0 1
    outer loop
      vertex 64 51.5 3.200000762939453
      vertex 59.94999694824219 51.30000305175781 3.200000762939453
      vertex 64 22.5 3.200000762939453
    endloop
  endfacet
  facet normal 0 0 1
    outer loop
      vertex 109.5999984741211 70 3.200000762939453
      vertex 89.04266357421875 48.68471908569336 3.200000762939453
      vertex 109.5999984741211 4.000000953674316 3.200000762939453
    endloop
  endfacet
  facet normal 0 0 1
    outer loop
      vertex 109.5999984741211 4.000000953674316 3.200000762939453
      vertex 89.123046875 24.911157608032227 3.200000762939453
      vertex 89.1500015258789 24.5 3.200000762939453
    endloop
  endfacet
  facet normal 0 0 1
    outer loop
      vertex 89.04266357421875 25.31528091430664 3.200000762939453
      vertex 109.5999984741211 4.000000953674316 3.200000762939453
      vertex 89.04266357421875 48.68471908569336 3.200000762939453
    endloop
  endfacet
  facet normal 0 0 1
    outer loop
      vertex 109.5999984741211 4.000000953674316 3.200000762939453
      vertex 89.04266357421875 25.31528091430664 3.200000762939453
      vertex 89.123046875 24.911157608032227 3.200000762939453
    endloop
  endfacet
  facet normal 0 0 1
    outer loop
      vertex 88.91021728515625 48.29454803466797 3.200000762939453
      vertex 89.04266357421875 25.31528091430664 3.200000762939453
      vertex 89.04266357421875 48.68471908569336 3.200000762939453
    endloop
  endfacet
  facet normal 0 0 1
    outer loop
      vertex 88.91021728515625 48.29454803466797 3.200000762939453
      vertex 88.91021728515625 25.70545196533203 3.200000762939453
      vertex 89.04266357421875 25.31528091430664 3.200000762939453
    endloop
  endfacet
  facet normal 0 0 1
    outer loop
      vertex 88.72798156738281 47.92499923706055 3.200000762939453
      vertex 88.91021728515625 25.70545196533203 3.200000762939453
      vertex 88.91021728515625 48.29454803466797 3.200000762939453
    endloop
  endfacet
  facet normal 0 0 1
    outer loop
      vertex 88.72798156738281 47.92499923706055 3.200000762939453
      vertex 88.72798156738281 26.075000762939453 3.200000762939453
      vertex 88.91021728515625 25.70545196533203 3.200000762939453
    endloop
  endfacet
  facet normal 0 0 1
    outer loop
      vertex 88.49906158447266 47.582401275634766 3.200000762939453
      vertex 88.72798156738281 26.075000762939453 3.200000762939453
      vertex 88.72798156738281 47.92499923706055 3.200000762939453
    endloop
  endfacet
  facet normal 0 0 1
    outer loop
      vertex 88.49906158447266 47.582401275634766 3.200000762939453
      vertex 88.49906158447266 26.417598724365234 3.200000762939453
      vertex 88.72798156738281 26.075000762939453 3.200000762939453
    endloop
  endfacet
  facet normal 0 0 1
    outer loop
      vertex 88.22738647460938 47.272613525390625 3.200000762939453
      vertex 88.49906158447266 26.417598724365234 3.200000762939453
      vertex 88.49906158447266 47.582401275634766 3.200000762939453
    endloop
  endfacet
  facet normal 0 0 1
    outer loop
      vertex 88.22738647460938 47.272613525390625 3.200000762939453
      vertex 88.22738647460938 26.727386474609375 3.200000762939453
      vertex 88.49906158447266 26.417598724365234 3.200000762939453
    endloop
  endfacet
  facet normal 0 0 1
    outer loop
      vertex 87.91759490966797 47.000938415527344 3.200000762939453
      vertex 88.22738647460938 26.727386474609375 3.200000762939453
      vertex 88.22738647460938 47.272613525390625 3.200000762939453
    endloop
  endfacet
  facet normal 0 0 1
    outer loop
      vertex 87.91759490966797 47.000938415527344 3.200000762939453
      vertex 87.91759490966797 26.99906349182129 3.200000762939453
      vertex 88.22738647460938 26.727386474609375 3.200000762939453
    endloop
  endfacet
  facet normal 0 0 1
    outer loop
      vertex 87.57499694824219 46.77201843261719 3.200000762939453
      vertex 87.91759490966797 26.99906349182129 3.200000762939453
      vertex 87.91759490966797 47.000938415527344 3.200000762939453
    endloop
  endfacet
  facet normal 0 0 1
    outer loop
      vertex 87.57499694824219 46.77201843261719 3.200000762939453
      vertex 87.57499694824219 27.227981567382812 3.200000762939453
      vertex 87.91759490966797 26.99906349182129 3.200000762939453
    endloop
  endfacet
  facet normal 0 0 1
    outer loop
      vertex 87.20545196533203 46.589778900146484 3.200000762939453
      vertex 87.57499694824219 27.227981567382812 3.200000762939453
      vertex 87.57499694824219 46.77201843261719 3.200000762939453
    endloop
  endfacet
  facet normal 0 0 1
    outer loop
      vertex 87.20545196533203 46.589778900146484 3.200000762939453
      vertex 87.20545196533203 27.410221099853516 3.200000762939453
      vertex 87.57499694824219 27.227981567382812 3.200000762939453
    endloop
  endfacet
  facet normal 0 0 1
    outer loop
      vertex 86.81527709960938 46.45733642578125 3.200000762939453
      vertex 87.20545196533203 27.410221099853516 3.200000762939453
      vertex 87.20545196533203 46.589778900146484 3.200000762939453
    endloop
  endfacet
  facet normal 0 0 1
    outer loop
      vertex 86.81527709960938 46.45733642578125 3.200000762939453
      vertex 86.81527709960938 27.542667388916016 3.200000762939453
      vertex 87.20545196533203 27.410221099853516 3.200000762939453
    endloop
  endfacet
  facet normal 0 0 1
    outer loop
      vertex 86.4111557006836 46.376949310302734 3.200000762939453
      vertex 86.81527709960938 27.542667388916016 3.200000762939453
      vertex 86.81527709960938 46.45733642578125 3.200000762939453
    endloop
  endfacet
  facet normal 0 0 1
    outer loop
      vertex 86.4111557006836 46.376949310302734 3.200000762939453
      vertex 86.4111557006836 27.623050689697266 3.200000762939453
      vertex 86.81527709960938 27.542667388916016 3.200000762939453
    endloop
  endfacet
  facet normal 0 0 1
    outer loop
      vertex 86 46.349998474121094 3.200000762939453
      vertex 86.4111557006836 27.623050689697266 3.200000762939453
      vertex 86.4111557006836 46.376949310302734 3.200000762939453
    endloop
  endfacet
  facet normal 0 0 1
    outer loop
      vertex 86 46.349998474121094 3.200000762939453
      vertex 86 27.650001525878906 3.200000762939453
      vertex 86.4111557006836 27.623050689697266 3.200000762939453
    endloop
  endfacet
  facet normal 0 0 1
    outer loop
      vertex 85.5888442993164 46.376949310302734 3.200000762939453
      vertex 86 27.650001525878906 3.200000762939453
      vertex 86 46.349998474121094 3.200000762939453
    endloop
  endfacet
  facet normal 0 0 1
    outer loop
      vertex 85.5888442993164 46.376949310302734 3.200000762939453
      vertex 85.5888442993164 27.623050689697266 3.200000762939453
      vertex 86 27.650001525878906 3.200000762939453
    endloop
  endfacet
  facet normal 0 0 1
    outer loop
      vertex 85.18472290039062 46.45733642578125 3.200000762939453
      vertex 85.5888442993164 27.623050689697266 3.200000762939453
      vertex 85.5888442993164 46.376949310302734 3.200000762939453
    endloop
  endfacet
  facet normal 0 0 1
    outer loop
      vertex 85.18472290039062 46.45733642578125 3.200000762939453
      vertex 85.18472290039062 27.542667388916016 3.200000762939453
      vertex 85.5888442993164 27.623050689697266 3.200000762939453
    endloop
  endfacet
  facet normal 0 0 1
    outer loop
      vertex 84.79454803466797 46.589778900146484 3.200000762939453
      vertex 85.18472290039062 27.542667388916016 3.200000762939453
      vertex 85.18472290039062 46.45733642578125 3.200000762939453
    endloop
  endfacet
  facet normal 0 0 1
    outer loop
      vertex 84.79454803466797 46.589778900146484 3.200000762939453
      vertex 84.79454803466797 27.410221099853516 3.200000762939453
      vertex 85.18472290039062 27.542667388916016 3.200000762939453
    endloop
  endfacet
  facet normal 0 0 1
    outer loop
      vertex 84.42500305175781 46.77201843261719 3.200000762939453
      vertex 84.79454803466797 27.410221099853516 3.200000762939453
      vertex 84.79454803466797 46.589778900146484 3.200000762939453
    endloop
  endfacet
  facet normal 0 0 1
    outer loop
      vertex 84.42500305175781 46.77201843261719 3.200000762939453
      vertex 84.42500305175781 27.227981567382812 3.200000762939453
      vertex 84.79454803466797 27.410221099853516 3.200000762939453
    endloop
  endfacet
  facet normal 0 0 1
    outer loop
      vertex 84.0823974609375 47.000938415527344 3.200000762939453
      vertex 84.42500305175781 27.227981567382812 3.200000762939453
      vertex 84.42500305175781 46.77201843261719 3.200000762939453
    endloop
  endfacet
  facet normal 0 0 1
    outer loop
      vertex 84.0823974609375 47.000938415527344 3.200000762939453
      vertex 84.0823974609375 26.99906349182129 3.200000762939453
      vertex 84.42500305175781 27.227981567382812 3.200000762939453
    endloop
  endfacet
  facet normal 0 0 1
    outer loop
      vertex 83.77261352539062 47.272613525390625 3.200000762939453
      vertex 84.0823974609375 26.99906349182129 3.200000762939453
      vertex 84.0823974609375 47.000938415527344 3.200000762939453
    endloop
  endfacet
  facet normal 0 0 1
    outer loop
      vertex 83.77261352539062 47.272613525390625 3.200000762939453
      vertex 83.77261352539062 26.727386474609375 3.200000762939453
      vertex 84.0823974609375 26.99906349182129 3.200000762939453
    endloop
  endfacet
  facet normal 0 0 1
    outer loop
      vertex 83.50093841552734 47.582401275634766 3.200000762939453
      vertex 83.77261352539062 26.727386474609375 3.200000762939453
      vertex 83.77261352539062 47.272613525390625 3.200000762939453
    endloop
  endfacet
  facet normal 0 0 1
    outer loop
      vertex 83.50093841552734 47.582401275634766 3.200000762939453
      vertex 83.50093841552734 26.417598724365234 3.200000762939453
      vertex 83.77261352539062 26.727386474609375 3.200000762939453
    endloop
  endfacet
  facet normal 0 0 1
    outer loop
      vertex 64 51.5 3.200000762939453
      vertex 83.50093841552734 47.582401275634766 3.200000762939453
      vertex 83.27201843261719 47.92499923706055 3.200000762939453
    endloop
  endfacet
  facet normal 0 0 1
    outer loop
      vertex 83.50093841552734 47.582401275634766 3.200000762939453
      vertex 64 51.5 3.200000762939453
      vertex 83.50093841552734 26.417598724365234 3.200000762939453
    endloop
  endfacet
  facet normal 0 0 1
    outer loop
      vertex 64 51.5 3.200000762939453
      vertex 83.27201843261719 47.92499923706055 3.200000762939453
      vertex 83.08978271484375 48.29454803466797 3.200000762939453
    endloop
  endfacet
  facet normal 0 0 1
    outer loop
      vertex 64 22.5 3.200000762939453
      vertex 83.50093841552734 26.417598724365234 3.200000762939453
      vertex 64 51.5 3.200000762939453
    endloop
  endfacet
  facet normal 0 0 1
    outer loop
      vertex 64 51.5 3.200000762939453
      vertex 83.08978271484375 48.29454803466797 3.200000762939453
      vertex 82.95733642578125 48.68471908569336 3.200000762939453
    endloop
  endfacet
  facet normal 0 0 1
    outer loop
      vertex 83.50093841552734 26.417598724365234 3.200000762939453
      vertex 64 22.5 3.200000762939453
      vertex 83.27201843261719 26.075000762939453 3.200000762939453
    endloop
  endfacet
  facet normal 0 0 1
    outer loop
      vertex 64 51.5 3.200000762939453
      vertex 82.95733642578125 48.68471908569336 3.200000762939453
      vertex 82.87694549560547 49.088844299316406 3.200000762939453
    endloop
  endfacet
  facet normal 0 0 1
    outer loop
      vertex 83.27201843261719 26.075000762939453 3.200000762939453
      vertex 64 22.5 3.200000762939453
      vertex 83.08978271484375 25.70545196533203 3.200000762939453
    endloop
  endfacet
  facet normal 0 0 1
    outer loop
      vertex 64 51.5 3.200000762939453
      vertex 82.87694549560547 49.088844299316406 3.200000762939453
      vertex 82.8499984741211 49.5 3.200000762939453
    endloop
  endfacet
  facet normal 0 0 1
    outer loop
      vertex 83.08978271484375 25.70545196533203 3.200000762939453
      vertex 64 22.5 3.200000762939453
      vertex 82.95733642578125 25.31528091430664 3.200000762939453
    endloop
  endfacet
  facet normal 0 0 1
    outer loop
      vertex 108 71.5999984741211 3.200000762939453
      vertex 109.5999984741211 70 3.200000762939453
      vertex 109.58631134033203 70.20884704589844 3.200000762939453
    endloop
  endfacet
  facet normal 0 0 1
    outer loop
      vertex 89.123046875 49.088844299316406 3.200000762939453
      vertex 109.5999984741211 70 3.200000762939453
      vertex 89.1500015258789 49.5 3.200000762939453
    endloop
  endfacet
  facet normal 0 0 1
    outer loop
      vertex 108 71.5999984741211 3.200000762939453
      vertex 109.58631134033203 70.20884704589844 3.200000762939453
      vertex 109.54547882080078 70.41410827636719 3.200000762939453
    endloop
  endfacet
  facet normal 0 0 1
    outer loop
      vertex 89.04266357421875 48.68471908569336 3.200000762939453
      vertex 109.5999984741211 70 3.200000762939453
      vertex 89.123046875 49.088844299316406 3.200000762939453
    endloop
  endfacet
  facet normal 0 0 1
    outer loop
      vertex 108 71.5999984741211 3.200000762939453
      vertex 109.54547882080078 70.41410827636719 3.200000762939453
      vertex 109.47821044921875 70.61229705810547 3.200000762939453
    endloop
  endfacet
  facet normal 0 0 1
    outer loop
      vertex 89.123046875 24.088844299316406 3.200000762939453
      vertex 109.5999984741211 4.000000953674316 3.200000762939453
      vertex 89.1500015258789 24.5 3.200000762939453
    endloop
  endfacet
  facet normal 0 0 1
    outer loop
      vertex 108 71.5999984741211 3.200000762939453
      vertex 109.47821044921875 70.61229705810547 3.200000762939453
      vertex 109.3856430053711 70.80000305175781 3.200000762939453
    endloop
  endfacet
  facet normal 0 0 1
    outer loop
      vertex 89.04266357421875 23.68471908569336 3.200000762939453
      vertex 109.5999984741211 4.000000953674316 3.200000762939453
      vertex 89.123046875 24.088844299316406 3.200000762939453
    endloop
  endfacet
  facet normal 0 0 1
    outer loop
      vertex 108 71.5999984741211 3.200000762939453
      vertex 109.3856430053711 70.80000305175781 3.200000762939453
      vertex 109.26936340332031 70.9740219116211 3.200000762939453
    endloop
  endfacet
  facet normal 0 0 1
    outer loop
      vertex 88.91021728515625 23.29454803466797 3.200000762939453
      vertex 109.5999984741211 4.000000953674316 3.200000762939453
      vertex 89.04266357421875 23.68471908569336 3.200000762939453
    endloop
  endfacet
  facet normal 0 0 1
    outer loop
      vertex 108 71.5999984741211 3.200000762939453
      vertex 109.26936340332031 70.9740219116211 3.200000762939453
      vertex 109.1313705444336 71.1313705444336 3.200000762939453
    endloop
  endfacet
  facet normal 0 0 1
    outer loop
      vertex 88.72798156738281 22.924999237060547 3.200000762939453
      vertex 109.5999984741211 4.000000953674316 3.200000762939453
      vertex 88.91021728515625 23.29454803466797 3.200000762939453
    endloop
  endfacet
  facet normal 0 0 1
    outer loop
      vertex 108 71.5999984741211 3.200000762939453
      vertex 109.1313705444336 71.1313705444336 3.200000762939453
      vertex 108.97401428222656 71.26936340332031 3.200000762939453
    endloop
  endfacet
  facet normal 0 0 1
    outer loop
      vertex 88.49906158447266 22.582401275634766 3.200000762939453
      vertex 109.5999984741211 4.000000953674316 3.200000762939453
      vertex 88.72798156738281 22.924999237060547 3.200000762939453
    endloop
  endfacet
  facet normal 0 0 1
    outer loop
      vertex 108 71.5999984741211 3.200000762939453
      vertex 108.97401428222656 71.26936340332031 3.200000762939453
      vertex 108.80000305175781 71.3856430053711 3.200000762939453
    endloop
  endfacet
  facet normal 0 0 1
    outer loop
      vertex 108 2.40000057220459 3.200000762939453
      vertex 109.5999984741211 4.000000953674316 3.200000762939453
      vertex 88.49906158447266 22.582401275634766 3.200000762939453
    endloop
  endfacet
  facet normal 0 0 1
    outer loop
      vertex 108 71.5999984741211 3.200000762939453
      vertex 108.80000305175781 71.3856430053711 3.200000762939453
      vertex 108.61228942871094 71.47821044921875 3.200000762939453
    endloop
  endfacet
  facet normal 0 0 1
    outer loop
      vertex 109.5999984741211 4.000000953674316 3.200000762939453
      vertex 108 2.40000057220459 3.200000762939453
      vertex 109.58631134033203 3.791158676147461 3.200000762939453
    endloop
  endfacet
  facet normal 0 0 1
    outer loop
      vertex 108 71.5999984741211 3.200000762939453
      vertex 108.61228942871094 71.47821044921875 3.200000762939453
      vertex 108.41410827636719 71.54548645019531 3.200000762939453
    endloop
  endfacet
  facet normal 0 0 1
    outer loop
      vertex 109.54547882080078 3.585890769958496 3.200000762939453
      vertex 108 2.40000057220459 3.200000762939453
      vertex 109.47821044921875 3.3877077102661133 3.200000762939453
    endloop
  endfacet
  facet normal 0 0 1
    outer loop
      vertex 108 71.5999984741211 3.200000762939453
      vertex 108.41410827636719 71.54548645019531 3.200000762939453
      vertex 108.2088394165039 71.58631134033203 3.200000762939453
    endloop
  endfacet
  facet normal 0 0 1
    outer loop
      vertex 109.47821044921875 3.3877077102661133 3.200000762939453
      vertex 108 2.40000057220459 3.200000762939453
      vertex 109.3856430053711 3.200000762939453 3.200000762939453
    endloop
  endfacet
  facet normal 0 0 1
    outer loop
      vertex 109.5999984741211 70 3.200000762939453
      vertex 108 71.5999984741211 3.200000762939453
      vertex 88.49906158447266 51.417598724365234 3.200000762939453
    endloop
  endfacet
  facet normal 0 0 1
    outer loop
      vertex 109.26936340332031 3.0259828567504883 3.200000762939453
      vertex 108 2.40000057220459 3.200000762939453
      vertex 109.1313705444336 2.8686304092407227 3.200000762939453
    endloop
  endfacet
  facet normal 0 0 1
    outer loop
      vertex 109.1313705444336 2.8686304092407227 3.200000762939453
      vertex 108 2.40000057220459 3.200000762939453
      vertex 108.97401428222656 2.730635643005371 3.200000762939453
    endloop
  endfacet
  facet normal 0 0 1
    outer loop
      vertex 109.5999984741211 70 3.200000762939453
      vertex 89.123046875 49.911155700683594 3.200000762939453
      vertex 89.1500015258789 49.5 3.200000762939453
    endloop
  endfacet
  facet normal 0 0 1
    outer loop
      vertex 109.5999984741211 70 3.200000762939453
      vertex 89.04266357421875 50.31528091430664 3.200000762939453
      vertex 89.123046875 49.911155700683594 3.200000762939453
    endloop
  endfacet
  facet normal 0 0 1
    outer loop
      vertex 109.5999984741211 70 3.200000762939453
      vertex 88.91021728515625 50.70545196533203 3.200000762939453
      vertex 89.04266357421875 50.31528091430664 3.200000762939453
    endloop
  endfacet
  facet normal 0 0 1
    outer loop
      vertex 109.5999984741211 70 3.200000762939453
      vertex 88.72798156738281 51.07500076293945 3.200000762939453
      vertex 88.91021728515625 50.70545196533203 3.200000762939453
    endloop
  endfacet
  facet normal 0 0 1
    outer loop
      vertex 109.5999984741211 70 3.200000762939453
      vertex 88.49906158447266 51.417598724365234 3.200000762939453
      vertex 88.72798156738281 51.07500076293945 3.200000762939453
    endloop
  endfacet
  facet normal 0 0 1
    outer loop
      vertex 108 71.5999984741211 3.200000762939453
      vertex 88.22738647460938 51.727386474609375 3.200000762939453
      vertex 88.49906158447266 51.417598724365234 3.200000762939453
    endloop
  endfacet
  facet normal 0 0 1
    outer loop
      vertex 108 71.5999984741211 3.200000762939453
      vertex 87.91759490966797 51.999061584472656 3.200000762939453
      vertex 88.22738647460938 51.727386474609375 3.200000762939453
    endloop
  endfacet
  facet normal 0 0 1
    outer loop
      vertex 108 71.5999984741211 3.200000762939453
      vertex 87.57499694824219 52.22798156738281 3.200000762939453
      vertex 87.91759490966797 51.999061584472656 3.200000762939453
    endloop
  endfacet
  facet normal 0 0 1
    outer loop
      vertex 108 71.5999984741211 3.200000762939453
      vertex 87.20545196533203 52.410221099853516 3.200000762939453
      vertex 87.57499694824219 52.22798156738281 3.200000762939453
    endloop
  endfacet
  facet normal 0 0 1
    outer loop
      vertex 108 71.5999984741211 3.200000762939453
      vertex 86.81527709960938 52.542667388916016 3.200000762939453
      vertex 87.20545196533203 52.410221099853516 3.200000762939453
    endloop
  endfacet
  facet normal 0 0 1
    outer loop
      vertex 108 71.5999984741211 3.200000762939453
      vertex 86.4111557006836 52.623050689697266 3.200000762939453
      vertex 86.81527709960938 52.542667388916016 3.200000762939453
    endloop
  endfacet
  facet normal 0 0 1
    outer loop
      vertex 108 71.5999984741211 3.200000762939453
      vertex 86 52.650001525878906 3.200000762939453
      vertex 86.4111557006836 52.623050689697266 3.200000762939453
    endloop
  endfacet
  facet normal 0 0 1
    outer loop
      vertex 108 71.5999984741211 3.200000762939453
      vertex 85.5888442993164 52.623050689697266 3.200000762939453
      vertex 86 52.650001525878906 3.200000762939453
    endloop
  endfacet
  facet normal 0 0 1
    outer loop
      vertex 108 71.5999984741211 3.200000762939453
      vertex 85.18472290039062 52.542667388916016 3.200000762939453
      vertex 85.5888442993164 52.623050689697266 3.200000762939453
    endloop
  endfacet
  facet normal 0 0 1
    outer loop
      vertex 64 55 3.200000762939453
      vertex 85.18472290039062 52.542667388916016 3.200000762939453
      vertex 108 71.5999984741211 3.200000762939453
    endloop
  endfacet
  facet normal 0 0 1
    outer loop
      vertex 85.18472290039062 52.542667388916016 3.200000762939453
      vertex 64 55 3.200000762939453
      vertex 84.79454803466797 52.410221099853516 3.200000762939453
    endloop
  endfacet
  facet normal 0 0 1
    outer loop
      vertex 84.79454803466797 52.410221099853516 3.200000762939453
      vertex 64 55 3.200000762939453
      vertex 84.42500305175781 52.22798156738281 3.200000762939453
    endloop
  endfacet
  facet normal 0 0 1
    outer loop
      vertex 82.87694549560547 49.911155700683594 3.200000762939453
      vertex 64 51.5 3.200000762939453
      vertex 82.8499984741211 49.5 3.200000762939453
    endloop
  endfacet
  facet normal 0 0 1
    outer loop
      vertex 82.95733642578125 50.31528091430664 3.200000762939453
      vertex 64 51.5 3.200000762939453
      vertex 82.87694549560547 49.911155700683594 3.200000762939453
    endloop
  endfacet
  facet normal 0 0 1
    outer loop
      vertex 64 51.5 3.200000762939453
      vertex 82.95733642578125 50.31528091430664 3.200000762939453
      vertex 64 55 3.200000762939453
    endloop
  endfacet
  facet normal 0 0 1
    outer loop
      vertex 83.08978271484375 50.70545196533203 3.200000762939453
      vertex 64 55 3.200000762939453
      vertex 82.95733642578125 50.31528091430664 3.200000762939453
    endloop
  endfacet
  facet normal 0 0 1
    outer loop
      vertex 83.27201843261719 51.07500076293945 3.200000762939453
      vertex 64 55 3.200000762939453
      vertex 83.08978271484375 50.70545196533203 3.200000762939453
    endloop
  endfacet
  facet normal 0 0 1
    outer loop
      vertex 83.50093841552734 51.417598724365234 3.200000762939453
      vertex 64 55 3.200000762939453
      vertex 83.27201843261719 51.07500076293945 3.200000762939453
    endloop
  endfacet
  facet normal 0 0 1
    outer loop
      vertex 83.77261352539062 51.727386474609375 3.200000762939453
      vertex 64 55 3.200000762939453
      vertex 83.50093841552734 51.417598724365234 3.200000762939453
    endloop
  endfacet
  facet normal 0 0 1
    outer loop
      vertex 84.0823974609375 51.999061584472656 3.200000762939453
      vertex 64 55 3.200000762939453
      vertex 83.77261352539062 51.727386474609375 3.200000762939453
    endloop
  endfacet
  facet normal 0 0 1
    outer loop
      vertex 84.42500305175781 52.22798156738281 3.200000762939453
      vertex 64 55 3.200000762939453
      vertex 84.0823974609375 51.999061584472656 3.200000762939453
    endloop
  endfacet
  facet normal 0 0 1
    outer loop
      vertex 108 71.5999984741211 3.200000762939453
      vertex 60.5 55 3.200000762939453
      vertex 64 55 3.200000762939453
    endloop
  endfacet
  facet normal 0 0 1
    outer loop
      vertex 59.73564147949219 52.10000228881836 3.200000762939453
      vertex 60.5 51.5 3.200000762939453
      vertex 60.5 55 3.200000762939453
    endloop
  endfacet
  facet normal 0 0 1
    outer loop
      vertex 59.94999694824219 22.700000762939453 3.200000762939453
      vertex 64 22.5 3.200000762939453
      vertex 59.94999694824219 51.30000305175781 3.200000762939453
    endloop
  endfacet
  facet normal 0 0 1
    outer loop
      vertex 64 22.5 3.200000762939453
      vertex 59.94999694824219 22.700000762939453 3.200000762939453
      vertex 60.5 22.5 3.200000762939453
    endloop
  endfacet
  facet normal 0 0 1
    outer loop
      vertex 60.5 51.5 3.200000762939453
      vertex 59.936309814453125 51.50884246826172 3.200000762939453
      vertex 59.94999694824219 51.30000305175781 3.200000762939453
    endloop
  endfacet
  facet normal 0 0 1
    outer loop
      vertex 60.5 51.5 3.200000762939453
      vertex 59.89548110961914 51.714111328125 3.200000762939453
      vertex 59.936309814453125 51.50884246826172 3.200000762939453
    endloop
  endfacet
  facet normal 0 0 1
    outer loop
      vertex 60.5 51.5 3.200000762939453
      vertex 59.82820510864258 51.91229248046875 3.200000762939453
      vertex 59.89548110961914 51.714111328125 3.200000762939453
    endloop
  endfacet
  facet normal 0 0 1
    outer loop
      vertex 60.5 51.5 3.200000762939453
      vertex 59.73564147949219 52.10000228881836 3.200000762939453
      vertex 59.82820510864258 51.91229248046875 3.200000762939453
    endloop
  endfacet
  facet normal 0 0 1
    outer loop
      vertex 60.5 55 3.200000762939453
      vertex 59.619361877441406 52.274017333984375 3.200000762939453
      vertex 59.73564147949219 52.10000228881836 3.200000762939453
    endloop
  endfacet
  facet normal 0 0 1
    outer loop
      vertex 60.5 55 3.200000762939453
      vertex 59.48136901855469 52.431373596191406 3.200000762939453
      vertex 59.619361877441406 52.274017333984375 3.200000762939453
    endloop
  endfacet
  facet normal 0 0 1
    outer loop
      vertex 60.5 55 3.200000762939453
      vertex 59.32401657104492 52.569366455078125 3.200000762939453
      vertex 59.48136901855469 52.431373596191406 3.200000762939453
    endloop
  endfacet
  facet normal 0 0 1
    outer loop
      vertex 60.5 55 3.200000762939453
      vertex 59.14999771118164 52.68564224243164 3.200000762939453
      vertex 59.32401657104492 52.569366455078125 3.200000762939453
    endloop
  endfacet
  facet normal 0 0 1
    outer loop
      vertex 60.5 55 3.200000762939453
      vertex 58.9622917175293 52.7782096862793 3.200000762939453
      vertex 59.14999771118164 52.68564224243164 3.200000762939453
    endloop
  endfacet
  facet normal 0 0 1
    outer loop
      vertex 60.5 55 3.200000762939453
      vertex 58.76411056518555 52.845481872558594 3.200000762939453
      vertex 58.9622917175293 52.7782096862793 3.200000762939453
    endloop
  endfacet
  facet normal 0 0 1
    outer loop
      vertex 60.5 55 3.200000762939453
      vertex 58.558841705322266 52.886314392089844 3.200000762939453
      vertex 58.76411056518555 52.845481872558594 3.200000762939453
    endloop
  endfacet
  facet normal 0 0 1
    outer loop
      vertex 60.5 55 3.200000762939453
      vertex 58.349998474121094 52.900001525878906 3.200000762939453
      vertex 58.558841705322266 52.886314392089844 3.200000762939453
    endloop
  endfacet
  facet normal 0 0 1
    outer loop
      vertex 60.5 55 3.200000762939453
      vertex 15.649998664855957 52.900001525878906 3.200000762939453
      vertex 58.349998474121094 52.900001525878906 3.200000762939453
    endloop
  endfacet
  facet normal 0 0 1
    outer loop
      vertex 3.9999990463256836 71.5999984741211 3.200000762939453
      vertex 60.5 55 3.200000762939453
      vertex 108 71.5999984741211 3.200000762939453
    endloop
  endfacet
  facet normal 0 0 1
    outer loop
      vertex 13.5 55 3.200000762939453
      vertex 60.5 55 3.200000762939453
      vertex 3.9999990463256836 71.5999984741211 3.200000762939453
    endloop
  endfacet
  facet normal 0 0 1
    outer loop
      vertex 60.5 55 3.200000762939453
      vertex 13.5 55 3.200000762939453
      vertex 15.649998664855957 52.900001525878906 3.200000762939453
    endloop
  endfacet
  facet normal 0 0 1
    outer loop
      vertex 14.063687324523926 51.50884246826172 3.200000762939453
      vertex 13.5 51.5 3.200000762939453
      vertex 14.049999237060547 51.30000305175781 3.200000762939453
    endloop
  endfacet
  facet normal 0 0 1
    outer loop
      vertex 14.104516983032227 51.714111328125 3.200000762939453
      vertex 13.5 51.5 3.200000762939453
      vertex 14.063687324523926 51.50884246826172 3.200000762939453
    endloop
  endfacet
  facet normal 0 0 1
    outer loop
      vertex 14.171791076660156 51.91229248046875 3.200000762939453
      vertex 13.5 51.5 3.200000762939453
      vertex 14.104516983032227 51.714111328125 3.200000762939453
    endloop
  endfacet
  facet normal 0 0 1
    outer loop
      vertex 14.264358520507812 52.10000228881836 3.200000762939453
      vertex 13.5 51.5 3.200000762939453
      vertex 14.171791076660156 51.91229248046875 3.200000762939453
    endloop
  endfacet
  facet normal 0 0 1
    outer loop
      vertex 13.5 51.5 3.200000762939453
      vertex 14.264358520507812 52.10000228881836 3.200000762939453
      vertex 13.5 55 3.200000762939453
    endloop
  endfacet
  facet normal 0 0 1
    outer loop
      vertex 14.380633354187012 52.274017333984375 3.200000762939453
      vertex 13.5 55 3.200000762939453
      vertex 14.264358520507812 52.10000228881836 3.200000762939453
    endloop
  endfacet
  facet normal 0 0 1
    outer loop
      vertex 14.518628120422363 52.431373596191406 3.200000762939453
      vertex 13.5 55 3.200000762939453
      vertex 14.380633354187012 52.274017333984375 3.200000762939453
    endloop
  endfacet
  facet normal 0 0 1
    outer loop
      vertex 14.675980567932129 52.569366455078125 3.200000762939453
      vertex 13.5 55 3.200000762939453
      vertex 14.518628120422363 52.431373596191406 3.200000762939453
    endloop
  endfacet
  facet normal 0 0 1
    outer loop
      vertex 14.849998474121094 52.68564224243164 3.200000762939453
      vertex 13.5 55 3.200000762939453
      vertex 14.675980567932129 52.569366455078125 3.200000762939453
    endloop
  endfacet
  facet normal 0 0 1
    outer loop
      vertex 15.037705421447754 52.7782096862793 3.200000762939453
      vertex 13.5 55 3.200000762939453
      vertex 14.849998474121094 52.68564224243164 3.200000762939453
    endloop
  endfacet
  facet normal 0 0 1
    outer loop
      vertex 15.235888481140137 52.845481872558594 3.200000762939453
      vertex 13.5 55 3.200000762939453
      vertex 15.037705421447754 52.7782096862793 3.200000762939453
    endloop
  endfacet
  facet normal 0 0 1
    outer loop
      vertex 15.441156387329102 52.886314392089844 3.200000762939453
      vertex 13.5 55 3.200000762939453
      vertex 15.235888481140137 52.845481872558594 3.200000762939453
    endloop
  endfacet
  facet normal 0 0 1
    outer loop
      vertex 15.649998664855957 52.900001525878906 3.200000762939453
      vertex 13.5 55 3.200000762939453
      vertex 15.441156387329102 52.886314392089844 3.200000762939453
    endloop
  endfacet
  facet normal 0 0 1
    outer loop
      vertex 2.3999996185302734 70 3.200000762939453
      vertex 10 51.5 3.200000762939453
      vertex 10 55 3.200000762939453
    endloop
  endfacet
  facet normal 0 0 1
    outer loop
      vertex 10 51.5 3.200000762939453
      vertex 2.3999996185302734 70 3.200000762939453
      vertex 10 22.5 3.200000762939453
    endloop
  endfacet
  facet normal 0 0 1
    outer loop
      vertex 2.3999996185302734 70 3.200000762939453
      vertex 10 55 3.200000762939453
      vertex 3.9999990463256836 71.5999984741211 3.200000762939453
    endloop
  endfacet
  facet normal 0 0 1
    outer loop
      vertex 13.5 55 3.200000762939453
      vertex 3.9999990463256836 71.5999984741211 3.200000762939453
      vertex 10 55 3.200000762939453
    endloop
  endfacet
  facet normal 0 0 1
    outer loop
      vertex 108.80000305175781 2.6143598556518555 3.200000762939453
      vertex 108 2.40000057220459 3.200000762939453
      vertex 108.61228942871094 2.5217933654785156 3.200000762939453
    endloop
  endfacet
  facet normal 0 0 1
    outer loop
      vertex 108.41410827636719 2.454519271850586 3.200000762939453
      vertex 108 2.40000057220459 3.200000762939453
      vertex 108.2088394165039 2.4136886596679688 3.200000762939453
    endloop
  endfacet
  facet normal 0 0 1
    outer loop
      vertex 108.61228942871094 2.5217933654785156 3.200000762939453
      vertex 108 2.40000057220459 3.200000762939453
      vertex 108.41410827636719 2.454519271850586 3.200000762939453
    endloop
  endfacet
  facet normal 0 0 1
    outer loop
      vertex 108.97401428222656 2.730635643005371 3.200000762939453
      vertex 108 2.40000057220459 3.200000762939453
      vertex 108.80000305175781 2.6143598556518555 3.200000762939453
    endloop
  endfacet
  facet normal 0 0 1
    outer loop
      vertex 109.3856430053711 3.200000762939453 3.200000762939453
      vertex 108 2.40000057220459 3.200000762939453
      vertex 109.26936340332031 3.0259828567504883 3.200000762939453
    endloop
  endfacet
  facet normal 0 0 1
    outer loop
      vertex 109.58631134033203 3.791158676147461 3.200000762939453
      vertex 108 2.40000057220459 3.200000762939453
      vertex 109.54547882080078 3.585890769958496 3.200000762939453
    endloop
  endfacet
  facet normal 0 0 1
    outer loop
      vertex 88.22738647460938 22.272613525390625 3.200000762939453
      vertex 108 2.40000057220459 3.200000762939453
      vertex 88.49906158447266 22.582401275634766 3.200000762939453
    endloop
  endfacet
  facet normal 0 0 1
    outer loop
      vertex 87.91759490966797 22.000938415527344 3.200000762939453
      vertex 108 2.40000057220459 3.200000762939453
      vertex 88.22738647460938 22.272613525390625 3.200000762939453
    endloop
  endfacet
  facet normal 0 0 1
    outer loop
      vertex 87.57499694824219 21.77202033996582 3.200000762939453
      vertex 108 2.40000057220459 3.200000762939453
      vertex 87.91759490966797 22.000938415527344 3.200000762939453
    endloop
  endfacet
  facet normal 0 0 1
    outer loop
      vertex 87.20545196533203 21.589778900146484 3.200000762939453
      vertex 108 2.40000057220459 3.200000762939453
      vertex 87.57499694824219 21.77202033996582 3.200000762939453
    endloop
  endfacet
  facet normal 0 0 1
    outer loop
      vertex 86.81527709960938 21.457334518432617 3.200000762939453
      vertex 108 2.40000057220459 3.200000762939453
      vertex 87.20545196533203 21.589778900146484 3.200000762939453
    endloop
  endfacet
  facet normal 0 0 1
    outer loop
      vertex 86.4111557006836 21.376949310302734 3.200000762939453
      vertex 108 2.40000057220459 3.200000762939453
      vertex 86.81527709960938 21.457334518432617 3.200000762939453
    endloop
  endfacet
  facet normal 0 0 1
    outer loop
      vertex 86 21.350000381469727 3.200000762939453
      vertex 108 2.40000057220459 3.200000762939453
      vertex 86.4111557006836 21.376949310302734 3.200000762939453
    endloop
  endfacet
  facet normal 0 0 1
    outer loop
      vertex 85.5888442993164 21.376949310302734 3.200000762939453
      vertex 108 2.40000057220459 3.200000762939453
      vertex 86 21.350000381469727 3.200000762939453
    endloop
  endfacet
  facet normal 0 0 1
    outer loop
      vertex 85.18472290039062 21.457334518432617 3.200000762939453
      vertex 108 2.40000057220459 3.200000762939453
      vertex 85.5888442993164 21.376949310302734 3.200000762939453
    endloop
  endfacet
  facet normal 0 0 1
    outer loop
      vertex 64 19 3.200000762939453
      vertex 85.18472290039062 21.457334518432617 3.200000762939453
      vertex 84.79454803466797 21.589778900146484 3.200000762939453
    endloop
  endfacet
  facet normal 0 0 1
    outer loop
      vertex 64 19 3.200000762939453
      vertex 84.79454803466797 21.589778900146484 3.200000762939453
      vertex 84.42500305175781 21.77202033996582 3.200000762939453
    endloop
  endfacet
  facet normal 0 0 1
    outer loop
      vertex 64 19 3.200000762939453
      vertex 84.42500305175781 21.77202033996582 3.200000762939453
      vertex 84.0823974609375 22.000938415527344 3.200000762939453
    endloop
  endfacet
  facet normal 0 0 1
    outer loop
      vertex 82.95733642578125 25.31528091430664 3.200000762939453
      vertex 64 22.5 3.200000762939453
      vertex 82.87694549560547 24.911157608032227 3.200000762939453
    endloop
  endfacet
  facet normal 0 0 1
    outer loop
      vertex 82.87694549560547 24.911157608032227 3.200000762939453
      vertex 64 22.5 3.200000762939453
      vertex 82.8499984741211 24.5 3.200000762939453
    endloop
  endfacet
  facet normal 0 0 1
    outer loop
      vertex 82.8499984741211 24.5 3.200000762939453
      vertex 64 22.5 3.200000762939453
      vertex 82.87694549560547 24.088844299316406 3.200000762939453
    endloop
  endfacet
  facet normal 0 0 1
    outer loop
      vertex 82.87694549560547 24.088844299316406 3.200000762939453
      vertex 64 22.5 3.200000762939453
      vertex 82.95733642578125 23.68471908569336 3.200000762939453
    endloop
  endfacet
  facet normal 0 0 1
    outer loop
      vertex 64 19 3.200000762939453
      vertex 82.95733642578125 23.68471908569336 3.200000762939453
      vertex 64 22.5 3.200000762939453
    endloop
  endfacet
  facet normal 0 0 1
    outer loop
      vertex 82.95733642578125 23.68471908569336 3.200000762939453
      vertex 64 19 3.200000762939453
      vertex 83.08978271484375 23.29454803466797 3.200000762939453
    endloop
  endfacet
  facet normal 0 0 1
    outer loop
      vertex 83.08978271484375 23.29454803466797 3.200000762939453
      vertex 64 19 3.200000762939453
      vertex 83.27201843261719 22.924999237060547 3.200000762939453
    endloop
  endfacet
  facet normal 0 0 1
    outer loop
      vertex 83.27201843261719 22.924999237060547 3.200000762939453
      vertex 64 19 3.200000762939453
      vertex 83.50093841552734 22.582401275634766 3.200000762939453
    endloop
  endfacet
  facet normal 0 0 1
    outer loop
      vertex 83.50093841552734 22.582401275634766 3.200000762939453
      vertex 64 19 3.200000762939453
      vertex 83.77261352539062 22.272613525390625 3.200000762939453
    endloop
  endfacet
  facet normal 0 0 1
    outer loop
      vertex 83.77261352539062 22.272613525390625 3.200000762939453
      vertex 64 19 3.200000762939453
      vertex 84.0823974609375 22.000938415527344 3.200000762939453
    endloop
  endfacet
  facet normal 0 0 1
    outer loop
      vertex 85.18472290039062 21.457334518432617 3.200000762939453
      vertex 64 19 3.200000762939453
      vertex 108 2.40000057220459 3.200000762939453
    endloop
  endfacet
  facet normal 0 0 1
    outer loop
      vertex 60.5 19 3.200000762939453
      vertex 108 2.40000057220459 3.200000762939453
      vertex 64 19 3.200000762939453
    endloop
  endfacet
  facet normal 0 0 1
    outer loop
      vertex 59.936309814453125 22.491159439086914 3.200000762939453
      vertex 60.5 22.5 3.200000762939453
      vertex 59.94999694824219 22.700000762939453 3.200000762939453
    endloop
  endfacet
  facet normal 0 0 1
    outer loop
      vertex 59.89548110961914 22.285890579223633 3.200000762939453
      vertex 60.5 22.5 3.200000762939453
      vertex 59.936309814453125 22.491159439086914 3.200000762939453
    endloop
  endfacet
  facet normal 0 0 1
    outer loop
      vertex 59.82820510864258 22.08770751953125 3.200000762939453
      vertex 60.5 22.5 3.200000762939453
      vertex 59.89548110961914 22.285890579223633 3.200000762939453
    endloop
  endfacet
  facet normal 0 0 1
    outer loop
      vertex 59.73564147949219 21.900001525878906 3.200000762939453
      vertex 60.5 22.5 3.200000762939453
      vertex 59.82820510864258 22.08770751953125 3.200000762939453
    endloop
  endfacet
  facet normal 0 0 1
    outer loop
      vertex 60.5 22.5 3.200000762939453
      vertex 59.73564147949219 21.900001525878906 3.200000762939453
      vertex 60.5 19 3.200000762939453
    endloop
  endfacet
  facet normal 0 0 1
    outer loop
      vertex 59.619361877441406 21.725982666015625 3.200000762939453
      vertex 60.5 19 3.200000762939453
      vertex 59.73564147949219 21.900001525878906 3.200000762939453
    endloop
  endfacet
  facet normal 0 0 1
    outer loop
      vertex 59.48136901855469 21.56863021850586 3.200000762939453
      vertex 60.5 19 3.200000762939453
      vertex 59.619361877441406 21.725982666015625 3.200000762939453
    endloop
  endfacet
  facet normal 0 0 1
    outer loop
      vertex 59.32401657104492 21.430635452270508 3.200000762939453
      vertex 60.5 19 3.200000762939453
      vertex 59.48136901855469 21.56863021850586 3.200000762939453
    endloop
  endfacet
  facet normal 0 0 1
    outer loop
      vertex 59.14999771118164 21.314361572265625 3.200000762939453
      vertex 60.5 19 3.200000762939453
      vertex 59.32401657104492 21.430635452270508 3.200000762939453
    endloop
  endfacet
  facet normal 0 0 1
    outer loop
      vertex 58.9622917175293 21.22179412841797 3.200000762939453
      vertex 60.5 19 3.200000762939453
      vertex 59.14999771118164 21.314361572265625 3.200000762939453
    endloop
  endfacet
  facet normal 0 0 1
    outer loop
      vertex 58.76411056518555 21.15452003479004 3.200000762939453
      vertex 60.5 19 3.200000762939453
      vertex 58.9622917175293 21.22179412841797 3.200000762939453
    endloop
  endfacet
  facet normal 0 0 1
    outer loop
      vertex 58.558841705322266 21.113689422607422 3.200000762939453
      vertex 60.5 19 3.200000762939453
      vertex 58.76411056518555 21.15452003479004 3.200000762939453
    endloop
  endfacet
  facet normal 0 0 1
    outer loop
      vertex 58.349998474121094 21.10000228881836 3.200000762939453
      vertex 60.5 19 3.200000762939453
      vertex 58.558841705322266 21.113689422607422 3.200000762939453
    endloop
  endfacet
  facet normal 0 0 1
    outer loop
      vertex 15.649998664855957 21.10000228881836 3.200000762939453
      vertex 60.5 19 3.200000762939453
      vertex 58.349998474121094 21.10000228881836 3.200000762939453
    endloop
  endfacet
  facet normal 0 0 1
    outer loop
      vertex 13.5 19 3.200000762939453
      vertex 60.5 19 3.200000762939453
      vertex 15.649998664855957 21.10000228881836 3.200000762939453
    endloop
  endfacet
  facet normal 0 0 1
    outer loop
      vertex 13.5 19 3.200000762939453
      vertex 15.649998664855957 21.10000228881836 3.200000762939453
      vertex 15.441156387329102 21.113689422607422 3.200000762939453
    endloop
  endfacet
  facet normal 0 0 1
    outer loop
      vertex 13.5 19 3.200000762939453
      vertex 15.441156387329102 21.113689422607422 3.200000762939453
      vertex 15.235888481140137 21.15452003479004 3.200000762939453
    endloop
  endfacet
  facet normal 0 0 1
    outer loop
      vertex 10 51.5 3.200000762939453
      vertex 14.049999237060547 51.30000305175781 3.200000762939453
      vertex 13.5 51.5 3.200000762939453
    endloop
  endfacet
  facet normal 0 0 1
    outer loop
      vertex 14.049999237060547 51.30000305175781 3.200000762939453
      vertex 10 51.5 3.200000762939453
      vertex 14.049999237060547 22.700000762939453 3.200000762939453
    endloop
  endfacet
  facet normal 0 0 1
    outer loop
      vertex 13.5 22.5 3.200000762939453
      vertex 14.063687324523926 22.491159439086914 3.200000762939453
      vertex 14.049999237060547 22.700000762939453 3.200000762939453
    endloop
  endfacet
  facet normal 0 0 1
    outer loop
      vertex 13.5 22.5 3.200000762939453
      vertex 14.104516983032227 22.285890579223633 3.200000762939453
      vertex 14.063687324523926 22.491159439086914 3.200000762939453
    endloop
  endfacet
  facet normal 0 0 1
    outer loop
      vertex 13.5 22.5 3.200000762939453
      vertex 14.171791076660156 22.08770751953125 3.200000762939453
      vertex 14.104516983032227 22.285890579223633 3.200000762939453
    endloop
  endfacet
  facet normal 0 0 1
    outer loop
      vertex 13.5 22.5 3.200000762939453
      vertex 14.264358520507812 21.900001525878906 3.200000762939453
      vertex 14.171791076660156 22.08770751953125 3.200000762939453
    endloop
  endfacet
  facet normal 0 0 1
    outer loop
      vertex 13.5 22.5 3.200000762939453
      vertex 14.380633354187012 21.725982666015625 3.200000762939453
      vertex 14.264358520507812 21.900001525878906 3.200000762939453
    endloop
  endfacet
  facet normal 0 0 1
    outer loop
      vertex 13.5 19 3.200000762939453
      vertex 14.380633354187012 21.725982666015625 3.200000762939453
      vertex 13.5 22.5 3.200000762939453
    endloop
  endfacet
  facet normal 0 0 1
    outer loop
      vertex 14.380633354187012 21.725982666015625 3.200000762939453
      vertex 13.5 19 3.200000762939453
      vertex 14.518628120422363 21.56863021850586 3.200000762939453
    endloop
  endfacet
  facet normal 0 0 1
    outer loop
      vertex 13.5 19 3.200000762939453
      vertex 14.675980567932129 21.430635452270508 3.200000762939453
      vertex 14.518628120422363 21.56863021850586 3.200000762939453
    endloop
  endfacet
  facet normal 0 0 1
    outer loop
      vertex 13.5 19 3.200000762939453
      vertex 14.849998474121094 21.314361572265625 3.200000762939453
      vertex 14.675980567932129 21.430635452270508 3.200000762939453
    endloop
  endfacet
  facet normal 0 0 1
    outer loop
      vertex 13.5 19 3.200000762939453
      vertex 15.037705421447754 21.22179412841797 3.200000762939453
      vertex 14.849998474121094 21.314361572265625 3.200000762939453
    endloop
  endfacet
  facet normal 0 0 1
    outer loop
      vertex 13.5 19 3.200000762939453
      vertex 15.235888481140137 21.15452003479004 3.200000762939453
      vertex 15.037705421447754 21.22179412841797 3.200000762939453
    endloop
  endfacet
  facet normal 0 0 1
    outer loop
      vertex 60.5 19 3.200000762939453
      vertex 13.5 19 3.200000762939453
      vertex 3.9999990463256836 2.40000057220459 3.200000762939453
    endloop
  endfacet
  facet normal 0 0 1
    outer loop
      vertex 3.9999990463256836 2.40000057220459 3.200000762939453
      vertex 13.5 19 3.200000762939453
      vertex 10 19 3.200000762939453
    endloop
  endfacet
  facet normal 0 0 1
    outer loop
      vertex 60.5 19 3.200000762939453
      vertex 3.9999990463256836 2.40000057220459 3.200000762939453
      vertex 108 2.40000057220459 3.200000762939453
    endloop
  endfacet
  facet normal 0 0 1
    outer loop
      vertex 2.3999996185302734 4.000000953674316 3.200000762939453
      vertex 10 22.5 3.200000762939453
      vertex 2.3999996185302734 70 3.200000762939453
    endloop
  endfacet
  facet normal 0 0 1
    outer loop
      vertex 2.3999996185302734 70 3.200000762939453
      vertex 3.9999990463256836 71.5999984741211 3.200000762939453
      vertex 3.791156768798828 71.58631134033203 3.200000762939453
    endloop
  endfacet
  facet normal 0 0 1
    outer loop
      vertex 10 22.5 3.200000762939453
      vertex 2.3999996185302734 4.000000953674316 3.200000762939453
      vertex 10 19 3.200000762939453
    endloop
  endfacet
  facet normal 0 0 1
    outer loop
      vertex 2.3999996185302734 70 3.200000762939453
      vertex 3.791156768798828 71.58631134033203 3.200000762939453
      vertex 3.5858888626098633 71.54548645019531 3.200000762939453
    endloop
  endfacet
  facet normal 0 0 1
    outer loop
      vertex 10 19 3.200000762939453
      vertex 2.3999996185302734 4.000000953674316 3.200000762939453
      vertex 3.9999990463256836 2.40000057220459 3.200000762939453
    endloop
  endfacet
  facet normal 0 0 1
    outer loop
      vertex 2.3999996185302734 70 3.200000762939453
      vertex 3.5858888626098633 71.54548645019531 3.200000762939453
      vertex 3.3877058029174805 71.47821044921875 3.200000762939453
    endloop
  endfacet
  facet normal 0 0 1
    outer loop
      vertex 3.9999990463256836 2.40000057220459 3.200000762939453
      vertex 2.3999996185302734 4.000000953674316 3.200000762939453
      vertex 3.791156768798828 2.4136886596679688 3.200000762939453
    endloop
  endfacet
  facet normal 0 0 1
    outer loop
      vertex 2.3999996185302734 70 3.200000762939453
      vertex 3.3877058029174805 71.47821044921875 3.200000762939453
      vertex 3.1999988555908203 71.3856430053711 3.200000762939453
    endloop
  endfacet
  facet normal 0 0 1
    outer loop
      vertex 3.791156768798828 2.4136886596679688 3.200000762939453
      vertex 2.3999996185302734 4.000000953674316 3.200000762939453
      vertex 3.5858888626098633 2.454519271850586 3.200000762939453
    endloop
  endfacet
  facet normal 0 0 1
    outer loop
      vertex 2.3999996185302734 70 3.200000762939453
      vertex 3.1999988555908203 71.3856430053711 3.200000762939453
      vertex 3.0259809494018555 71.26936340332031 3.200000762939453
    endloop
  endfacet
  facet normal 0 0 1
    outer loop
      vertex 3.5858888626098633 2.454519271850586 3.200000762939453
      vertex 2.3999996185302734 4.000000953674316 3.200000762939453
      vertex 3.3877058029174805 2.5217933654785156 3.200000762939453
    endloop
  endfacet
  facet normal 0 0 1
    outer loop
      vertex 2.3999996185302734 70 3.200000762939453
      vertex 3.0259809494018555 71.26936340332031 3.200000762939453
      vertex 2.86862850189209 71.1313705444336 3.200000762939453
    endloop
  endfacet
  facet normal 0 0 1
    outer loop
      vertex 3.3877058029174805 2.5217933654785156 3.200000762939453
      vertex 2.3999996185302734 4.000000953674316 3.200000762939453
      vertex 3.1999988555908203 2.6143598556518555 3.200000762939453
    endloop
  endfacet
  facet normal 0 0 1
    outer loop
      vertex 2.3999996185302734 70 3.200000762939453
      vertex 2.86862850189209 71.1313705444336 3.200000762939453
      vertex 2.7306337356567383 70.9740219116211 3.200000762939453
    endloop
  endfacet
  facet normal 0 0 1
    outer loop
      vertex 3.1999988555908203 2.6143598556518555 3.200000762939453
      vertex 2.3999996185302734 4.000000953674316 3.200000762939453
      vertex 3.0259809494018555 2.730635643005371 3.200000762939453
    endloop
  endfacet
  facet normal 0 0 1
    outer loop
      vertex 2.3999996185302734 70 3.200000762939453
      vertex 2.7306337356567383 70.9740219116211 3.200000762939453
      vertex 2.614358901977539 70.80000305175781 3.200000762939453
    endloop
  endfacet
  facet normal 0 0 1
    outer loop
      vertex 3.0259809494018555 2.730635643005371 3.200000762939453
      vertex 2.3999996185302734 4.000000953674316 3.200000762939453
      vertex 2.86862850189209 2.8686304092407227 3.200000762939453
    endloop
  endfacet
  facet normal 0 0 1
    outer loop
      vertex 2.3999996185302734 70 3.200000762939453
      vertex 2.614358901977539 70.80000305175781 3.200000762939453
      vertex 2.521791458129883 70.61229705810547 3.200000762939453
    endloop
  endfacet
  facet normal 0 0 1
    outer loop
      vertex 2.86862850189209 2.8686304092407227 3.200000762939453
      vertex 2.3999996185302734 4.000000953674316 3.200000762939453
      vertex 2.7306337356567383 3.0259828567504883 3.200000762939453
    endloop
  endfacet
  facet normal 0 0 1
    outer loop
      vertex 2.3999996185302734 70 3.200000762939453
      vertex 2.521791458129883 70.61229705810547 3.200000762939453
      vertex 2.454517364501953 70.41410827636719 3.200000762939453
    endloop
  endfacet
  facet normal 0 0 1
    outer loop
      vertex 2.7306337356567383 3.0259828567504883 3.200000762939453
      vertex 2.3999996185302734 4.000000953674316 3.200000762939453
      vertex 2.614358901977539 3.200000762939453 3.200000762939453
    endloop
  endfacet
  facet normal 0 0 1
    outer loop
      vertex 2.3999996185302734 70 3.200000762939453
      vertex 2.454517364501953 70.41410827636719 3.200000762939453
      vertex 2.4136877059936523 70.20884704589844 3.200000762939453
    endloop
  endfacet
  facet normal 0 0 1
    outer loop
      vertex 2.614358901977539 3.200000762939453 3.200000762939453
      vertex 2.3999996185302734 4.000000953674316 3.200000762939453
      vertex 2.521791458129883 3.3877077102661133 3.200000762939453
    endloop
  endfacet
  facet normal 0 0 1
    outer loop
      vertex 2.521791458129883 3.3877077102661133 3.200000762939453
      vertex 2.3999996185302734 4.000000953674316 3.200000762939453
      vertex 2.454517364501953 3.585890769958496 3.200000762939453
    endloop
  endfacet
  facet normal 0 0 1
    outer loop
      vertex 2.454517364501953 3.585890769958496 3.200000762939453
      vertex 2.3999996185302734 4.000000953674316 3.200000762939453
      vertex 2.4136877059936523 3.791158676147461 3.200000762939453
    endloop
  endfacet
  facet normal -0.06539872960953666 -0.9978592115952324 0
    outer loop
      vertex 108 71.5999984741211 3.200000762939453
      vertex 108.2088394165039 71.58631134033203 40
      vertex 108 71.5999984741211 40
    endloop
  endfacet
  facet normal -0.06539872960953666 -0.9978592115952324 0
    outer loop
      vertex 108.2088394165039 71.58631134033203 40
      vertex 108 71.5999984741211 3.200000762939453
      vertex 108.2088394165039 71.58631134033203 3.200000762939453
    endloop
  endfacet
  facet normal 0 0 1
    outer loop
      vertex 0 45.5 34
      vertex 2.3999996185302734 28.5 34
      vertex 2.3999996185302734 45.5 34
    endloop
  endfacet
  facet normal 0 0 1
    outer loop
      vertex 2.3999996185302734 28.5 34
      vertex 0 45.5 34
      vertex 0 28.5 34
    endloop
  endfacet
  facet normal 0 0 -1
    outer loop
      vertex 0 28.5 48
      vertex 2.3999996185302734 45.5 48
      vertex 2.3999996185302734 28.5 48
    endloop
  endfacet
  facet normal 0 0 -1
    outer loop
      vertex 2.3999996185302734 45.5 48
      vertex 0 28.5 48
      vertex 0 45.5 48
    endloop
  endfacet
  facet normal 0 1 0
    outer loop
      vertex 2.3999996185302734 28.5 34
      vertex 0 28.5 48
      vertex 2.3999996185302734 28.5 48
    endloop
  endfacet
  facet normal 0 1 0
    outer loop
      vertex 0 28.5 48
      vertex 2.3999996185302734 28.5 34
      vertex 0 28.5 34
    endloop
  endfacet
  facet normal 0 -1 0
    outer loop
      vertex 0 45.5 34
      vertex 2.3999996185302734 45.5 48
      vertex 0 45.5 48
    endloop
  endfacet
  facet normal 0 -1 0
    outer loop
      vertex 2.3999996185302734 45.5 48
      vertex 0 45.5 34
      vertex 2.3999996185302734 45.5 34
    endloop
  endfacet
  facet normal 0.9807853451870198 -0.19508999632574356 0
    outer loop
      vertex 11.329628944396973 66.20590209960938 50
      vertex 11.457223892211914 66.84736633300781 40
      vertex 11.457223892211914 66.84736633300781 50
    endloop
  endfacet
  facet normal 0.9807853451870198 -0.19508999632574356 0
    outer loop
      vertex 11.457223892211914 66.84736633300781 40
      vertex 11.329628944396973 66.20590209960938 50
      vertex 11.329628944396973 66.20590209960938 40
    endloop
  endfacet
  facet normal 0.7518395096963059 -0.6593461546559731 0
    outer loop
      vertex 10.035533905029297 63.9644660949707 50
      vertex 10.466766357421875 64.45619201660156 40
      vertex 10.466766357421875 64.45619201660156 50
    endloop
  endfacet
  facet normal 0.7518395096963059 -0.6593461546559731 0
    outer loop
      vertex 10.466766357421875 64.45619201660156 40
      vertex 10.035533905029297 63.9644660949707 50
      vertex 10.035533905029297 63.9644660949707 40
    endloop
  endfacet
  facet normal 0.1950885936744065 -0.9807856241901908 0
    outer loop
      vertex 7.152630805969238 62.54277801513672 40
      vertex 7.794095039367676 62.670372009277344 50
      vertex 7.152630805969238 62.54277801513672 50
    endloop
  endfacet
  facet normal 0.1950885936744065 -0.9807856241901908 0
    outer loop
      vertex 7.794095039367676 62.670372009277344 50
      vertex 7.152630805969238 62.54277801513672 40
      vertex 7.794095039367676 62.670372009277344 40
    endloop
  endfacet
  facet normal -0.8314753712892937 -0.5555616139901418 0
    outer loop
      vertex 2.5332326889038086 64.45619201660156 40
      vertex 2.3999996185302734 64.65559387207031 50
      vertex 2.3999996185302734 64.65559387207031 40
    endloop
  endfacet
  facet normal -0.8314753712892937 -0.5555616139901418 0
    outer loop
      vertex 2.3999996185302734 64.65559387207031 50
      vertex 2.5332326889038086 64.45619201660156 40
      vertex 2.5332326889038086 64.45619201660156 50
    endloop
  endfacet
  facet normal 0.8968738339416888 -0.4422864750257868 0
    outer loop
      vertex 10.830126762390137 65 50
      vertex 11.119397163391113 65.58658599853516 40
      vertex 11.119397163391113 65.58658599853516 50
    endloop
  endfacet
  facet normal 0.8968738339416888 -0.4422864750257868 0
    outer loop
      vertex 11.119397163391113 65.58658599853516 40
      vertex 10.830126762390137 65 50
      vertex 10.830126762390137 65 40
    endloop
  endfacet
  facet normal 0.5555714150402737 -0.8314688225003676 0
    outer loop
      vertex 9 63.16987228393555 40
      vertex 9.543807029724121 63.533233642578125 50
      vertex 9 63.16987228393555 50
    endloop
  endfacet
  facet normal 0.5555714150402737 -0.8314688225003676 0
    outer loop
      vertex 9.543807029724121 63.533233642578125 50
      vertex 9 63.16987228393555 40
      vertex 9.543807029724121 63.533233642578125 40
    endloop
  endfacet
  facet normal 0.9978588995590844 -0.06540349050878978 0
    outer loop
      vertex 11.457223892211914 66.84736633300781 50
      vertex 11.5 67.5 40
      vertex 11.5 67.5 50
    endloop
  endfacet
  facet normal 0.9978588995590844 -0.06540349050878978 0
    outer loop
      vertex 11.5 67.5 40
      vertex 11.457223892211914 66.84736633300781 50
      vertex 11.457223892211914 66.84736633300781 40
    endloop
  endfacet
  facet normal 0.9978588995590844 0.06540349050878978 0
    outer loop
      vertex 11.5 67.5 50
      vertex 11.457223892211914 68.15263366699219 40
      vertex 11.457223892211914 68.15263366699219 50
    endloop
  endfacet
  facet normal 0.9978588995590844 0.06540349050878978 0
    outer loop
      vertex 11.457223892211914 68.15263366699219 40
      vertex 11.5 67.5 50
      vertex 11.5 67.5 40
    endloop
  endfacet
  facet normal 0.6593421348475108 0.7518430349579137 0
    outer loop
      vertex 10.035533905029297 71.03553771972656 40
      vertex 9.543807029724121 71.46676635742188 50
      vertex 10.035533905029297 71.03553771972656 50
    endloop
  endfacet
  facet normal 0.6593421348475108 0.7518430349579137 0
    outer loop
      vertex 9.543807029724121 71.46676635742188 50
      vertex 10.035533905029297 71.03553771972656 40
      vertex 9.543807029724121 71.46676635742188 40
    endloop
  endfacet
  facet normal -0.44228644285214275 -0.8968738498078748 0
    outer loop
      vertex 4 63.16987228393555 40
      vertex 4.586582183837891 62.8806037902832 50
      vertex 4 63.16987228393555 50
    endloop
  endfacet
  facet normal -0.44228644285214275 -0.8968738498078748 0
    outer loop
      vertex 4.586582183837891 62.8806037902832 50
      vertex 4 63.16987228393555 40
      vertex 4.586582183837891 62.8806037902832 40
    endloop
  endfacet
  facet normal 0.9469302676772948 0.3214390582312715 0
    outer loop
      vertex 11.329628944396973 68.79409790039062 50
      vertex 11.119397163391113 69.41342163085938 40
      vertex 11.119397163391113 69.41342163085938 50
    endloop
  endfacet
  facet normal 0.9469302676772948 0.3214390582312715 0
    outer loop
      vertex 11.119397163391113 69.41342163085938 40
      vertex 11.329628944396973 68.79409790039062 50
      vertex 11.329628944396973 68.79409790039062 40
    endloop
  endfacet
  facet normal 0.9469290623781704 -0.32144260891113857 0
    outer loop
      vertex 11.119397163391113 65.58658599853516 50
      vertex 11.329628944396973 66.20590209960938 40
      vertex 11.329628944396973 66.20590209960938 50
    endloop
  endfacet
  facet normal 0.9469290623781704 -0.32144260891113857 0
    outer loop
      vertex 11.329628944396973 66.20590209960938 40
      vertex 11.119397163391113 65.58658599853516 50
      vertex 11.119397163391113 65.58658599853516 40
    endloop
  endfacet
  facet normal -0.8314773365484188 0.5555586726947456 0
    outer loop
      vertex 2.462722063064575 70.43827819824219 40
      vertex 2.5332326889038086 70.54380798339844 50
      vertex 2.5332326889038086 70.54380798339844 40
    endloop
  endfacet
  facet normal -0.8314773365484188 0.5555586726947456 0
    outer loop
      vertex 2.5332326889038086 70.54380798339844 50
      vertex 2.462722063064575 70.43827819824219 40
      vertex 2.462722063064575 70.43827819824219 50
    endloop
  endfacet
  facet normal -0.6593421348475108 0.7518430349579137 0
    outer loop
      vertex 3.4561920166015625 71.46676635742188 40
      vertex 2.9644651412963867 71.03553771972656 50
      vertex 3.4561920166015625 71.46676635742188 50
    endloop
  endfacet
  facet normal -0.6593421348475108 0.7518430349579137 0
    outer loop
      vertex 2.9644651412963867 71.03553771972656 50
      vertex 3.4561920166015625 71.46676635742188 40
      vertex 2.9644651412963867 71.03553771972656 40
    endloop
  endfacet
  facet normal 0.8314699461459768 -0.5555697333872737 0
    outer loop
      vertex 10.466766357421875 64.45619201660156 50
      vertex 10.830126762390137 65 40
      vertex 10.830126762390137 65 50
    endloop
  endfacet
  facet normal 0.8314699461459768 -0.5555697333872737 0
    outer loop
      vertex 10.830126762390137 65 40
      vertex 10.466766357421875 64.45619201660156 50
      vertex 10.466766357421875 64.45619201660156 40
    endloop
  endfacet
  facet normal -0.1950885936744065 -0.9807856241901908 0
    outer loop
      vertex 5.205904006958008 62.670372009277344 40
      vertex 5.847368240356445 62.54277801513672 50
      vertex 5.205904006958008 62.670372009277344 50
    endloop
  endfacet
  facet normal -0.1950885936744065 -0.9807856241901908 0
    outer loop
      vertex 5.847368240356445 62.54277801513672 50
      vertex 5.205904006958008 62.670372009277344 40
      vertex 5.847368240356445 62.54277801513672 40
    endloop
  endfacet
  facet normal 0.0654066798206542 -0.9978586905142623 0
    outer loop
      vertex 6.5 62.5 40
      vertex 7.152630805969238 62.54277801513672 50
      vertex 6.5 62.5 50
    endloop
  endfacet
  facet normal 0.0654066798206542 -0.9978586905142623 0
    outer loop
      vertex 7.152630805969238 62.54277801513672 50
      vertex 6.5 62.5 40
      vertex 7.152630805969238 62.54277801513672 40
    endloop
  endfacet
  facet normal -0.0654065846524053 -0.9978586967522545 0
    outer loop
      vertex 5.847368240356445 62.54277801513672 40
      vertex 6.5 62.5 50
      vertex 5.847368240356445 62.54277801513672 50
    endloop
  endfacet
  facet normal -0.0654065846524053 -0.9978586967522545 0
    outer loop
      vertex 6.5 62.5 50
      vertex 5.847368240356445 62.54277801513672 40
      vertex 6.5 62.5 40
    endloop
  endfacet
  facet normal 0.7518420453282724 0.6593432633132761 0
    outer loop
      vertex 10.466766357421875 70.54380798339844 50
      vertex 10.035533905029297 71.03553771972656 40
      vertex 10.035533905029297 71.03553771972656 50
    endloop
  endfacet
  facet normal 0.7518420453282724 0.6593432633132761 0
    outer loop
      vertex 10.035533905029297 71.03553771972656 40
      vertex 10.466766357421875 70.54380798339844 50
      vertex 10.466766357421875 70.54380798339844 40
    endloop
  endfacet
  facet normal 0.6593454318188358 -0.7518401436074248 0
    outer loop
      vertex 9.543807029724121 63.533233642578125 40
      vertex 10.035533905029297 63.9644660949707 50
      vertex 9.543807029724121 63.533233642578125 50
    endloop
  endfacet
  facet normal 0.6593454318188358 -0.7518401436074248 0
    outer loop
      vertex 10.035533905029297 63.9644660949707 50
      vertex 9.543807029724121 63.533233642578125 40
      vertex 10.035533905029297 63.9644660949707 40
    endloop
  endfacet
  facet normal -0.7518420453282724 0.6593432633132761 0
    outer loop
      vertex 2.5332326889038086 70.54380798339844 40
      vertex 2.9644651412963867 71.03553771972656 50
      vertex 2.9644651412963867 71.03553771972656 40
    endloop
  endfacet
  facet normal -0.7518420453282724 0.6593432633132761 0
    outer loop
      vertex 2.9644651412963867 71.03553771972656 50
      vertex 2.5332326889038086 70.54380798339844 40
      vertex 2.5332326889038086 70.54380798339844 50
    endloop
  endfacet
  facet normal 0.9807853451870198 0.19508999632574356 0
    outer loop
      vertex 11.457223892211914 68.15263366699219 50
      vertex 11.329628944396973 68.79409790039062 40
      vertex 11.329628944396973 68.79409790039062 50
    endloop
  endfacet
  facet normal 0.9807853451870198 0.19508999632574356 0
    outer loop
      vertex 11.329628944396973 68.79409790039062 40
      vertex 11.457223892211914 68.15263366699219 50
      vertex 11.457223892211914 68.15263366699219 40
    endloop
  endfacet
  facet normal 0.8314699461459768 0.5555697333872737 0
    outer loop
      vertex 10.830126762390137 70 50
      vertex 10.466766357421875 70.54380798339844 40
      vertex 10.466766357421875 70.54380798339844 50
    endloop
  endfacet
  facet normal 0.8314699461459768 0.5555697333872737 0
    outer loop
      vertex 10.466766357421875 70.54380798339844 40
      vertex 10.830126762390137 70 50
      vertex 10.830126762390137 70 40
    endloop
  endfacet
  facet normal -0.7518395096963059 -0.6593461546559731 0
    outer loop
      vertex 2.9644651412963867 63.9644660949707 40
      vertex 2.5332326889038086 64.45619201660156 50
      vertex 2.5332326889038086 64.45619201660156 40
    endloop
  endfacet
  facet normal -0.7518395096963059 -0.6593461546559731 0
    outer loop
      vertex 2.5332326889038086 64.45619201660156 50
      vertex 2.9644651412963867 63.9644660949707 40
      vertex 2.9644651412963867 63.9644660949707 50
    endloop
  endfacet
  facet normal 0.5555680496601364 0.8314710711725527 0
    outer loop
      vertex 9.543807029724121 71.46676635742188 40
      vertex 9.344409942626953 71.5999984741211 50
      vertex 9.543807029724121 71.46676635742188 50
    endloop
  endfacet
  facet normal 0.5555680496601364 0.8314710711725527 0
    outer loop
      vertex 9.344409942626953 71.5999984741211 50
      vertex 9.543807029724121 71.46676635742188 40
      vertex 9.344409942626953 71.5999984741211 40
    endloop
  endfacet
  facet normal -0.5555703845975747 0.8314695110213621 0
    outer loop
      vertex 3.5617189407348633 71.53727722167969 40
      vertex 3.4561920166015625 71.46676635742188 50
      vertex 3.5617189407348633 71.53727722167969 50
    endloop
  endfacet
  facet normal -0.5555703845975747 0.8314695110213621 0
    outer loop
      vertex 3.4561920166015625 71.46676635742188 50
      vertex 3.5617189407348633 71.53727722167969 40
      vertex 3.4561920166015625 71.46676635742188 40
    endloop
  endfacet
  facet normal -0.6593454318188358 -0.7518401436074248 0
    outer loop
      vertex 2.9644651412963867 63.9644660949707 40
      vertex 3.4561920166015625 63.533233642578125 50
      vertex 2.9644651412963867 63.9644660949707 50
    endloop
  endfacet
  facet normal -0.6593454318188358 -0.7518401436074248 0
    outer loop
      vertex 3.4561920166015625 63.533233642578125 50
      vertex 2.9644651412963867 63.9644660949707 40
      vertex 3.4561920166015625 63.533233642578125 40
    endloop
  endfacet
  facet normal -0.5555707414641393 -0.831469272570542 0
    outer loop
      vertex 3.4561920166015625 63.533233642578125 40
      vertex 4 63.16987228393555 50
      vertex 3.4561920166015625 63.533233642578125 50
    endloop
  endfacet
  facet normal -0.5555707414641393 -0.831469272570542 0
    outer loop
      vertex 4 63.16987228393555 50
      vertex 3.4561920166015625 63.533233642578125 40
      vertex 4 63.16987228393555 40
    endloop
  endfacet
  facet normal 0.44228586444044166 -0.8968741350469258 0
    outer loop
      vertex 8.413416862487793 62.8806037902832 40
      vertex 9 63.16987228393555 50
      vertex 8.413416862487793 62.8806037902832 50
    endloop
  endfacet
  facet normal 0.44228586444044166 -0.8968741350469258 0
    outer loop
      vertex 9 63.16987228393555 50
      vertex 8.413416862487793 62.8806037902832 40
      vertex 9 63.16987228393555 40
    endloop
  endfacet
  facet normal -0.321439945894308 -0.9469299663562581 0
    outer loop
      vertex 4.586582183837891 62.8806037902832 40
      vertex 5.205904006958008 62.670372009277344 50
      vertex 4.586582183837891 62.8806037902832 50
    endloop
  endfacet
  facet normal -0.321439945894308 -0.9469299663562581 0
    outer loop
      vertex 5.205904006958008 62.670372009277344 50
      vertex 4.586582183837891 62.8806037902832 40
      vertex 5.205904006958008 62.670372009277344 40
    endloop
  endfacet
  facet normal 0.8968715520035413 0.4422911023373169 0
    outer loop
      vertex 11.119397163391113 69.41342163085938 50
      vertex 10.830126762390137 70 40
      vertex 10.830126762390137 70 50
    endloop
  endfacet
  facet normal 0.8968715520035413 0.4422911023373169 0
    outer loop
      vertex 10.830126762390137 70 40
      vertex 11.119397163391113 69.41342163085938 50
      vertex 11.119397163391113 69.41342163085938 40
    endloop
  endfacet
  facet normal 0.321439945894308 -0.9469299663562581 0
    outer loop
      vertex 7.794095039367676 62.670372009277344 40
      vertex 8.413416862487793 62.8806037902832 50
      vertex 7.794095039367676 62.670372009277344 50
    endloop
  endfacet
  facet normal 0.321439945894308 -0.9469299663562581 0
    outer loop
      vertex 8.413416862487793 62.8806037902832 50
      vertex 7.794095039367676 62.670372009277344 40
      vertex 8.413416862487793 62.8806037902832 40
    endloop
  endfacet
  facet normal 0 0 -1
    outer loop
      vertex 11.457223892211914 66.84736633300781 40
      vertex 7.73930549621582 67.33684539794922 40
      vertex 7.75 67.5 40
    endloop
  endfacet
  facet normal 0 0 -1
    outer loop
      vertex 8.413416862487793 62.8806037902832 40
      vertex 7.707406997680664 67.17647552490234 40
      vertex 7.73930549621582 67.33684539794922 40
    endloop
  endfacet
  facet normal 0 0 -1
    outer loop
      vertex 8.413416862487793 62.8806037902832 40
      vertex 7.654849052429199 67.02164459228516 40
      vertex 7.707406997680664 67.17647552490234 40
    endloop
  endfacet
  facet normal 0 0 -1
    outer loop
      vertex 8.413416862487793 62.8806037902832 40
      vertex 7.582530975341797 66.875 40
      vertex 7.654849052429199 67.02164459228516 40
    endloop
  endfacet
  facet normal 0 0 -1
    outer loop
      vertex 8.413416862487793 62.8806037902832 40
      vertex 7.491691589355469 66.73905181884766 40
      vertex 7.582530975341797 66.875 40
    endloop
  endfacet
  facet normal 0 0 -1
    outer loop
      vertex 8.413416862487793 62.8806037902832 40
      vertex 7.383883476257324 66.61611938476562 40
      vertex 7.491691589355469 66.73905181884766 40
    endloop
  endfacet
  facet normal 0 0 -1
    outer loop
      vertex 8.413416862487793 62.8806037902832 40
      vertex 7.260951042175293 66.50830841064453 40
      vertex 7.383883476257324 66.61611938476562 40
    endloop
  endfacet
  facet normal 0 0 -1
    outer loop
      vertex 6.82352352142334 66.29259490966797 40
      vertex 7.794095039367676 62.670372009277344 40
      vertex 7.152630805969238 62.54277801513672 40
    endloop
  endfacet
  facet normal 0 0 -1
    outer loop
      vertex 8.413416862487793 62.8806037902832 40
      vertex 7.125 66.41746520996094 40
      vertex 7.260951042175293 66.50830841064453 40
    endloop
  endfacet
  facet normal 0 0 -1
    outer loop
      vertex 8.413416862487793 62.8806037902832 40
      vertex 6.978353500366211 66.34515380859375 40
      vertex 7.125 66.41746520996094 40
    endloop
  endfacet
  facet normal 0 0 -1
    outer loop
      vertex 7.794095039367676 62.670372009277344 40
      vertex 6.82352352142334 66.29259490966797 40
      vertex 6.978353500366211 66.34515380859375 40
    endloop
  endfacet
  facet normal 0 0 -1
    outer loop
      vertex 7.152630805969238 62.54277801513672 40
      vertex 6.6631574630737305 66.26069641113281 40
      vertex 6.82352352142334 66.29259490966797 40
    endloop
  endfacet
  facet normal 0 0 -1
    outer loop
      vertex 6.5 62.5 40
      vertex 6.6631574630737305 66.26069641113281 40
      vertex 7.152630805969238 62.54277801513672 40
    endloop
  endfacet
  facet normal 0 0 -1
    outer loop
      vertex 6.5 62.5 40
      vertex 6.5 66.25 40
      vertex 6.6631574630737305 66.26069641113281 40
    endloop
  endfacet
  facet normal 0 0 -1
    outer loop
      vertex 6.5 62.5 40
      vertex 6.336841583251953 66.26069641113281 40
      vertex 6.5 66.25 40
    endloop
  endfacet
  facet normal 0 0 -1
    outer loop
      vertex 5.847368240356445 62.54277801513672 40
      vertex 6.336841583251953 66.26069641113281 40
      vertex 6.5 62.5 40
    endloop
  endfacet
  facet normal 0 0 -1
    outer loop
      vertex 6.336841583251953 66.26069641113281 40
      vertex 5.847368240356445 62.54277801513672 40
      vertex 6.176475524902344 66.29259490966797 40
    endloop
  endfacet
  facet normal 0 0 -1
    outer loop
      vertex 5.205904006958008 62.670372009277344 40
      vertex 6.176475524902344 66.29259490966797 40
      vertex 5.847368240356445 62.54277801513672 40
    endloop
  endfacet
  facet normal 0 0 -1
    outer loop
      vertex 6.176475524902344 66.29259490966797 40
      vertex 5.205904006958008 62.670372009277344 40
      vertex 6.021645545959473 66.34515380859375 40
    endloop
  endfacet
  facet normal 0 0 -1
    outer loop
      vertex 4.586582183837891 62.8806037902832 40
      vertex 6.021645545959473 66.34515380859375 40
      vertex 5.205904006958008 62.670372009277344 40
    endloop
  endfacet
  facet normal 0 0 -1
    outer loop
      vertex 6.021645545959473 66.34515380859375 40
      vertex 4.586582183837891 62.8806037902832 40
      vertex 5.875 66.41746520996094 40
    endloop
  endfacet
  facet normal 0 0 -1
    outer loop
      vertex 4 63.16987228393555 40
      vertex 5.875 66.41746520996094 40
      vertex 4.586582183837891 62.8806037902832 40
    endloop
  endfacet
  facet normal 0 0 -1
    outer loop
      vertex 5.875 66.41746520996094 40
      vertex 4 63.16987228393555 40
      vertex 5.739048004150391 66.50830841064453 40
    endloop
  endfacet
  facet normal 0 0 -1
    outer loop
      vertex 3.4561920166015625 63.533233642578125 40
      vertex 5.739048004150391 66.50830841064453 40
      vertex 4 63.16987228393555 40
    endloop
  endfacet
  facet normal 0 0 -1
    outer loop
      vertex 5.739048004150391 66.50830841064453 40
      vertex 3.4561920166015625 63.533233642578125 40
      vertex 5.616115570068359 66.61611938476562 40
    endloop
  endfacet
  facet normal 0 0 -1
    outer loop
      vertex 2.9644651412963867 63.9644660949707 40
      vertex 5.616115570068359 66.61611938476562 40
      vertex 3.4561920166015625 63.533233642578125 40
    endloop
  endfacet
  facet normal 0 0 -1
    outer loop
      vertex 2.5332326889038086 64.45619201660156 40
      vertex 5.508307456970215 66.73905181884766 40
      vertex 2.9644651412963867 63.9644660949707 40
    endloop
  endfacet
  facet normal 0 0 -1
    outer loop
      vertex 5.616115570068359 66.61611938476562 40
      vertex 2.9644651412963867 63.9644660949707 40
      vertex 5.508307456970215 66.73905181884766 40
    endloop
  endfacet
  facet normal 0 0 -1
    outer loop
      vertex 7.75 67.5 40
      vertex 11.5 67.5 40
      vertex 11.457223892211914 66.84736633300781 40
    endloop
  endfacet
  facet normal 0 0 -1
    outer loop
      vertex 7.73930549621582 67.33684539794922 40
      vertex 11.457223892211914 66.84736633300781 40
      vertex 11.329628944396973 66.20590209960938 40
    endloop
  endfacet
  facet normal 0 0 -1
    outer loop
      vertex 11.5 67.5 40
      vertex 7.75 67.5 40
      vertex 11.457223892211914 68.15263366699219 40
    endloop
  endfacet
  facet normal 0 0 -1
    outer loop
      vertex 7.73930549621582 67.33684539794922 40
      vertex 11.329628944396973 66.20590209960938 40
      vertex 11.119397163391113 65.58658599853516 40
    endloop
  endfacet
  facet normal 0 0 -1
    outer loop
      vertex 7.73930549621582 67.66316223144531 40
      vertex 11.457223892211914 68.15263366699219 40
      vertex 7.75 67.5 40
    endloop
  endfacet
  facet normal 0 0 -1
    outer loop
      vertex 7.73930549621582 67.33684539794922 40
      vertex 11.119397163391113 65.58658599853516 40
      vertex 10.830126762390137 65 40
    endloop
  endfacet
  facet normal 0 0 -1
    outer loop
      vertex 11.457223892211914 68.15263366699219 40
      vertex 7.73930549621582 67.66316223144531 40
      vertex 11.329628944396973 68.79409790039062 40
    endloop
  endfacet
  facet normal 0 0 -1
    outer loop
      vertex 7.73930549621582 67.33684539794922 40
      vertex 10.830126762390137 65 40
      vertex 10.466766357421875 64.45619201660156 40
    endloop
  endfacet
  facet normal 0 0 -1
    outer loop
      vertex 7.707406997680664 67.82352447509766 40
      vertex 11.329628944396973 68.79409790039062 40
      vertex 7.73930549621582 67.66316223144531 40
    endloop
  endfacet
  facet normal 0 0 -1
    outer loop
      vertex 7.73930549621582 67.33684539794922 40
      vertex 10.466766357421875 64.45619201660156 40
      vertex 10.035533905029297 63.9644660949707 40
    endloop
  endfacet
  facet normal 0 0 -1
    outer loop
      vertex 11.329628944396973 68.79409790039062 40
      vertex 7.707406997680664 67.82352447509766 40
      vertex 11.119397163391113 69.41342163085938 40
    endloop
  endfacet
  facet normal 0 0 -1
    outer loop
      vertex 7.73930549621582 67.33684539794922 40
      vertex 10.035533905029297 63.9644660949707 40
      vertex 9.543807029724121 63.533233642578125 40
    endloop
  endfacet
  facet normal 0 0 -1
    outer loop
      vertex 7.654849052429199 67.97835540771484 40
      vertex 11.119397163391113 69.41342163085938 40
      vertex 7.707406997680664 67.82352447509766 40
    endloop
  endfacet
  facet normal 0 0 -1
    outer loop
      vertex 11.119397163391113 69.41342163085938 40
      vertex 7.654849052429199 67.97835540771484 40
      vertex 10.830126762390137 70 40
    endloop
  endfacet
  facet normal 0 0 -1
    outer loop
      vertex 7.73930549621582 67.33684539794922 40
      vertex 9.543807029724121 63.533233642578125 40
      vertex 9 63.16987228393555 40
    endloop
  endfacet
  facet normal 0 0 -1
    outer loop
      vertex 7.73930549621582 67.33684539794922 40
      vertex 9 63.16987228393555 40
      vertex 8.413416862487793 62.8806037902832 40
    endloop
  endfacet
  facet normal 0 0 -1
    outer loop
      vertex 6.978353500366211 66.34515380859375 40
      vertex 8.413416862487793 62.8806037902832 40
      vertex 7.794095039367676 62.670372009277344 40
    endloop
  endfacet
  facet normal 0 0 -1
    outer loop
      vertex 7.582530975341797 68.125 40
      vertex 10.830126762390137 70 40
      vertex 7.654849052429199 67.97835540771484 40
    endloop
  endfacet
  facet normal 0 0 -1
    outer loop
      vertex 10.830126762390137 70 40
      vertex 7.582530975341797 68.125 40
      vertex 10.466766357421875 70.54380798339844 40
    endloop
  endfacet
  facet normal 0 0 -1
    outer loop
      vertex 7.491691589355469 68.26095581054688 40
      vertex 10.466766357421875 70.54380798339844 40
      vertex 7.582530975341797 68.125 40
    endloop
  endfacet
  facet normal 0 0 -1
    outer loop
      vertex 10.466766357421875 70.54380798339844 40
      vertex 7.491691589355469 68.26095581054688 40
      vertex 10.035533905029297 71.03553771972656 40
    endloop
  endfacet
  facet normal 0 0 -1
    outer loop
      vertex 7.383883476257324 68.38388061523438 40
      vertex 10.035533905029297 71.03553771972656 40
      vertex 7.491691589355469 68.26095581054688 40
    endloop
  endfacet
  facet normal 0 0 -1
    outer loop
      vertex 10.035533905029297 71.03553771972656 40
      vertex 7.383883476257324 68.38388061523438 40
      vertex 9.543807029724121 71.46676635742188 40
    endloop
  endfacet
  facet normal 0 0 -1
    outer loop
      vertex 7.260951042175293 68.49169158935547 40
      vertex 9.543807029724121 71.46676635742188 40
      vertex 7.383883476257324 68.38388061523438 40
    endloop
  endfacet
  facet normal 0 0 -1
    outer loop
      vertex 9.543807029724121 71.46676635742188 40
      vertex 7.260951042175293 68.49169158935547 40
      vertex 9.344409942626953 71.5999984741211 40
    endloop
  endfacet
  facet normal 0 0 -1
    outer loop
      vertex 7.125 68.58253479003906 40
      vertex 9.344409942626953 71.5999984741211 40
      vertex 7.260951042175293 68.49169158935547 40
    endloop
  endfacet
  facet normal 0 0 -1
    outer loop
      vertex 6.978353500366211 68.65484619140625 40
      vertex 9.344409942626953 71.5999984741211 40
      vertex 7.125 68.58253479003906 40
    endloop
  endfacet
  facet normal 0 0 -1
    outer loop
      vertex 6.82352352142334 68.70740509033203 40
      vertex 9.344409942626953 71.5999984741211 40
      vertex 6.978353500366211 68.65484619140625 40
    endloop
  endfacet
  facet normal 0 0 -1
    outer loop
      vertex 6.6631574630737305 68.73930358886719 40
      vertex 9.344409942626953 71.5999984741211 40
      vertex 6.82352352142334 68.70740509033203 40
    endloop
  endfacet
  facet normal 0 0 -1
    outer loop
      vertex 6.5 68.75 40
      vertex 9.344409942626953 71.5999984741211 40
      vertex 6.6631574630737305 68.73930358886719 40
    endloop
  endfacet
  facet normal 0 0 -1
    outer loop
      vertex 3.9999990463256836 71.5999984741211 40
      vertex 6.5 68.75 40
      vertex 6.336841583251953 68.73930358886719 40
    endloop
  endfacet
  facet normal 0 0 -1
    outer loop
      vertex 3.9999990463256836 71.5999984741211 40
      vertex 6.336841583251953 68.73930358886719 40
      vertex 6.176475524902344 68.70740509033203 40
    endloop
  endfacet
  facet normal 0 0 -1
    outer loop
      vertex 3.9999990463256836 71.5999984741211 40
      vertex 6.176475524902344 68.70740509033203 40
      vertex 6.021645545959473 68.65484619140625 40
    endloop
  endfacet
  facet normal 0 0 -1
    outer loop
      vertex 3.9999990463256836 71.5999984741211 40
      vertex 6.021645545959473 68.65484619140625 40
      vertex 5.875 68.58253479003906 40
    endloop
  endfacet
  facet normal 0 0 -1
    outer loop
      vertex 3.9999990463256836 71.5999984741211 40
      vertex 5.875 68.58253479003906 40
      vertex 5.739048004150391 68.49169158935547 40
    endloop
  endfacet
  facet normal 0 0 -1
    outer loop
      vertex 2.3999996185302734 64.65559387207031 40
      vertex 5.508307456970215 66.73905181884766 40
      vertex 2.5332326889038086 64.45619201660156 40
    endloop
  endfacet
  facet normal 0 0 -1
    outer loop
      vertex 5.508307456970215 66.73905181884766 40
      vertex 2.3999996185302734 64.65559387207031 40
      vertex 5.417468070983887 66.875 40
    endloop
  endfacet
  facet normal 0 0 -1
    outer loop
      vertex 5.417468070983887 66.875 40
      vertex 2.3999996185302734 64.65559387207031 40
      vertex 5.345149993896484 67.02164459228516 40
    endloop
  endfacet
  facet normal 0 0 -1
    outer loop
      vertex 5.345149993896484 67.02164459228516 40
      vertex 2.3999996185302734 64.65559387207031 40
      vertex 5.2925920486450195 67.17647552490234 40
    endloop
  endfacet
  facet normal 0 0 -1
    outer loop
      vertex 6.5 68.75 40
      vertex 3.9999990463256836 71.5999984741211 40
      vertex 9.344409942626953 71.5999984741211 40
    endloop
  endfacet
  facet normal 0 0 -1
    outer loop
      vertex 5.616115570068359 68.38388061523438 40
      vertex 3.9999990463256836 71.5999984741211 40
      vertex 5.739048004150391 68.49169158935547 40
    endloop
  endfacet
  facet normal 0 0 -1
    outer loop
      vertex 2.3999996185302734 70 40
      vertex 5.616115570068359 68.38388061523438 40
      vertex 5.508307456970215 68.26095581054688 40
    endloop
  endfacet
  facet normal 0 0 -1
    outer loop
      vertex 2.3999996185302734 70 40
      vertex 5.508307456970215 68.26095581054688 40
      vertex 5.417468070983887 68.125 40
    endloop
  endfacet
  facet normal 0 0 -1
    outer loop
      vertex 2.3999996185302734 70 40
      vertex 5.417468070983887 68.125 40
      vertex 5.345149993896484 67.97835540771484 40
    endloop
  endfacet
  facet normal 0 0 -1
    outer loop
      vertex 2.3999996185302734 70 40
      vertex 5.345149993896484 67.97835540771484 40
      vertex 5.2925920486450195 67.82352447509766 40
    endloop
  endfacet
  facet normal 0 0 -1
    outer loop
      vertex 5.2925920486450195 67.17647552490234 40
      vertex 2.3999996185302734 64.65559387207031 40
      vertex 5.260693550109863 67.33684539794922 40
    endloop
  endfacet
  facet normal 0 0 -1
    outer loop
      vertex 5.616115570068359 68.38388061523438 40
      vertex 2.3999996185302734 70 40
      vertex 2.9644651412963867 71.03553771972656 40
    endloop
  endfacet
  facet normal 0 0 -1
    outer loop
      vertex 5.616115570068359 68.38388061523438 40
      vertex 2.9644651412963867 71.03553771972656 40
      vertex 3.9999990463256836 71.5999984741211 40
    endloop
  endfacet
  facet normal 0 0 -1
    outer loop
      vertex 3.4561920166015625 71.46676635742188 40
      vertex 3.9999990463256836 71.5999984741211 40
      vertex 2.9644651412963867 71.03553771972656 40
    endloop
  endfacet
  facet normal 0 0 -1
    outer loop
      vertex 5.260693550109863 67.33684539794922 40
      vertex 2.3999996185302734 64.65559387207031 40
      vertex 5.25 67.5 40
    endloop
  endfacet
  facet normal 0 0 -1
    outer loop
      vertex 3.9999990463256836 71.5999984741211 40
      vertex 3.4561920166015625 71.46676635742188 40
      vertex 3.791156768798828 71.58631134033203 40
    endloop
  endfacet
  facet normal 0 0 -1
    outer loop
      vertex 2.3999996185302734 70 40
      vertex 5.25 67.5 40
      vertex 2.3999996185302734 64.65559387207031 40
    endloop
  endfacet
  facet normal 0 0 -1
    outer loop
      vertex 3.5858888626098633 71.54548645019531 40
      vertex 3.4561920166015625 71.46676635742188 40
      vertex 3.5617189407348633 71.53727722167969 40
    endloop
  endfacet
  facet normal 0 0 -1
    outer loop
      vertex 5.25 67.5 40
      vertex 2.3999996185302734 70 40
      vertex 5.260693550109863 67.66316223144531 40
    endloop
  endfacet
  facet normal 0 0 -1
    outer loop
      vertex 3.791156768798828 71.58631134033203 40
      vertex 3.4561920166015625 71.46676635742188 40
      vertex 3.5858888626098633 71.54548645019531 40
    endloop
  endfacet
  facet normal 0 0 -1
    outer loop
      vertex 2.9644651412963867 71.03553771972656 40
      vertex 2.3999996185302734 70 40
      vertex 2.5332326889038086 70.54380798339844 40
    endloop
  endfacet
  facet normal 0 0 -1
    outer loop
      vertex 2.4136877059936523 70.20884704589844 40
      vertex 2.5332326889038086 70.54380798339844 40
      vertex 2.3999996185302734 70 40
    endloop
  endfacet
  facet normal 0 0 -1
    outer loop
      vertex 2.454517364501953 70.41410827636719 40
      vertex 2.5332326889038086 70.54380798339844 40
      vertex 2.4136877059936523 70.20884704589844 40
    endloop
  endfacet
  facet normal 0 0 -1
    outer loop
      vertex 5.260693550109863 67.66316223144531 40
      vertex 2.3999996185302734 70 40
      vertex 5.2925920486450195 67.82352447509766 40
    endloop
  endfacet
  facet normal 0 0 -1
    outer loop
      vertex 2.5332326889038086 70.54380798339844 40
      vertex 2.454517364501953 70.41410827636719 40
      vertex 2.462722063064575 70.43827819824219 40
    endloop
  endfacet
  facet normal 0 0 -1
    outer loop
      vertex 109.5999984741211 64.65559387207031 40
      vertex 106.73930358886719 67.33684539794922 40
      vertex 106.75 67.5 40
    endloop
  endfacet
  facet normal 0 0 -1
    outer loop
      vertex 107.41341400146484 62.8806037902832 40
      vertex 106.70740509033203 67.17647552490234 40
      vertex 106.73930358886719 67.33684539794922 40
    endloop
  endfacet
  facet normal 0 0 -1
    outer loop
      vertex 107.41341400146484 62.8806037902832 40
      vertex 106.65484619140625 67.02164459228516 40
      vertex 106.70740509033203 67.17647552490234 40
    endloop
  endfacet
  facet normal 0 0 -1
    outer loop
      vertex 107.41341400146484 62.8806037902832 40
      vertex 106.58253479003906 66.875 40
      vertex 106.65484619140625 67.02164459228516 40
    endloop
  endfacet
  facet normal 0 0 -1
    outer loop
      vertex 107.41341400146484 62.8806037902832 40
      vertex 106.49169158935547 66.73905181884766 40
      vertex 106.58253479003906 66.875 40
    endloop
  endfacet
  facet normal 0 0 -1
    outer loop
      vertex 107.41341400146484 62.8806037902832 40
      vertex 106.38388061523438 66.61611938476562 40
      vertex 106.49169158935547 66.73905181884766 40
    endloop
  endfacet
  facet normal 0 0 -1
    outer loop
      vertex 107.41341400146484 62.8806037902832 40
      vertex 106.26094818115234 66.50830841064453 40
      vertex 106.38388061523438 66.61611938476562 40
    endloop
  endfacet
  facet normal 0 0 -1
    outer loop
      vertex 105.82352447509766 66.29259490966797 40
      vertex 106.79409790039062 62.670372009277344 40
      vertex 106.15263366699219 62.54277801513672 40
    endloop
  endfacet
  facet normal 0 0 -1
    outer loop
      vertex 107.41341400146484 62.8806037902832 40
      vertex 106.125 66.41746520996094 40
      vertex 106.26094818115234 66.50830841064453 40
    endloop
  endfacet
  facet normal 0 0 -1
    outer loop
      vertex 107.41341400146484 62.8806037902832 40
      vertex 105.97835540771484 66.34515380859375 40
      vertex 106.125 66.41746520996094 40
    endloop
  endfacet
  facet normal 0 0 -1
    outer loop
      vertex 106.79409790039062 62.670372009277344 40
      vertex 105.82352447509766 66.29259490966797 40
      vertex 105.97835540771484 66.34515380859375 40
    endloop
  endfacet
  facet normal 0 0 -1
    outer loop
      vertex 106.15263366699219 62.54277801513672 40
      vertex 105.66315460205078 66.26069641113281 40
      vertex 105.82352447509766 66.29259490966797 40
    endloop
  endfacet
  facet normal 0 0 -1
    outer loop
      vertex 105.5 62.5 40
      vertex 105.66315460205078 66.26069641113281 40
      vertex 106.15263366699219 62.54277801513672 40
    endloop
  endfacet
  facet normal 0 0 -1
    outer loop
      vertex 105.5 62.5 40
      vertex 105.5 66.25 40
      vertex 105.66315460205078 66.26069641113281 40
    endloop
  endfacet
  facet normal 0 0 -1
    outer loop
      vertex 105.5 62.5 40
      vertex 105.33683776855469 66.26069641113281 40
      vertex 105.5 66.25 40
    endloop
  endfacet
  facet normal 0 0 -1
    outer loop
      vertex 104.84736633300781 62.54277801513672 40
      vertex 105.33683776855469 66.26069641113281 40
      vertex 105.5 62.5 40
    endloop
  endfacet
  facet normal 0 0 -1
    outer loop
      vertex 105.33683776855469 66.26069641113281 40
      vertex 104.84736633300781 62.54277801513672 40
      vertex 105.17647552490234 66.29259490966797 40
    endloop
  endfacet
  facet normal 0 0 -1
    outer loop
      vertex 104.20590209960938 62.670372009277344 40
      vertex 105.17647552490234 66.29259490966797 40
      vertex 104.84736633300781 62.54277801513672 40
    endloop
  endfacet
  facet normal 0 0 -1
    outer loop
      vertex 105.17647552490234 66.29259490966797 40
      vertex 104.20590209960938 62.670372009277344 40
      vertex 105.02164459228516 66.34515380859375 40
    endloop
  endfacet
  facet normal 0 0 -1
    outer loop
      vertex 103.58657836914062 62.8806037902832 40
      vertex 105.02164459228516 66.34515380859375 40
      vertex 104.20590209960938 62.670372009277344 40
    endloop
  endfacet
  facet normal 0 0 -1
    outer loop
      vertex 105.02164459228516 66.34515380859375 40
      vertex 103.58657836914062 62.8806037902832 40
      vertex 104.875 66.41746520996094 40
    endloop
  endfacet
  facet normal 0 0 -1
    outer loop
      vertex 103 63.16987228393555 40
      vertex 104.875 66.41746520996094 40
      vertex 103.58657836914062 62.8806037902832 40
    endloop
  endfacet
  facet normal 0 0 -1
    outer loop
      vertex 104.875 66.41746520996094 40
      vertex 103 63.16987228393555 40
      vertex 104.73904418945312 66.50830841064453 40
    endloop
  endfacet
  facet normal 0 0 -1
    outer loop
      vertex 102.45619201660156 63.533233642578125 40
      vertex 104.73904418945312 66.50830841064453 40
      vertex 103 63.16987228393555 40
    endloop
  endfacet
  facet normal 0 0 -1
    outer loop
      vertex 104.73904418945312 66.50830841064453 40
      vertex 102.45619201660156 63.533233642578125 40
      vertex 104.61611938476562 66.61611938476562 40
    endloop
  endfacet
  facet normal 0 0 -1
    outer loop
      vertex 101.96446228027344 63.9644660949707 40
      vertex 104.61611938476562 66.61611938476562 40
      vertex 102.45619201660156 63.533233642578125 40
    endloop
  endfacet
  facet normal 0 0 -1
    outer loop
      vertex 101.53323364257812 64.45619201660156 40
      vertex 104.50830841064453 66.73905181884766 40
      vertex 101.96446228027344 63.9644660949707 40
    endloop
  endfacet
  facet normal 0 0 -1
    outer loop
      vertex 104.61611938476562 66.61611938476562 40
      vertex 101.96446228027344 63.9644660949707 40
      vertex 104.50830841064453 66.73905181884766 40
    endloop
  endfacet
  facet normal 0 0 -1
    outer loop
      vertex 106.75 67.5 40
      vertex 109.5999984741211 70 40
      vertex 109.5999984741211 64.65559387207031 40
    endloop
  endfacet
  facet normal 0 0 -1
    outer loop
      vertex 106.73930358886719 67.66316223144531 40
      vertex 109.5999984741211 70 40
      vertex 106.75 67.5 40
    endloop
  endfacet
  facet normal 0 0 -1
    outer loop
      vertex 106.70740509033203 67.82352447509766 40
      vertex 109.5999984741211 70 40
      vertex 106.73930358886719 67.66316223144531 40
    endloop
  endfacet
  facet normal 0 0 -1
    outer loop
      vertex 106.73930358886719 67.33684539794922 40
      vertex 109.5999984741211 64.65559387207031 40
      vertex 109.46676635742188 64.45619201660156 40
    endloop
  endfacet
  facet normal 0 0 -1
    outer loop
      vertex 106.65484619140625 67.97835540771484 40
      vertex 109.5999984741211 70 40
      vertex 106.70740509033203 67.82352447509766 40
    endloop
  endfacet
  facet normal 0 0 -1
    outer loop
      vertex 106.73930358886719 67.33684539794922 40
      vertex 109.46676635742188 64.45619201660156 40
      vertex 109.03553771972656 63.9644660949707 40
    endloop
  endfacet
  facet normal 0 0 -1
    outer loop
      vertex 106.58253479003906 68.125 40
      vertex 109.5999984741211 70 40
      vertex 106.65484619140625 67.97835540771484 40
    endloop
  endfacet
  facet normal 0 0 -1
    outer loop
      vertex 106.73930358886719 67.33684539794922 40
      vertex 109.03553771972656 63.9644660949707 40
      vertex 108.54380798339844 63.533233642578125 40
    endloop
  endfacet
  facet normal 0 0 -1
    outer loop
      vertex 106.49169158935547 68.26095581054688 40
      vertex 109.5999984741211 70 40
      vertex 106.58253479003906 68.125 40
    endloop
  endfacet
  facet normal 0 0 -1
    outer loop
      vertex 106.38388061523438 68.38388061523438 40
      vertex 109.5999984741211 70 40
      vertex 106.49169158935547 68.26095581054688 40
    endloop
  endfacet
  facet normal 0 0 -1
    outer loop
      vertex 109.03553771972656 71.03553771972656 40
      vertex 109.5999984741211 70 40
      vertex 106.38388061523438 68.38388061523438 40
    endloop
  endfacet
  facet normal 0 0 -1
    outer loop
      vertex 109.58631134033203 70.20884704589844 40
      vertex 109.46676635742188 70.54380798339844 40
      vertex 109.54547882080078 70.41410827636719 40
    endloop
  endfacet
  facet normal 0 0 -1
    outer loop
      vertex 106.73930358886719 67.33684539794922 40
      vertex 108.54380798339844 63.533233642578125 40
      vertex 108 63.16987228393555 40
    endloop
  endfacet
  facet normal 0 0 -1
    outer loop
      vertex 109.54547882080078 70.41410827636719 40
      vertex 109.46676635742188 70.54380798339844 40
      vertex 109.53727722167969 70.43828582763672 40
    endloop
  endfacet
  facet normal 0 0 -1
    outer loop
      vertex 106.73930358886719 67.33684539794922 40
      vertex 108 63.16987228393555 40
      vertex 107.41341400146484 62.8806037902832 40
    endloop
  endfacet
  facet normal 0 0 -1
    outer loop
      vertex 105.97835540771484 66.34515380859375 40
      vertex 107.41341400146484 62.8806037902832 40
      vertex 106.79409790039062 62.670372009277344 40
    endloop
  endfacet
  facet normal 0 0 -1
    outer loop
      vertex 109.5999984741211 70 40
      vertex 109.46676635742188 70.54380798339844 40
      vertex 109.58631134033203 70.20884704589844 40
    endloop
  endfacet
  facet normal 0 0 -1
    outer loop
      vertex 109.46676635742188 70.54380798339844 40
      vertex 109.5999984741211 70 40
      vertex 109.03553771972656 71.03553771972656 40
    endloop
  endfacet
  facet normal 0 0 -1
    outer loop
      vertex 108 71.5999984741211 40
      vertex 109.03553771972656 71.03553771972656 40
      vertex 106.38388061523438 68.38388061523438 40
    endloop
  endfacet
  facet normal 0 0 -1
    outer loop
      vertex 108.2088394165039 71.58631134033203 40
      vertex 108.54380798339844 71.46676635742188 40
      vertex 108 71.5999984741211 40
    endloop
  endfacet
  facet normal 0 0 -1
    outer loop
      vertex 108.41410827636719 71.54548645019531 40
      vertex 108.54380798339844 71.46676635742188 40
      vertex 108.2088394165039 71.58631134033203 40
    endloop
  endfacet
  facet normal 0 0 -1
    outer loop
      vertex 108.54380798339844 71.46676635742188 40
      vertex 108.41410827636719 71.54548645019531 40
      vertex 108.43827819824219 71.53727722167969 40
    endloop
  endfacet
  facet normal 0 0 -1
    outer loop
      vertex 109.03553771972656 71.03553771972656 40
      vertex 108 71.5999984741211 40
      vertex 108.54380798339844 71.46676635742188 40
    endloop
  endfacet
  facet normal 0 0 -1
    outer loop
      vertex 106.26094818115234 68.49169158935547 40
      vertex 108 71.5999984741211 40
      vertex 106.38388061523438 68.38388061523438 40
    endloop
  endfacet
  facet normal 0 0 -1
    outer loop
      vertex 106.125 68.58253479003906 40
      vertex 108 71.5999984741211 40
      vertex 106.26094818115234 68.49169158935547 40
    endloop
  endfacet
  facet normal 0 0 -1
    outer loop
      vertex 105.97835540771484 68.65484619140625 40
      vertex 108 71.5999984741211 40
      vertex 106.125 68.58253479003906 40
    endloop
  endfacet
  facet normal 0 0 -1
    outer loop
      vertex 105.82352447509766 68.70740509033203 40
      vertex 108 71.5999984741211 40
      vertex 105.97835540771484 68.65484619140625 40
    endloop
  endfacet
  facet normal 0 0 -1
    outer loop
      vertex 105.66315460205078 68.73930358886719 40
      vertex 108 71.5999984741211 40
      vertex 105.82352447509766 68.70740509033203 40
    endloop
  endfacet
  facet normal 0 0 -1
    outer loop
      vertex 105.5 68.75 40
      vertex 108 71.5999984741211 40
      vertex 105.66315460205078 68.73930358886719 40
    endloop
  endfacet
  facet normal 0 0 -1
    outer loop
      vertex 102.65558624267578 71.5999984741211 40
      vertex 105.5 68.75 40
      vertex 105.33683776855469 68.73930358886719 40
    endloop
  endfacet
  facet normal 0 0 -1
    outer loop
      vertex 102.65558624267578 71.5999984741211 40
      vertex 105.33683776855469 68.73930358886719 40
      vertex 105.17647552490234 68.70740509033203 40
    endloop
  endfacet
  facet normal 0 0 -1
    outer loop
      vertex 102.65558624267578 71.5999984741211 40
      vertex 105.17647552490234 68.70740509033203 40
      vertex 105.02164459228516 68.65484619140625 40
    endloop
  endfacet
  facet normal 0 0 -1
    outer loop
      vertex 102.65558624267578 71.5999984741211 40
      vertex 105.02164459228516 68.65484619140625 40
      vertex 104.875 68.58253479003906 40
    endloop
  endfacet
  facet normal 0 0 -1
    outer loop
      vertex 102.65558624267578 71.5999984741211 40
      vertex 104.875 68.58253479003906 40
      vertex 104.73904418945312 68.49169158935547 40
    endloop
  endfacet
  facet normal 0 0 -1
    outer loop
      vertex 102.45619201660156 71.46676635742188 40
      vertex 104.73904418945312 68.49169158935547 40
      vertex 104.61611938476562 68.38388061523438 40
    endloop
  endfacet
  facet normal 0 0 -1
    outer loop
      vertex 104.50830841064453 66.73905181884766 40
      vertex 101.53323364257812 64.45619201660156 40
      vertex 104.41746520996094 66.875 40
    endloop
  endfacet
  facet normal 0 0 -1
    outer loop
      vertex 101.16987609863281 65 40
      vertex 104.41746520996094 66.875 40
      vertex 101.53323364257812 64.45619201660156 40
    endloop
  endfacet
  facet normal 0 0 -1
    outer loop
      vertex 104.41746520996094 66.875 40
      vertex 101.16987609863281 65 40
      vertex 104.34515380859375 67.02164459228516 40
    endloop
  endfacet
  facet normal 0 0 -1
    outer loop
      vertex 100.88059997558594 65.58658599853516 40
      vertex 104.34515380859375 67.02164459228516 40
      vertex 101.16987609863281 65 40
    endloop
  endfacet
  facet normal 0 0 -1
    outer loop
      vertex 105.5 68.75 40
      vertex 102.65558624267578 71.5999984741211 40
      vertex 108 71.5999984741211 40
    endloop
  endfacet
  facet normal 0 0 -1
    outer loop
      vertex 101.96446228027344 71.03553771972656 40
      vertex 104.61611938476562 68.38388061523438 40
      vertex 104.50830841064453 68.26095581054688 40
    endloop
  endfacet
  facet normal 0 0 -1
    outer loop
      vertex 101.53323364257812 70.54380798339844 40
      vertex 104.50830841064453 68.26095581054688 40
      vertex 104.41746520996094 68.125 40
    endloop
  endfacet
  facet normal 0 0 -1
    outer loop
      vertex 101.16987609863281 70 40
      vertex 104.41746520996094 68.125 40
      vertex 104.34515380859375 67.97835540771484 40
    endloop
  endfacet
  facet normal 0 0 -1
    outer loop
      vertex 100.88059997558594 69.41342163085938 40
      vertex 104.34515380859375 67.97835540771484 40
      vertex 104.29259490966797 67.82352447509766 40
    endloop
  endfacet
  facet normal 0 0 -1
    outer loop
      vertex 104.34515380859375 67.02164459228516 40
      vertex 100.88059997558594 65.58658599853516 40
      vertex 104.29259490966797 67.17647552490234 40
    endloop
  endfacet
  facet normal 0 0 -1
    outer loop
      vertex 100.67037200927734 66.20590209960938 40
      vertex 104.29259490966797 67.17647552490234 40
      vertex 100.88059997558594 65.58658599853516 40
    endloop
  endfacet
  facet normal 0 0 -1
    outer loop
      vertex 104.29259490966797 67.17647552490234 40
      vertex 100.67037200927734 66.20590209960938 40
      vertex 104.26069641113281 67.33684539794922 40
    endloop
  endfacet
  facet normal 0 0 -1
    outer loop
      vertex 100.54277801513672 66.84736633300781 40
      vertex 104.26069641113281 67.33684539794922 40
      vertex 100.67037200927734 66.20590209960938 40
    endloop
  endfacet
  facet normal 0 0 -1
    outer loop
      vertex 104.73904418945312 68.49169158935547 40
      vertex 102.45619201660156 71.46676635742188 40
      vertex 102.65558624267578 71.5999984741211 40
    endloop
  endfacet
  facet normal 0 0 -1
    outer loop
      vertex 104.50830841064453 68.26095581054688 40
      vertex 101.53323364257812 70.54380798339844 40
      vertex 101.96446228027344 71.03553771972656 40
    endloop
  endfacet
  facet normal 0 0 -1
    outer loop
      vertex 104.61611938476562 68.38388061523438 40
      vertex 101.96446228027344 71.03553771972656 40
      vertex 102.45619201660156 71.46676635742188 40
    endloop
  endfacet
  facet normal 0 0 -1
    outer loop
      vertex 104.26069641113281 67.33684539794922 40
      vertex 100.54277801513672 66.84736633300781 40
      vertex 104.25 67.5 40
    endloop
  endfacet
  facet normal 0 0 -1
    outer loop
      vertex 104.41746520996094 68.125 40
      vertex 101.16987609863281 70 40
      vertex 101.53323364257812 70.54380798339844 40
    endloop
  endfacet
  facet normal 0 0 -1
    outer loop
      vertex 100.5 67.5 40
      vertex 104.25 67.5 40
      vertex 100.54277801513672 66.84736633300781 40
    endloop
  endfacet
  facet normal 0 0 -1
    outer loop
      vertex 104.34515380859375 67.97835540771484 40
      vertex 100.88059997558594 69.41342163085938 40
      vertex 101.16987609863281 70 40
    endloop
  endfacet
  facet normal 0 0 -1
    outer loop
      vertex 104.25 67.5 40
      vertex 100.5 67.5 40
      vertex 104.26069641113281 67.66316223144531 40
    endloop
  endfacet
  facet normal 0 0 -1
    outer loop
      vertex 104.29259490966797 67.82352447509766 40
      vertex 100.67037200927734 68.79409790039062 40
      vertex 100.88059997558594 69.41342163085938 40
    endloop
  endfacet
  facet normal 0 0 -1
    outer loop
      vertex 100.54277801513672 68.15263366699219 40
      vertex 104.26069641113281 67.66316223144531 40
      vertex 100.5 67.5 40
    endloop
  endfacet
  facet normal 0 0 -1
    outer loop
      vertex 104.29259490966797 67.82352447509766 40
      vertex 100.54277801513672 68.15263366699219 40
      vertex 100.67037200927734 68.79409790039062 40
    endloop
  endfacet
  facet normal 0 0 -1
    outer loop
      vertex 104.26069641113281 67.66316223144531 40
      vertex 100.54277801513672 68.15263366699219 40
      vertex 104.29259490966797 67.82352447509766 40
    endloop
  endfacet
  facet normal 0.5555707414641393 -0.831469272570542 0
    outer loop
      vertex 108 63.16987228393555 40
      vertex 108.54380798339844 63.533233642578125 50
      vertex 108 63.16987228393555 50
    endloop
  endfacet
  facet normal 0.5555707414641393 -0.831469272570542 0
    outer loop
      vertex 108.54380798339844 63.533233642578125 50
      vertex 108 63.16987228393555 40
      vertex 108.54380798339844 63.533233642578125 40
    endloop
  endfacet
  facet normal -0.8314719668714957 -0.5555667091419773 0
    outer loop
      vertex 101.53323364257812 64.45619201660156 40
      vertex 101.16987609863281 65 50
      vertex 101.16987609863281 65 40
    endloop
  endfacet
  facet normal -0.8314719668714957 -0.5555667091419773 0
    outer loop
      vertex 101.16987609863281 65 50
      vertex 101.53323364257812 64.45619201660156 40
      vertex 101.53323364257812 64.45619201660156 50
    endloop
  endfacet
  facet normal 0.6593432633132761 -0.7518420453282724 0
    outer loop
      vertex 108.54380798339844 63.533233642578125 40
      vertex 109.03553771972656 63.9644660949707 50
      vertex 108.54380798339844 63.533233642578125 50
    endloop
  endfacet
  facet normal 0.6593432633132761 -0.7518420453282724 0
    outer loop
      vertex 109.03553771972656 63.9644660949707 50
      vertex 108.54380798339844 63.533233642578125 40
      vertex 109.03553771972656 63.9644660949707 40
    endloop
  endfacet
  facet normal 0.6593399663361159 0.7518449366670561 0
    outer loop
      vertex 109.03553771972656 71.03553771972656 40
      vertex 108.54380798339844 71.46676635742188 50
      vertex 109.03553771972656 71.03553771972656 50
    endloop
  endfacet
  facet normal 0.6593399663361159 0.7518449366670561 0
    outer loop
      vertex 108.54380798339844 71.46676635742188 50
      vertex 109.03553771972656 71.03553771972656 40
      vertex 108.54380798339844 71.46676635742188 40
    endloop
  endfacet
  facet normal -0.9807856241901908 0.1950885936744065 0
    outer loop
      vertex 100.54277801513672 68.15263366699219 40
      vertex 100.67037200927734 68.79409790039062 50
      vertex 100.67037200927734 68.79409790039062 40
    endloop
  endfacet
  facet normal -0.9807856241901908 0.1950885936744065 0
    outer loop
      vertex 100.67037200927734 68.79409790039062 50
      vertex 100.54277801513672 68.15263366699219 40
      vertex 100.54277801513672 68.15263366699219 50
    endloop
  endfacet
  facet normal -0.9807856241901908 -0.1950885936744065 0
    outer loop
      vertex 100.67037200927734 66.20590209960938 40
      vertex 100.54277801513672 66.84736633300781 50
      vertex 100.54277801513672 66.84736633300781 40
    endloop
  endfacet
  facet normal -0.9807856241901908 -0.1950885936744065 0
    outer loop
      vertex 100.54277801513672 66.84736633300781 50
      vertex 100.67037200927734 66.20590209960938 40
      vertex 100.67037200927734 66.20590209960938 50
    endloop
  endfacet
  facet normal 0.1950885936744065 -0.9807856241901908 0
    outer loop
      vertex 106.15263366699219 62.54277801513672 40
      vertex 106.79409790039062 62.670372009277344 50
      vertex 106.15263366699219 62.54277801513672 50
    endloop
  endfacet
  facet normal 0.1950885936744065 -0.9807856241901908 0
    outer loop
      vertex 106.79409790039062 62.670372009277344 50
      vertex 106.15263366699219 62.54277801513672 40
      vertex 106.79409790039062 62.670372009277344 40
    endloop
  endfacet
  facet normal -0.06540639431673653 -0.9978587092281569 0
    outer loop
      vertex 104.84736633300781 62.54277801513672 40
      vertex 105.5 62.5 50
      vertex 104.84736633300781 62.54277801513672 50
    endloop
  endfacet
  facet normal -0.06540639431673653 -0.9978587092281569 0
    outer loop
      vertex 105.5 62.5 50
      vertex 104.84736633300781 62.54277801513672 40
      vertex 105.5 62.5 40
    endloop
  endfacet
  facet normal -0.9978587092281569 0.06540639431673653 0
    outer loop
      vertex 100.5 67.5 40
      vertex 100.54277801513672 68.15263366699219 50
      vertex 100.54277801513672 68.15263366699219 40
    endloop
  endfacet
  facet normal -0.9978587092281569 0.06540639431673653 0
    outer loop
      vertex 100.54277801513672 68.15263366699219 50
      vertex 100.5 67.5 40
      vertex 100.5 67.5 50
    endloop
  endfacet
  facet normal -0.6593432633132761 -0.7518420453282724 0
    outer loop
      vertex 101.96446228027344 63.9644660949707 40
      vertex 102.45619201660156 63.533233642578125 50
      vertex 101.96446228027344 63.9644660949707 50
    endloop
  endfacet
  facet normal -0.6593432633132761 -0.7518420453282724 0
    outer loop
      vertex 102.45619201660156 63.533233642578125 50
      vertex 101.96446228027344 63.9644660949707 40
      vertex 102.45619201660156 63.533233642578125 40
    endloop
  endfacet
  facet normal -0.5555707414641393 -0.831469272570542 0
    outer loop
      vertex 102.45619201660156 63.533233642578125 40
      vertex 103 63.16987228393555 50
      vertex 102.45619201660156 63.533233642578125 50
    endloop
  endfacet
  facet normal -0.5555707414641393 -0.831469272570542 0
    outer loop
      vertex 103 63.16987228393555 50
      vertex 102.45619201660156 63.533233642578125 40
      vertex 103 63.16987228393555 40
    endloop
  endfacet
  facet normal 0.7518449366670561 0.6593399663361159 0
    outer loop
      vertex 109.46676635742188 70.54380798339844 50
      vertex 109.03553771972656 71.03553771972656 40
      vertex 109.03553771972656 71.03553771972656 50
    endloop
  endfacet
  facet normal 0.7518449366670561 0.6593399663361159 0
    outer loop
      vertex 109.03553771972656 71.03553771972656 40
      vertex 109.46676635742188 70.54380798339844 50
      vertex 109.46676635742188 70.54380798339844 40
    endloop
  endfacet
  facet normal 0.831477208258122 -0.5555588647004739 0
    outer loop
      vertex 109.46676635742188 64.45619201660156 50
      vertex 109.5999984741211 64.65559387207031 40
      vertex 109.5999984741211 64.65559387207031 50
    endloop
  endfacet
  facet normal 0.831477208258122 -0.5555588647004739 0
    outer loop
      vertex 109.5999984741211 64.65559387207031 40
      vertex 109.46676635742188 64.45619201660156 50
      vertex 109.46676635742188 64.45619201660156 40
    endloop
  endfacet
  facet normal -0.8968680814738192 0.4422981397580944 0
    outer loop
      vertex 100.88059997558594 69.41342163085938 40
      vertex 101.16987609863281 70 50
      vertex 101.16987609863281 70 40
    endloop
  endfacet
  facet normal -0.8968680814738192 0.4422981397580944 0
    outer loop
      vertex 101.16987609863281 70 50
      vertex 100.88059997558594 69.41342163085938 40
      vertex 100.88059997558594 69.41342163085938 50
    endloop
  endfacet
  facet normal 0.06540639431673653 -0.9978587092281569 0
    outer loop
      vertex 105.5 62.5 40
      vertex 106.15263366699219 62.54277801513672 50
      vertex 105.5 62.5 50
    endloop
  endfacet
  facet normal 0.06540639431673653 -0.9978587092281569 0
    outer loop
      vertex 106.15263366699219 62.54277801513672 50
      vertex 105.5 62.5 40
      vertex 106.15263366699219 62.54277801513672 40
    endloop
  endfacet
  facet normal -0.8968703634757542 -0.44229351240874937 0
    outer loop
      vertex 101.16987609863281 65 40
      vertex 100.88059997558594 65.58658599853516 50
      vertex 100.88059997558594 65.58658599853516 40
    endloop
  endfacet
  facet normal -0.8968703634757542 -0.44229351240874937 0
    outer loop
      vertex 100.88059997558594 65.58658599853516 50
      vertex 101.16987609863281 65 40
      vertex 101.16987609863281 65 50
    endloop
  endfacet
  facet normal -0.1950885936744065 -0.9807856241901908 0
    outer loop
      vertex 104.20590209960938 62.670372009277344 40
      vertex 104.84736633300781 62.54277801513672 50
      vertex 104.20590209960938 62.670372009277344 50
    endloop
  endfacet
  facet normal -0.1950885936744065 -0.9807856241901908 0
    outer loop
      vertex 104.84736633300781 62.54277801513672 50
      vertex 104.20590209960938 62.670372009277344 40
      vertex 104.84736633300781 62.54277801513672 40
    endloop
  endfacet
  facet normal 0.8314579138609309 0.5555877405757157 0
    outer loop
      vertex 109.53727722167969 70.43828582763672 50
      vertex 109.46676635742188 70.54380798339844 40
      vertex 109.46676635742188 70.54380798339844 50
    endloop
  endfacet
  facet normal 0.8314579138609309 0.5555877405757157 0
    outer loop
      vertex 109.46676635742188 70.54380798339844 40
      vertex 109.53727722167969 70.43828582763672 50
      vertex 109.53727722167969 70.43828582763672 40
    endloop
  endfacet
  facet normal -0.3214390582312715 -0.9469302676772948 0
    outer loop
      vertex 103.58657836914062 62.8806037902832 40
      vertex 104.20590209960938 62.670372009277344 50
      vertex 103.58657836914062 62.8806037902832 50
    endloop
  endfacet
  facet normal -0.3214390582312715 -0.9469302676772948 0
    outer loop
      vertex 104.20590209960938 62.670372009277344 50
      vertex 103.58657836914062 62.8806037902832 40
      vertex 104.20590209960938 62.670372009277344 40
    endloop
  endfacet
  facet normal -0.7518424010506967 -0.6593428576865934 0
    outer loop
      vertex 101.96446228027344 63.9644660949707 40
      vertex 101.53323364257812 64.45619201660156 50
      vertex 101.53323364257812 64.45619201660156 40
    endloop
  endfacet
  facet normal -0.7518424010506967 -0.6593428576865934 0
    outer loop
      vertex 101.53323364257812 64.45619201660156 50
      vertex 101.96446228027344 63.9644660949707 40
      vertex 101.96446228027344 63.9644660949707 50
    endloop
  endfacet
  facet normal 0.7518424010506967 -0.6593428576865934 0
    outer loop
      vertex 109.03553771972656 63.9644660949707 50
      vertex 109.46676635742188 64.45619201660156 40
      vertex 109.46676635742188 64.45619201660156 50
    endloop
  endfacet
  facet normal 0.7518424010506967 -0.6593428576865934 0
    outer loop
      vertex 109.46676635742188 64.45619201660156 40
      vertex 109.03553771972656 63.9644660949707 50
      vertex 109.03553771972656 63.9644660949707 40
    endloop
  endfacet
  facet normal 0.4422841292133118 -0.8968749907573645 0
    outer loop
      vertex 107.41341400146484 62.8806037902832 40
      vertex 108 63.16987228393555 50
      vertex 107.41341400146484 62.8806037902832 50
    endloop
  endfacet
  facet normal 0.4422841292133118 -0.8968749907573645 0
    outer loop
      vertex 108 63.16987228393555 50
      vertex 107.41341400146484 62.8806037902832 40
      vertex 108 63.16987228393555 40
    endloop
  endfacet
  facet normal 0.32144260891113857 -0.9469290623781704 0
    outer loop
      vertex 106.79409790039062 62.670372009277344 40
      vertex 107.41341400146484 62.8806037902832 50
      vertex 106.79409790039062 62.670372009277344 50
    endloop
  endfacet
  facet normal 0.32144260891113857 -0.9469290623781704 0
    outer loop
      vertex 107.41341400146484 62.8806037902832 50
      vertex 106.79409790039062 62.670372009277344 40
      vertex 107.41341400146484 62.8806037902832 40
    endloop
  endfacet
  facet normal -0.7518449366670561 0.6593399663361159 0
    outer loop
      vertex 101.53323364257812 70.54380798339844 40
      vertex 101.96446228027344 71.03553771972656 50
      vertex 101.96446228027344 71.03553771972656 40
    endloop
  endfacet
  facet normal -0.7518449366670561 0.6593399663361159 0
    outer loop
      vertex 101.96446228027344 71.03553771972656 50
      vertex 101.53323364257812 70.54380798339844 40
      vertex 101.53323364257812 70.54380798339844 50
    endloop
  endfacet
  facet normal -0.9469308377254704 -0.32143737891623453 0
    outer loop
      vertex 100.88059997558594 65.58658599853516 40
      vertex 100.67037200927734 66.20590209960938 50
      vertex 100.67037200927734 66.20590209960938 40
    endloop
  endfacet
  facet normal -0.9469308377254704 -0.32143737891623453 0
    outer loop
      vertex 100.67037200927734 66.20590209960938 50
      vertex 100.88059997558594 65.58658599853516 40
      vertex 100.88059997558594 65.58658599853516 50
    endloop
  endfacet
  facet normal 0.5555599714149895 0.8314764687959462 0
    outer loop
      vertex 108.54380798339844 71.46676635742188 40
      vertex 108.43827819824219 71.53727722167969 50
      vertex 108.54380798339844 71.46676635742188 50
    endloop
  endfacet
  facet normal 0.5555599714149895 0.8314764687959462 0
    outer loop
      vertex 108.43827819824219 71.53727722167969 50
      vertex 108.54380798339844 71.46676635742188 40
      vertex 108.43827819824219 71.53727722167969 40
    endloop
  endfacet
  facet normal -0.9978587092281569 -0.06540639431673653 0
    outer loop
      vertex 100.54277801513672 66.84736633300781 40
      vertex 100.5 67.5 50
      vertex 100.5 67.5 40
    endloop
  endfacet
  facet normal -0.9978587092281569 -0.06540639431673653 0
    outer loop
      vertex 100.5 67.5 50
      vertex 100.54277801513672 66.84736633300781 40
      vertex 100.54277801513672 66.84736633300781 50
    endloop
  endfacet
  facet normal -0.6593399663361159 0.7518449366670561 0
    outer loop
      vertex 102.45619201660156 71.46676635742188 40
      vertex 101.96446228027344 71.03553771972656 50
      vertex 102.45619201660156 71.46676635742188 50
    endloop
  endfacet
  facet normal -0.6593399663361159 0.7518449366670561 0
    outer loop
      vertex 101.96446228027344 71.03553771972656 50
      vertex 102.45619201660156 71.46676635742188 40
      vertex 101.96446228027344 71.03553771972656 40
    endloop
  endfacet
  facet normal -0.5555735607491717 0.8314673887751018 0
    outer loop
      vertex 102.65558624267578 71.5999984741211 40
      vertex 102.45619201660156 71.46676635742188 50
      vertex 102.65558624267578 71.5999984741211 50
    endloop
  endfacet
  facet normal -0.5555735607491717 0.8314673887751018 0
    outer loop
      vertex 102.45619201660156 71.46676635742188 50
      vertex 102.65558624267578 71.5999984741211 40
      vertex 102.45619201660156 71.46676635742188 40
    endloop
  endfacet
  facet normal -0.8314719668714957 0.5555667091419773 0
    outer loop
      vertex 101.16987609863281 70 40
      vertex 101.53323364257812 70.54380798339844 50
      vertex 101.53323364257812 70.54380798339844 40
    endloop
  endfacet
  facet normal -0.8314719668714957 0.5555667091419773 0
    outer loop
      vertex 101.53323364257812 70.54380798339844 50
      vertex 101.16987609863281 70 40
      vertex 101.16987609863281 70 50
    endloop
  endfacet
  facet normal -0.4422887565122364 -0.8968727088404796 0
    outer loop
      vertex 103 63.16987228393555 40
      vertex 103.58657836914062 62.8806037902832 50
      vertex 103 63.16987228393555 50
    endloop
  endfacet
  facet normal -0.4422887565122364 -0.8968727088404796 0
    outer loop
      vertex 103.58657836914062 62.8806037902832 50
      vertex 103 63.16987228393555 40
      vertex 103.58657836914062 62.8806037902832 40
    endloop
  endfacet
  facet normal -0.9469320429876334 0.32143382828082484 0
    outer loop
      vertex 100.67037200927734 68.79409790039062 40
      vertex 100.88059997558594 69.41342163085938 50
      vertex 100.88059997558594 69.41342163085938 40
    endloop
  endfacet
  facet normal -0.9469320429876334 0.32143382828082484 0
    outer loop
      vertex 100.88059997558594 69.41342163085938 50
      vertex 100.67037200927734 68.79409790039062 40
      vertex 100.67037200927734 68.79409790039062 50
    endloop
  endfacet
  facet normal 0.9469299663562581 0.321439945894308 0
    outer loop
      vertex 11.329628944396973 7.794095993041992 50
      vertex 11.119397163391113 8.41341781616211 40
      vertex 11.119397163391113 8.41341781616211 50
    endloop
  endfacet
  facet normal 0.9469299663562581 0.321439945894308 0
    outer loop
      vertex 11.119397163391113 8.41341781616211 40
      vertex 11.329628944396973 7.794095993041992 50
      vertex 11.329628944396973 7.794095993041992 40
    endloop
  endfacet
  facet normal 0.9807853451870198 -0.19508999632574356 0
    outer loop
      vertex 11.329628944396973 5.205904960632324 50
      vertex 11.457223892211914 5.847369194030762 40
      vertex 11.457223892211914 5.847369194030762 50
    endloop
  endfacet
  facet normal 0.9807853451870198 -0.19508999632574356 0
    outer loop
      vertex 11.457223892211914 5.847369194030762 40
      vertex 11.329628944396973 5.205904960632324 50
      vertex 11.329628944396973 5.205904960632324 40
    endloop
  endfacet
  facet normal 0.9978588808468477 -0.06540377600014102 0
    outer loop
      vertex 11.457223892211914 5.847369194030762 50
      vertex 11.5 6.5 40
      vertex 11.5 6.5 50
    endloop
  endfacet
  facet normal 0.9978588808468477 -0.06540377600014102 0
    outer loop
      vertex 11.5 6.5 40
      vertex 11.457223892211914 5.847369194030762 50
      vertex 11.457223892211914 5.847369194030762 40
    endloop
  endfacet
  facet normal 0.9978588870842872 0.06540368083608095 0
    outer loop
      vertex 11.5 6.5 50
      vertex 11.457223892211914 7.152631759643555 40
      vertex 11.457223892211914 7.152631759643555 50
    endloop
  endfacet
  facet normal 0.9978588870842872 0.06540368083608095 0
    outer loop
      vertex 11.457223892211914 7.152631759643555 40
      vertex 11.5 6.5 50
      vertex 11.5 6.5 40
    endloop
  endfacet
  facet normal 0 0 -1
    outer loop
      vertex 7.75 6.5 40
      vertex 11.5 6.5 40
      vertex 11.457223892211914 5.847369194030762 40
    endloop
  endfacet
  facet normal 0 0 -1
    outer loop
      vertex 7.73930549621582 6.3368425369262695 40
      vertex 11.457223892211914 5.847369194030762 40
      vertex 11.329628944396973 5.205904960632324 40
    endloop
  endfacet
  facet normal 0 0 -1
    outer loop
      vertex 11.5 6.5 40
      vertex 7.75 6.5 40
      vertex 11.457223892211914 7.152631759643555 40
    endloop
  endfacet
  facet normal 0 0 -1
    outer loop
      vertex 7.707406997680664 6.17647647857666 40
      vertex 11.329628944396973 5.205904960632324 40
      vertex 11.119397163391113 4.586583137512207 40
    endloop
  endfacet
  facet normal 0 0 -1
    outer loop
      vertex 7.73930549621582 6.663158416748047 40
      vertex 11.457223892211914 7.152631759643555 40
      vertex 7.75 6.5 40
    endloop
  endfacet
  facet normal 0 0 -1
    outer loop
      vertex 7.654849052429199 6.021646499633789 40
      vertex 11.119397163391113 4.586583137512207 40
      vertex 10.830126762390137 4 40
    endloop
  endfacet
  facet normal 0 0 -1
    outer loop
      vertex 11.457223892211914 7.152631759643555 40
      vertex 7.73930549621582 6.663158416748047 40
      vertex 11.329628944396973 7.794095993041992 40
    endloop
  endfacet
  facet normal 0 0 -1
    outer loop
      vertex 7.582530975341797 5.875 40
      vertex 10.830126762390137 4 40
      vertex 10.466766357421875 3.456192970275879 40
    endloop
  endfacet
  facet normal 0 0 -1
    outer loop
      vertex 7.707406997680664 6.823524475097656 40
      vertex 11.329628944396973 7.794095993041992 40
      vertex 7.73930549621582 6.663158416748047 40
    endloop
  endfacet
  facet normal 0 0 -1
    outer loop
      vertex 7.491691589355469 5.739048957824707 40
      vertex 10.466766357421875 3.456192970275879 40
      vertex 10.035533905029297 2.964466094970703 40
    endloop
  endfacet
  facet normal 0 0 -1
    outer loop
      vertex 11.329628944396973 7.794095993041992 40
      vertex 7.707406997680664 6.823524475097656 40
      vertex 11.119397163391113 8.41341781616211 40
    endloop
  endfacet
  facet normal 0 0 -1
    outer loop
      vertex 7.383883476257324 5.616116523742676 40
      vertex 10.035533905029297 2.964466094970703 40
      vertex 9.543807029724121 2.533233642578125 40
    endloop
  endfacet
  facet normal 0 0 -1
    outer loop
      vertex 7.654849052429199 6.978354454040527 40
      vertex 11.119397163391113 8.41341781616211 40
      vertex 7.707406997680664 6.823524475097656 40
    endloop
  endfacet
  facet normal 0 0 -1
    outer loop
      vertex 7.260951042175293 5.508308410644531 40
      vertex 9.543807029724121 2.533233642578125 40
      vertex 9.344409942626953 2.40000057220459 40
    endloop
  endfacet
  facet normal 0 0 -1
    outer loop
      vertex 11.119397163391113 8.41341781616211 40
      vertex 7.654849052429199 6.978354454040527 40
      vertex 10.830126762390137 9 40
    endloop
  endfacet
  facet normal 0 0 -1
    outer loop
      vertex 7.582530975341797 7.125 40
      vertex 10.830126762390137 9 40
      vertex 7.654849052429199 6.978354454040527 40
    endloop
  endfacet
  facet normal 0 0 -1
    outer loop
      vertex 7.491691589355469 7.260951995849609 40
      vertex 10.466766357421875 9.543807983398438 40
      vertex 7.582530975341797 7.125 40
    endloop
  endfacet
  facet normal 0 0 -1
    outer loop
      vertex 10.830126762390137 9 40
      vertex 7.582530975341797 7.125 40
      vertex 10.466766357421875 9.543807983398438 40
    endloop
  endfacet
  facet normal 0 0 -1
    outer loop
      vertex 11.457223892211914 5.847369194030762 40
      vertex 7.73930549621582 6.3368425369262695 40
      vertex 7.75 6.5 40
    endloop
  endfacet
  facet normal 0 0 -1
    outer loop
      vertex 11.329628944396973 5.205904960632324 40
      vertex 7.707406997680664 6.17647647857666 40
      vertex 7.73930549621582 6.3368425369262695 40
    endloop
  endfacet
  facet normal 0 0 -1
    outer loop
      vertex 11.119397163391113 4.586583137512207 40
      vertex 7.654849052429199 6.021646499633789 40
      vertex 7.707406997680664 6.17647647857666 40
    endloop
  endfacet
  facet normal 0 0 -1
    outer loop
      vertex 10.830126762390137 4 40
      vertex 7.582530975341797 5.875 40
      vertex 7.654849052429199 6.021646499633789 40
    endloop
  endfacet
  facet normal 0 0 -1
    outer loop
      vertex 10.466766357421875 3.456192970275879 40
      vertex 7.491691589355469 5.739048957824707 40
      vertex 7.582530975341797 5.875 40
    endloop
  endfacet
  facet normal 0 0 -1
    outer loop
      vertex 10.035533905029297 2.964466094970703 40
      vertex 7.383883476257324 5.616116523742676 40
      vertex 7.491691589355469 5.739048957824707 40
    endloop
  endfacet
  facet normal 0 0 -1
    outer loop
      vertex 9.543807029724121 2.533233642578125 40
      vertex 7.260951042175293 5.508308410644531 40
      vertex 7.383883476257324 5.616116523742676 40
    endloop
  endfacet
  facet normal 0 0 -1
    outer loop
      vertex 9.344409942626953 2.40000057220459 40
      vertex 7.125 5.417469024658203 40
      vertex 7.260951042175293 5.508308410644531 40
    endloop
  endfacet
  facet normal 0 0 -1
    outer loop
      vertex 9.344409942626953 2.40000057220459 40
      vertex 6.978353500366211 5.345150947570801 40
      vertex 7.125 5.417469024658203 40
    endloop
  endfacet
  facet normal 0 0 -1
    outer loop
      vertex 9.344409942626953 2.40000057220459 40
      vertex 6.82352352142334 5.292593002319336 40
      vertex 6.978353500366211 5.345150947570801 40
    endloop
  endfacet
  facet normal 0 0 -1
    outer loop
      vertex 9.344409942626953 2.40000057220459 40
      vertex 6.6631574630737305 5.26069450378418 40
      vertex 6.82352352142334 5.292593002319336 40
    endloop
  endfacet
  facet normal 0 0 -1
    outer loop
      vertex 9.344409942626953 2.40000057220459 40
      vertex 6.5 5.25 40
      vertex 6.6631574630737305 5.26069450378418 40
    endloop
  endfacet
  facet normal 0 0 -1
    outer loop
      vertex 3.9999990463256836 2.40000057220459 40
      vertex 6.5 5.25 40
      vertex 9.344409942626953 2.40000057220459 40
    endloop
  endfacet
  facet normal 0 0 -1
    outer loop
      vertex 6.5 5.25 40
      vertex 3.9999990463256836 2.40000057220459 40
      vertex 6.336841583251953 5.26069450378418 40
    endloop
  endfacet
  facet normal 0 0 -1
    outer loop
      vertex 6.336841583251953 5.26069450378418 40
      vertex 3.9999990463256836 2.40000057220459 40
      vertex 6.176475524902344 5.292593002319336 40
    endloop
  endfacet
  facet normal 0 0 -1
    outer loop
      vertex 6.176475524902344 5.292593002319336 40
      vertex 3.9999990463256836 2.40000057220459 40
      vertex 6.021645545959473 5.345150947570801 40
    endloop
  endfacet
  facet normal 0 0 -1
    outer loop
      vertex 6.021645545959473 5.345150947570801 40
      vertex 3.9999990463256836 2.40000057220459 40
      vertex 5.875 5.417469024658203 40
    endloop
  endfacet
  facet normal 0 0 -1
    outer loop
      vertex 6.021645545959473 7.654850006103516 40
      vertex 4.586582183837891 11.11939811706543 40
      vertex 5.205904006958008 11.329629898071289 40
    endloop
  endfacet
  facet normal 0 0 -1
    outer loop
      vertex 2.3999996185302734 4.000000953674316 40
      vertex 5.25 6.5 40
      vertex 5.260693550109863 6.3368425369262695 40
    endloop
  endfacet
  facet normal 0 0 -1
    outer loop
      vertex 5.260693550109863 6.663158416748047 40
      vertex 4 10.830127716064453 40
      vertex 4.586582183837891 11.11939811706543 40
    endloop
  endfacet
  facet normal 0 0 -1
    outer loop
      vertex 2.3999996185302734 4.000000953674316 40
      vertex 5.260693550109863 6.3368425369262695 40
      vertex 5.2925920486450195 6.17647647857666 40
    endloop
  endfacet
  facet normal 0 0 -1
    outer loop
      vertex 5.875 5.417469024658203 40
      vertex 3.9999990463256836 2.40000057220459 40
      vertex 5.739048004150391 5.508308410644531 40
    endloop
  endfacet
  facet normal 0 0 -1
    outer loop
      vertex 3.9999990463256836 2.40000057220459 40
      vertex 5.616115570068359 5.616116523742676 40
      vertex 5.739048004150391 5.508308410644531 40
    endloop
  endfacet
  facet normal 0 0 -1
    outer loop
      vertex 2.9644651412963867 2.964466094970703 40
      vertex 5.616115570068359 5.616116523742676 40
      vertex 3.9999990463256836 2.40000057220459 40
    endloop
  endfacet
  facet normal 0 0 -1
    outer loop
      vertex 2.3999996185302734 4.000000953674316 40
      vertex 5.616115570068359 5.616116523742676 40
      vertex 2.9644651412963867 2.964466094970703 40
    endloop
  endfacet
  facet normal 0 0 -1
    outer loop
      vertex 5.616115570068359 5.616116523742676 40
      vertex 2.3999996185302734 4.000000953674316 40
      vertex 5.508307456970215 5.739048957824707 40
    endloop
  endfacet
  facet normal 0 0 -1
    outer loop
      vertex 5.508307456970215 5.739048957824707 40
      vertex 2.3999996185302734 4.000000953674316 40
      vertex 5.417468070983887 5.875 40
    endloop
  endfacet
  facet normal 0 0 -1
    outer loop
      vertex 5.417468070983887 5.875 40
      vertex 2.3999996185302734 4.000000953674316 40
      vertex 5.345149993896484 6.021646499633789 40
    endloop
  endfacet
  facet normal 0 0 -1
    outer loop
      vertex 3.4561920166015625 2.533233642578125 40
      vertex 3.9999990463256836 2.40000057220459 40
      vertex 3.791156768798828 2.4136886596679688 40
    endloop
  endfacet
  facet normal 0 0 -1
    outer loop
      vertex 3.4561920166015625 2.533233642578125 40
      vertex 3.791156768798828 2.4136886596679688 40
      vertex 3.5858888626098633 2.454519271850586 40
    endloop
  endfacet
  facet normal 0 0 -1
    outer loop
      vertex 3.4561920166015625 2.533233642578125 40
      vertex 3.5858888626098633 2.454519271850586 40
      vertex 3.561716079711914 2.4627249240875244 40
    endloop
  endfacet
  facet normal 0 0 -1
    outer loop
      vertex 3.9999990463256836 2.40000057220459 40
      vertex 3.4561920166015625 2.533233642578125 40
      vertex 2.9644651412963867 2.964466094970703 40
    endloop
  endfacet
  facet normal 0 0 -1
    outer loop
      vertex 5.25 6.5 40
      vertex 2.3999996185302734 4.000000953674316 40
      vertex 2.3999996185302734 9.344409942626953 40
    endloop
  endfacet
  facet normal 0 0 -1
    outer loop
      vertex 5.345149993896484 6.021646499633789 40
      vertex 2.3999996185302734 4.000000953674316 40
      vertex 5.2925920486450195 6.17647647857666 40
    endloop
  endfacet
  facet normal 0 0 -1
    outer loop
      vertex 5.260693550109863 6.663158416748047 40
      vertex 3.4561920166015625 10.466767311096191 40
      vertex 4 10.830127716064453 40
    endloop
  endfacet
  facet normal 0 0 -1
    outer loop
      vertex 2.3999996185302734 4.000000953674316 40
      vertex 2.9644651412963867 2.964466094970703 40
      vertex 2.5332326889038086 3.456192970275879 40
    endloop
  endfacet
  facet normal 0 0 -1
    outer loop
      vertex 5.260693550109863 6.663158416748047 40
      vertex 2.9644651412963867 10.035534858703613 40
      vertex 3.4561920166015625 10.466767311096191 40
    endloop
  endfacet
  facet normal 0 0 -1
    outer loop
      vertex 2.454517364501953 3.585890769958496 40
      vertex 2.5332326889038086 3.456192970275879 40
      vertex 2.4627227783203125 3.561718463897705 40
    endloop
  endfacet
  facet normal 0 0 -1
    outer loop
      vertex 2.5332326889038086 3.456192970275879 40
      vertex 2.454517364501953 3.585890769958496 40
      vertex 2.4136877059936523 3.791158676147461 40
    endloop
  endfacet
  facet normal 0 0 -1
    outer loop
      vertex 2.5332326889038086 3.456192970275879 40
      vertex 2.4136877059936523 3.791158676147461 40
      vertex 2.3999996185302734 4.000000953674316 40
    endloop
  endfacet
  facet normal 0 0 -1
    outer loop
      vertex 5.260693550109863 6.663158416748047 40
      vertex 2.3999996185302734 9.344409942626953 40
      vertex 2.5332326889038086 9.543807983398438 40
    endloop
  endfacet
  facet normal 0 0 -1
    outer loop
      vertex 5.260693550109863 6.663158416748047 40
      vertex 2.5332326889038086 9.543807983398438 40
      vertex 2.9644651412963867 10.035534858703613 40
    endloop
  endfacet
  facet normal 0 0 -1
    outer loop
      vertex 10.466766357421875 9.543807983398438 40
      vertex 7.491691589355469 7.260951995849609 40
      vertex 10.035533905029297 10.035534858703613 40
    endloop
  endfacet
  facet normal 0 0 -1
    outer loop
      vertex 7.383883476257324 7.383884429931641 40
      vertex 10.035533905029297 10.035534858703613 40
      vertex 7.491691589355469 7.260951995849609 40
    endloop
  endfacet
  facet normal 0 0 -1
    outer loop
      vertex 10.035533905029297 10.035534858703613 40
      vertex 7.383883476257324 7.383884429931641 40
      vertex 9.543807029724121 10.466767311096191 40
    endloop
  endfacet
  facet normal 0 0 -1
    outer loop
      vertex 7.260951042175293 7.491692543029785 40
      vertex 9.543807029724121 10.466767311096191 40
      vertex 7.383883476257324 7.383884429931641 40
    endloop
  endfacet
  facet normal 0 0 -1
    outer loop
      vertex 9.543807029724121 10.466767311096191 40
      vertex 7.260951042175293 7.491692543029785 40
      vertex 9 10.830127716064453 40
    endloop
  endfacet
  facet normal 0 0 -1
    outer loop
      vertex 7.125 7.582531929016113 40
      vertex 9 10.830127716064453 40
      vertex 7.260951042175293 7.491692543029785 40
    endloop
  endfacet
  facet normal 0 0 -1
    outer loop
      vertex 9 10.830127716064453 40
      vertex 7.125 7.582531929016113 40
      vertex 8.413416862487793 11.11939811706543 40
    endloop
  endfacet
  facet normal 0 0 -1
    outer loop
      vertex 6.978353500366211 7.654850006103516 40
      vertex 8.413416862487793 11.11939811706543 40
      vertex 7.125 7.582531929016113 40
    endloop
  endfacet
  facet normal 0 0 -1
    outer loop
      vertex 8.413416862487793 11.11939811706543 40
      vertex 6.978353500366211 7.654850006103516 40
      vertex 7.794095039367676 11.329629898071289 40
    endloop
  endfacet
  facet normal 0 0 -1
    outer loop
      vertex 6.82352352142334 7.7074079513549805 40
      vertex 7.794095039367676 11.329629898071289 40
      vertex 6.978353500366211 7.654850006103516 40
    endloop
  endfacet
  facet normal 0 0 -1
    outer loop
      vertex 7.794095039367676 11.329629898071289 40
      vertex 6.82352352142334 7.7074079513549805 40
      vertex 7.152630805969238 11.45722484588623 40
    endloop
  endfacet
  facet normal 0 0 -1
    outer loop
      vertex 6.6631574630737305 7.739306449890137 40
      vertex 7.152630805969238 11.45722484588623 40
      vertex 6.82352352142334 7.7074079513549805 40
    endloop
  endfacet
  facet normal 0 0 -1
    outer loop
      vertex 6.5 7.75 40
      vertex 7.152630805969238 11.45722484588623 40
      vertex 6.6631574630737305 7.739306449890137 40
    endloop
  endfacet
  facet normal 0 0 -1
    outer loop
      vertex 6.5 7.75 40
      vertex 6.5 11.5 40
      vertex 7.152630805969238 11.45722484588623 40
    endloop
  endfacet
  facet normal 0 0 -1
    outer loop
      vertex 6.336841583251953 7.739306449890137 40
      vertex 6.5 11.5 40
      vertex 6.5 7.75 40
    endloop
  endfacet
  facet normal 0 0 -1
    outer loop
      vertex 5.847368240356445 11.45722484588623 40
      vertex 6.336841583251953 7.739306449890137 40
      vertex 6.176475524902344 7.7074079513549805 40
    endloop
  endfacet
  facet normal 0 0 -1
    outer loop
      vertex 5.205904006958008 11.329629898071289 40
      vertex 6.176475524902344 7.7074079513549805 40
      vertex 6.021645545959473 7.654850006103516 40
    endloop
  endfacet
  facet normal 0 0 -1
    outer loop
      vertex 4.586582183837891 11.11939811706543 40
      vertex 6.021645545959473 7.654850006103516 40
      vertex 5.875 7.582531929016113 40
    endloop
  endfacet
  facet normal 0 0 -1
    outer loop
      vertex 6.336841583251953 7.739306449890137 40
      vertex 5.847368240356445 11.45722484588623 40
      vertex 6.5 11.5 40
    endloop
  endfacet
  facet normal 0 0 -1
    outer loop
      vertex 4.586582183837891 11.11939811706543 40
      vertex 5.875 7.582531929016113 40
      vertex 5.739048004150391 7.491692543029785 40
    endloop
  endfacet
  facet normal 0 0 -1
    outer loop
      vertex 4.586582183837891 11.11939811706543 40
      vertex 5.739048004150391 7.491692543029785 40
      vertex 5.616115570068359 7.383884429931641 40
    endloop
  endfacet
  facet normal 0 0 -1
    outer loop
      vertex 4.586582183837891 11.11939811706543 40
      vertex 5.616115570068359 7.383884429931641 40
      vertex 5.508307456970215 7.260951995849609 40
    endloop
  endfacet
  facet normal 0 0 -1
    outer loop
      vertex 4.586582183837891 11.11939811706543 40
      vertex 5.508307456970215 7.260951995849609 40
      vertex 5.417468070983887 7.125 40
    endloop
  endfacet
  facet normal 0 0 -1
    outer loop
      vertex 4.586582183837891 11.11939811706543 40
      vertex 5.417468070983887 7.125 40
      vertex 5.345149993896484 6.978354454040527 40
    endloop
  endfacet
  facet normal 0 0 -1
    outer loop
      vertex 4.586582183837891 11.11939811706543 40
      vertex 5.345149993896484 6.978354454040527 40
      vertex 5.2925920486450195 6.823524475097656 40
    endloop
  endfacet
  facet normal 0 0 -1
    outer loop
      vertex 4.586582183837891 11.11939811706543 40
      vertex 5.2925920486450195 6.823524475097656 40
      vertex 5.260693550109863 6.663158416748047 40
    endloop
  endfacet
  facet normal 0 0 -1
    outer loop
      vertex 6.176475524902344 7.7074079513549805 40
      vertex 5.205904006958008 11.329629898071289 40
      vertex 5.847368240356445 11.45722484588623 40
    endloop
  endfacet
  facet normal 0 0 -1
    outer loop
      vertex 2.3999996185302734 9.344409942626953 40
      vertex 5.260693550109863 6.663158416748047 40
      vertex 5.25 6.5 40
    endloop
  endfacet
  facet normal 0.5555707989546722 -0.8314692341565423 0
    outer loop
      vertex 9.344409942626953 2.40000057220459 40
      vertex 9.543807029724121 2.533233642578125 50
      vertex 9.344409942626953 2.40000057220459 50
    endloop
  endfacet
  facet normal 0.5555707989546722 -0.8314692341565423 0
    outer loop
      vertex 9.543807029724121 2.533233642578125 50
      vertex 9.344409942626953 2.40000057220459 40
      vertex 9.543807029724121 2.533233642578125 40
    endloop
  endfacet
  facet normal -0.8314695031475514 -0.5555703963815602 0
    outer loop
      vertex 2.5332326889038086 3.456192970275879 40
      vertex 2.4627227783203125 3.561718463897705 50
      vertex 2.4627227783203125 3.561718463897705 40
    endloop
  endfacet
  facet normal -0.8314695031475514 -0.5555703963815602 0
    outer loop
      vertex 2.4627227783203125 3.561718463897705 50
      vertex 2.5332326889038086 3.456192970275879 40
      vertex 2.5332326889038086 3.456192970275879 50
    endloop
  endfacet
  facet normal 0.19508999632574356 0.9807853451870198 0
    outer loop
      vertex 7.794095039367676 11.329629898071289 40
      vertex 7.152630805969238 11.45722484588623 50
      vertex 7.794095039367676 11.329629898071289 50
    endloop
  endfacet
  facet normal 0.19508999632574356 0.9807853451870198 0
    outer loop
      vertex 7.152630805969238 11.45722484588623 50
      vertex 7.794095039367676 11.329629898071289 40
      vertex 7.152630805969238 11.45722484588623 40
    endloop
  endfacet
  facet normal 0.6593454318188358 -0.7518401436074248 0
    outer loop
      vertex 9.543807029724121 2.533233642578125 40
      vertex 10.035533905029297 2.964466094970703 50
      vertex 9.543807029724121 2.533233642578125 50
    endloop
  endfacet
  facet normal 0.6593454318188358 -0.7518401436074248 0
    outer loop
      vertex 10.035533905029297 2.964466094970703 50
      vertex 9.543807029724121 2.533233642578125 40
      vertex 10.035533905029297 2.964466094970703 40
    endloop
  endfacet
  facet normal 0.9807853451870198 0.19508999632574356 0
    outer loop
      vertex 11.457223892211914 7.152631759643555 50
      vertex 11.329628944396973 7.794095993041992 40
      vertex 11.329628944396973 7.794095993041992 50
    endloop
  endfacet
  facet normal 0.9807853451870198 0.19508999632574356 0
    outer loop
      vertex 11.329628944396973 7.794095993041992 40
      vertex 11.457223892211914 7.152631759643555 50
      vertex 11.457223892211914 7.152631759643555 40
    endloop
  endfacet
  facet normal 0.6593454318188358 0.7518401436074248 0
    outer loop
      vertex 10.035533905029297 10.035534858703613 40
      vertex 9.543807029724121 10.466767311096191 50
      vertex 10.035533905029297 10.035534858703613 50
    endloop
  endfacet
  facet normal 0.6593454318188358 0.7518401436074248 0
    outer loop
      vertex 9.543807029724121 10.466767311096191 50
      vertex 10.035533905029297 10.035534858703613 40
      vertex 9.543807029724121 10.466767311096191 40
    endloop
  endfacet
  facet normal -0.44228878867092053 0.8968726929815679 0
    outer loop
      vertex 4.586582183837891 11.11939811706543 40
      vertex 4 10.830127716064453 50
      vertex 4.586582183837891 11.11939811706543 50
    endloop
  endfacet
  facet normal -0.44228878867092053 0.8968726929815679 0
    outer loop
      vertex 4 10.830127716064453 50
      vertex 4.586582183837891 11.11939811706543 40
      vertex 4 10.830127716064453 40
    endloop
  endfacet
  facet normal 0.8968729782232767 -0.44228821025764375 0
    outer loop
      vertex 10.830126762390137 4 50
      vertex 11.119397163391113 4.586583137512207 40
      vertex 11.119397163391113 4.586583137512207 50
    endloop
  endfacet
  facet normal 0.8968729782232767 -0.44228821025764375 0
    outer loop
      vertex 11.119397163391113 4.586583137512207 40
      vertex 10.830126762390137 4 50
      vertex 10.830126762390137 4 40
    endloop
  endfacet
  facet normal 0.9469299663562581 -0.321439945894308 0
    outer loop
      vertex 11.119397163391113 4.586583137512207 50
      vertex 11.329628944396973 5.205904960632324 40
      vertex 11.329628944396973 5.205904960632324 50
    endloop
  endfacet
  facet normal 0.9469299663562581 -0.321439945894308 0
    outer loop
      vertex 11.329628944396973 5.205904960632324 40
      vertex 11.119397163391113 4.586583137512207 50
      vertex 11.119397163391113 4.586583137512207 40
    endloop
  endfacet
  facet normal -0.6593454318188358 -0.7518401436074248 0
    outer loop
      vertex 2.9644651412963867 2.964466094970703 40
      vertex 3.4561920166015625 2.533233642578125 50
      vertex 2.9644651412963867 2.964466094970703 50
    endloop
  endfacet
  facet normal -0.6593454318188358 -0.7518401436074248 0
    outer loop
      vertex 3.4561920166015625 2.533233642578125 50
      vertex 2.9644651412963867 2.964466094970703 40
      vertex 3.4561920166015625 2.533233642578125 40
    endloop
  endfacet
  facet normal -0.19508999632574356 0.9807853451870198 0
    outer loop
      vertex 5.847368240356445 11.45722484588623 40
      vertex 5.205904006958008 11.329629898071289 50
      vertex 5.847368240356445 11.45722484588623 50
    endloop
  endfacet
  facet normal -0.19508999632574356 0.9807853451870198 0
    outer loop
      vertex 5.205904006958008 11.329629898071289 50
      vertex 5.847368240356445 11.45722484588623 40
      vertex 5.205904006958008 11.329629898071289 40
    endloop
  endfacet
  facet normal 0.8968726929815679 0.44228878867092053 0
    outer loop
      vertex 11.119397163391113 8.41341781616211 50
      vertex 10.830126762390137 9 40
      vertex 10.830126762390137 9 50
    endloop
  endfacet
  facet normal 0.8968726929815679 0.44228878867092053 0
    outer loop
      vertex 10.830126762390137 9 40
      vertex 11.119397163391113 8.41341781616211 50
      vertex 11.119397163391113 8.41341781616211 40
    endloop
  endfacet
  facet normal -0.5555691094078761 -0.8314703630747999 0
    outer loop
      vertex 3.4561920166015625 2.533233642578125 40
      vertex 3.561716079711914 2.4627249240875244 50
      vertex 3.4561920166015625 2.533233642578125 50
    endloop
  endfacet
  facet normal -0.5555691094078761 -0.8314703630747999 0
    outer loop
      vertex 3.561716079711914 2.4627249240875244 50
      vertex 3.4561920166015625 2.533233642578125 40
      vertex 3.561716079711914 2.4627249240875244 40
    endloop
  endfacet
  facet normal 0.7518401436074248 0.6593454318188358 0
    outer loop
      vertex 10.466766357421875 9.543807983398438 50
      vertex 10.035533905029297 10.035534858703613 40
      vertex 10.035533905029297 10.035534858703613 50
    endloop
  endfacet
  facet normal 0.7518401436074248 0.6593454318188358 0
    outer loop
      vertex 10.035533905029297 10.035534858703613 40
      vertex 10.466766357421875 9.543807983398438 50
      vertex 10.466766357421875 9.543807983398438 40
    endloop
  endfacet
  facet normal 0.831469496077071 -0.5555704069632774 0
    outer loop
      vertex 10.466766357421875 3.456192970275879 50
      vertex 10.830126762390137 4 40
      vertex 10.830126762390137 4 50
    endloop
  endfacet
  facet normal 0.831469496077071 -0.5555704069632774 0
    outer loop
      vertex 10.830126762390137 4 40
      vertex 10.466766357421875 3.456192970275879 50
      vertex 10.466766357421875 3.456192970275879 40
    endloop
  endfacet
  facet normal 0.44228821025764375 0.8968729782232767 0
    outer loop
      vertex 9 10.830127716064453 40
      vertex 8.413416862487793 11.11939811706543 50
      vertex 9 10.830127716064453 50
    endloop
  endfacet
  facet normal 0.44228821025764375 0.8968729782232767 0
    outer loop
      vertex 8.413416862487793 11.11939811706543 50
      vertex 9 10.830127716064453 40
      vertex 8.413416862487793 11.11939811706543 40
    endloop
  endfacet
  facet normal 0.8314699461459768 0.5555697333872737 0
    outer loop
      vertex 10.830126762390137 9 50
      vertex 10.466766357421875 9.543807983398438 40
      vertex 10.466766357421875 9.543807983398438 50
    endloop
  endfacet
  facet normal 0.8314699461459768 0.5555697333872737 0
    outer loop
      vertex 10.466766357421875 9.543807983398438 40
      vertex 10.830126762390137 9 50
      vertex 10.830126762390137 9 40
    endloop
  endfacet
  facet normal -0.7518401436074248 -0.6593454318188358 0
    outer loop
      vertex 2.9644651412963867 2.964466094970703 40
      vertex 2.5332326889038086 3.456192970275879 50
      vertex 2.5332326889038086 3.456192970275879 40
    endloop
  endfacet
  facet normal -0.7518401436074248 -0.6593454318188358 0
    outer loop
      vertex 2.5332326889038086 3.456192970275879 50
      vertex 2.9644651412963867 2.964466094970703 40
      vertex 2.9644651412963867 2.964466094970703 50
    endloop
  endfacet
  facet normal 0.7518401436074248 -0.6593454318188358 0
    outer loop
      vertex 10.035533905029297 2.964466094970703 50
      vertex 10.466766357421875 3.456192970275879 40
      vertex 10.466766357421875 3.456192970275879 50
    endloop
  endfacet
  facet normal 0.7518401436074248 -0.6593454318188358 0
    outer loop
      vertex 10.466766357421875 3.456192970275879 40
      vertex 10.035533905029297 2.964466094970703 50
      vertex 10.035533905029297 2.964466094970703 40
    endloop
  endfacet
  facet normal -0.321439945894308 0.9469299663562581 0
    outer loop
      vertex 5.205904006958008 11.329629898071289 40
      vertex 4.586582183837891 11.11939811706543 50
      vertex 5.205904006958008 11.329629898071289 50
    endloop
  endfacet
  facet normal -0.321439945894308 0.9469299663562581 0
    outer loop
      vertex 4.586582183837891 11.11939811706543 50
      vertex 5.205904006958008 11.329629898071289 40
      vertex 4.586582183837891 11.11939811706543 40
    endloop
  endfacet
  facet normal -0.7518401436074248 0.6593454318188358 0
    outer loop
      vertex 2.5332326889038086 9.543807983398438 40
      vertex 2.9644651412963867 10.035534858703613 50
      vertex 2.9644651412963867 10.035534858703613 40
    endloop
  endfacet
  facet normal -0.7518401436074248 0.6593454318188358 0
    outer loop
      vertex 2.9644651412963867 10.035534858703613 50
      vertex 2.5332326889038086 9.543807983398438 40
      vertex 2.5332326889038086 9.543807983398438 50
    endloop
  endfacet
  facet normal 0.5555704069632774 0.831469496077071 0
    outer loop
      vertex 9.543807029724121 10.466767311096191 40
      vertex 9 10.830127716064453 50
      vertex 9.543807029724121 10.466767311096191 50
    endloop
  endfacet
  facet normal 0.5555704069632774 0.831469496077071 0
    outer loop
      vertex 9 10.830127716064453 50
      vertex 9.543807029724121 10.466767311096191 40
      vertex 9 10.830127716064453 40
    endloop
  endfacet
  facet normal 0.321439945894308 0.9469299663562581 0
    outer loop
      vertex 8.413416862487793 11.11939811706543 40
      vertex 7.794095039367676 11.329629898071289 50
      vertex 8.413416862487793 11.11939811706543 50
    endloop
  endfacet
  facet normal 0.321439945894308 0.9469299663562581 0
    outer loop
      vertex 7.794095039367676 11.329629898071289 50
      vertex 8.413416862487793 11.11939811706543 40
      vertex 7.794095039367676 11.329629898071289 40
    endloop
  endfacet
  facet normal -0.6593454318188358 0.7518401436074248 0
    outer loop
      vertex 3.4561920166015625 10.466767311096191 40
      vertex 2.9644651412963867 10.035534858703613 50
      vertex 3.4561920166015625 10.466767311096191 50
    endloop
  endfacet
  facet normal -0.6593454318188358 0.7518401436074248 0
    outer loop
      vertex 2.9644651412963867 10.035534858703613 50
      vertex 3.4561920166015625 10.466767311096191 40
      vertex 2.9644651412963867 10.035534858703613 40
    endloop
  endfacet
  facet normal -0.5555697333872737 0.8314699461459768 0
    outer loop
      vertex 4 10.830127716064453 40
      vertex 3.4561920166015625 10.466767311096191 50
      vertex 4 10.830127716064453 50
    endloop
  endfacet
  facet normal -0.5555697333872737 0.8314699461459768 0
    outer loop
      vertex 3.4561920166015625 10.466767311096191 50
      vertex 4 10.830127716064453 40
      vertex 3.4561920166015625 10.466767311096191 40
    endloop
  endfacet
  facet normal -0.8314704616074439 0.5555689619428935 0
    outer loop
      vertex 2.3999996185302734 9.344409942626953 40
      vertex 2.5332326889038086 9.543807983398438 50
      vertex 2.5332326889038086 9.543807983398438 40
    endloop
  endfacet
  facet normal -0.8314704616074439 0.5555689619428935 0
    outer loop
      vertex 2.5332326889038086 9.543807983398438 50
      vertex 2.3999996185302734 9.344409942626953 40
      vertex 2.3999996185302734 9.344409942626953 50
    endloop
  endfacet
  facet normal -0.06540222892729566 0.9978589822471619 0
    outer loop
      vertex 6.5 11.5 40
      vertex 5.847368240356445 11.45722484588623 50
      vertex 6.5 11.5 50
    endloop
  endfacet
  facet normal -0.06540222892729566 0.9978589822471619 0
    outer loop
      vertex 5.847368240356445 11.45722484588623 50
      vertex 6.5 11.5 40
      vertex 5.847368240356445 11.45722484588623 40
    endloop
  endfacet
  facet normal 0.06540232408926133 0.9978589760099987 0
    outer loop
      vertex 7.152630805969238 11.45722484588623 40
      vertex 6.5 11.5 50
      vertex 7.152630805969238 11.45722484588623 50
    endloop
  endfacet
  facet normal 0.06540232408926133 0.9978589760099987 0
    outer loop
      vertex 6.5 11.5 50
      vertex 7.152630805969238 11.45722484588623 40
      vertex 6.5 11.5 40
    endloop
  endfacet
  facet normal 0 0 -1
    outer loop
      vertex 109.46676635742188 3.456192970275879 40
      vertex 109.5999984741211 4.000000953674316 40
      vertex 109.58631134033203 3.791158676147461 40
    endloop
  endfacet
  facet normal 0 0 -1
    outer loop
      vertex 109.46676635742188 3.456192970275879 40
      vertex 109.58631134033203 3.791158676147461 40
      vertex 109.54547882080078 3.585890769958496 40
    endloop
  endfacet
  facet normal 0 0 -1
    outer loop
      vertex 109.46676635742188 3.456192970275879 40
      vertex 109.54547882080078 3.585890769958496 40
      vertex 109.53727722167969 3.561715602874756 40
    endloop
  endfacet
  facet normal 0 0 -1
    outer loop
      vertex 109.5999984741211 4.000000953674316 40
      vertex 109.46676635742188 3.456192970275879 40
      vertex 109.03553771972656 2.964466094970703 40
    endloop
  endfacet
  facet normal 0 0 -1
    outer loop
      vertex 109.5999984741211 4.000000953674316 40
      vertex 106.75 6.5 40
      vertex 109.5999984741211 9.344409942626953 40
    endloop
  endfacet
  facet normal 0 0 -1
    outer loop
      vertex 109.5999984741211 4.000000953674316 40
      vertex 109.03553771972656 2.964466094970703 40
      vertex 106.38388061523438 5.616116523742676 40
    endloop
  endfacet
  facet normal 0 0 -1
    outer loop
      vertex 106.73930358886719 6.663158416748047 40
      vertex 109.5999984741211 9.344409942626953 40
      vertex 106.75 6.5 40
    endloop
  endfacet
  facet normal 0 0 -1
    outer loop
      vertex 108 2.40000057220459 40
      vertex 109.03553771972656 2.964466094970703 40
      vertex 108.54380798339844 2.533233642578125 40
    endloop
  endfacet
  facet normal 0 0 -1
    outer loop
      vertex 106.70740509033203 6.823524475097656 40
      vertex 109.5999984741211 9.344409942626953 40
      vertex 106.73930358886719 6.663158416748047 40
    endloop
  endfacet
  facet normal 0 0 -1
    outer loop
      vertex 108.41410827636719 2.454519271850586 40
      vertex 108.54380798339844 2.533233642578125 40
      vertex 108.43828582763672 2.4627256393432617 40
    endloop
  endfacet
  facet normal 0 0 -1
    outer loop
      vertex 108.54380798339844 2.533233642578125 40
      vertex 108.41410827636719 2.454519271850586 40
      vertex 108.2088394165039 2.4136886596679688 40
    endloop
  endfacet
  facet normal 0 0 -1
    outer loop
      vertex 108.54380798339844 2.533233642578125 40
      vertex 108.2088394165039 2.4136886596679688 40
      vertex 108 2.40000057220459 40
    endloop
  endfacet
  facet normal 0 0 -1
    outer loop
      vertex 109.03553771972656 2.964466094970703 40
      vertex 108 2.40000057220459 40
      vertex 106.38388061523438 5.616116523742676 40
    endloop
  endfacet
  facet normal 0 0 -1
    outer loop
      vertex 106.65484619140625 6.978354454040527 40
      vertex 109.5999984741211 9.344409942626953 40
      vertex 106.70740509033203 6.823524475097656 40
    endloop
  endfacet
  facet normal 0 0 -1
    outer loop
      vertex 106.58253479003906 7.125 40
      vertex 109.5999984741211 9.344409942626953 40
      vertex 106.65484619140625 6.978354454040527 40
    endloop
  endfacet
  facet normal 0 0 -1
    outer loop
      vertex 109.5999984741211 9.344409942626953 40
      vertex 106.49169158935547 7.260951995849609 40
      vertex 109.46676635742188 9.543807983398438 40
    endloop
  endfacet
  facet normal 0 0 -1
    outer loop
      vertex 106.49169158935547 7.260951995849609 40
      vertex 109.5999984741211 9.344409942626953 40
      vertex 106.58253479003906 7.125 40
    endloop
  endfacet
  facet normal 0 0 -1
    outer loop
      vertex 109.5999984741211 4.000000953674316 40
      vertex 106.73930358886719 6.3368425369262695 40
      vertex 106.75 6.5 40
    endloop
  endfacet
  facet normal 0 0 -1
    outer loop
      vertex 109.5999984741211 4.000000953674316 40
      vertex 106.70740509033203 6.17647647857666 40
      vertex 106.73930358886719 6.3368425369262695 40
    endloop
  endfacet
  facet normal 0 0 -1
    outer loop
      vertex 109.5999984741211 4.000000953674316 40
      vertex 106.65484619140625 6.021646499633789 40
      vertex 106.70740509033203 6.17647647857666 40
    endloop
  endfacet
  facet normal 0 0 -1
    outer loop
      vertex 109.5999984741211 4.000000953674316 40
      vertex 106.58253479003906 5.875 40
      vertex 106.65484619140625 6.021646499633789 40
    endloop
  endfacet
  facet normal 0 0 -1
    outer loop
      vertex 109.5999984741211 4.000000953674316 40
      vertex 106.49169158935547 5.739048957824707 40
      vertex 106.58253479003906 5.875 40
    endloop
  endfacet
  facet normal 0 0 -1
    outer loop
      vertex 109.5999984741211 4.000000953674316 40
      vertex 106.38388061523438 5.616116523742676 40
      vertex 106.49169158935547 5.739048957824707 40
    endloop
  endfacet
  facet normal 0 0 -1
    outer loop
      vertex 108 2.40000057220459 40
      vertex 106.26094818115234 5.508308410644531 40
      vertex 106.38388061523438 5.616116523742676 40
    endloop
  endfacet
  facet normal 0 0 -1
    outer loop
      vertex 108 2.40000057220459 40
      vertex 106.125 5.417469024658203 40
      vertex 106.26094818115234 5.508308410644531 40
    endloop
  endfacet
  facet normal 0 0 -1
    outer loop
      vertex 108 2.40000057220459 40
      vertex 105.97835540771484 5.345150947570801 40
      vertex 106.125 5.417469024658203 40
    endloop
  endfacet
  facet normal 0 0 -1
    outer loop
      vertex 108 2.40000057220459 40
      vertex 105.82352447509766 5.292593002319336 40
      vertex 105.97835540771484 5.345150947570801 40
    endloop
  endfacet
  facet normal 0 0 -1
    outer loop
      vertex 108 2.40000057220459 40
      vertex 105.66315460205078 5.26069450378418 40
      vertex 105.82352447509766 5.292593002319336 40
    endloop
  endfacet
  facet normal 0 0 -1
    outer loop
      vertex 108 2.40000057220459 40
      vertex 105.5 5.25 40
      vertex 105.66315460205078 5.26069450378418 40
    endloop
  endfacet
  facet normal 0 0 -1
    outer loop
      vertex 102.65558624267578 2.40000057220459 40
      vertex 105.5 5.25 40
      vertex 108 2.40000057220459 40
    endloop
  endfacet
  facet normal 0 0 -1
    outer loop
      vertex 105.5 5.25 40
      vertex 102.65558624267578 2.40000057220459 40
      vertex 105.33683776855469 5.26069450378418 40
    endloop
  endfacet
  facet normal 0 0 -1
    outer loop
      vertex 105.33683776855469 5.26069450378418 40
      vertex 102.65558624267578 2.40000057220459 40
      vertex 105.17647552490234 5.292593002319336 40
    endloop
  endfacet
  facet normal 0 0 -1
    outer loop
      vertex 105.17647552490234 5.292593002319336 40
      vertex 102.65558624267578 2.40000057220459 40
      vertex 105.02164459228516 5.345150947570801 40
    endloop
  endfacet
  facet normal 0 0 -1
    outer loop
      vertex 105.02164459228516 5.345150947570801 40
      vertex 102.65558624267578 2.40000057220459 40
      vertex 104.875 5.417469024658203 40
    endloop
  endfacet
  facet normal 0 0 -1
    outer loop
      vertex 104.875 5.417469024658203 40
      vertex 102.65558624267578 2.40000057220459 40
      vertex 104.73904418945312 5.508308410644531 40
    endloop
  endfacet
  facet normal 0 0 -1
    outer loop
      vertex 105.02164459228516 7.654850006103516 40
      vertex 103.58657836914062 11.11939811706543 40
      vertex 104.20590209960938 11.329629898071289 40
    endloop
  endfacet
  facet normal 0 0 -1
    outer loop
      vertex 100.5 6.5 40
      vertex 104.25 6.5 40
      vertex 104.26069641113281 6.3368425369262695 40
    endloop
  endfacet
  facet normal 0 0 -1
    outer loop
      vertex 104.26069641113281 6.663158416748047 40
      vertex 103 10.830127716064453 40
      vertex 103.58657836914062 11.11939811706543 40
    endloop
  endfacet
  facet normal 0 0 -1
    outer loop
      vertex 100.54277801513672 5.847369194030762 40
      vertex 104.26069641113281 6.3368425369262695 40
      vertex 104.29259490966797 6.17647647857666 40
    endloop
  endfacet
  facet normal 0 0 -1
    outer loop
      vertex 102.45619201660156 2.533233642578125 40
      vertex 104.73904418945312 5.508308410644531 40
      vertex 102.65558624267578 2.40000057220459 40
    endloop
  endfacet
  facet normal 0 0 -1
    outer loop
      vertex 104.73904418945312 5.508308410644531 40
      vertex 102.45619201660156 2.533233642578125 40
      vertex 104.61611938476562 5.616116523742676 40
    endloop
  endfacet
  facet normal 0 0 -1
    outer loop
      vertex 101.96446228027344 2.964466094970703 40
      vertex 104.61611938476562 5.616116523742676 40
      vertex 102.45619201660156 2.533233642578125 40
    endloop
  endfacet
  facet normal 0 0 -1
    outer loop
      vertex 104.61611938476562 5.616116523742676 40
      vertex 101.96446228027344 2.964466094970703 40
      vertex 104.50830841064453 5.739048957824707 40
    endloop
  endfacet
  facet normal 0 0 -1
    outer loop
      vertex 101.53323364257812 3.456192970275879 40
      vertex 104.50830841064453 5.739048957824707 40
      vertex 101.96446228027344 2.964466094970703 40
    endloop
  endfacet
  facet normal 0 0 -1
    outer loop
      vertex 104.50830841064453 5.739048957824707 40
      vertex 101.53323364257812 3.456192970275879 40
      vertex 104.41746520996094 5.875 40
    endloop
  endfacet
  facet normal 0 0 -1
    outer loop
      vertex 101.16987609863281 4 40
      vertex 104.41746520996094 5.875 40
      vertex 101.53323364257812 3.456192970275879 40
    endloop
  endfacet
  facet normal 0 0 -1
    outer loop
      vertex 104.26069641113281 6.663158416748047 40
      vertex 102.45619201660156 10.466767311096191 40
      vertex 103 10.830127716064453 40
    endloop
  endfacet
  facet normal 0 0 -1
    outer loop
      vertex 104.41746520996094 5.875 40
      vertex 101.16987609863281 4 40
      vertex 104.34515380859375 6.021646499633789 40
    endloop
  endfacet
  facet normal 0 0 -1
    outer loop
      vertex 104.26069641113281 6.663158416748047 40
      vertex 101.96446228027344 10.035534858703613 40
      vertex 102.45619201660156 10.466767311096191 40
    endloop
  endfacet
  facet normal 0 0 -1
    outer loop
      vertex 100.88059997558594 4.586583137512207 40
      vertex 104.34515380859375 6.021646499633789 40
      vertex 101.16987609863281 4 40
    endloop
  endfacet
  facet normal 0 0 -1
    outer loop
      vertex 104.26069641113281 6.663158416748047 40
      vertex 101.53323364257812 9.543807983398438 40
      vertex 101.96446228027344 10.035534858703613 40
    endloop
  endfacet
  facet normal 0 0 -1
    outer loop
      vertex 104.34515380859375 6.021646499633789 40
      vertex 100.88059997558594 4.586583137512207 40
      vertex 104.29259490966797 6.17647647857666 40
    endloop
  endfacet
  facet normal 0 0 -1
    outer loop
      vertex 104.26069641113281 6.663158416748047 40
      vertex 101.16987609863281 9 40
      vertex 101.53323364257812 9.543807983398438 40
    endloop
  endfacet
  facet normal 0 0 -1
    outer loop
      vertex 100.67037200927734 5.205904960632324 40
      vertex 104.29259490966797 6.17647647857666 40
      vertex 100.88059997558594 4.586583137512207 40
    endloop
  endfacet
  facet normal 0 0 -1
    outer loop
      vertex 104.26069641113281 6.663158416748047 40
      vertex 100.88059997558594 8.41341781616211 40
      vertex 101.16987609863281 9 40
    endloop
  endfacet
  facet normal 0 0 -1
    outer loop
      vertex 100.54277801513672 5.847369194030762 40
      vertex 104.29259490966797 6.17647647857666 40
      vertex 100.67037200927734 5.205904960632324 40
    endloop
  endfacet
  facet normal 0 0 -1
    outer loop
      vertex 104.26069641113281 6.663158416748047 40
      vertex 100.67037200927734 7.794095993041992 40
      vertex 100.88059997558594 8.41341781616211 40
    endloop
  endfacet
  facet normal 0 0 -1
    outer loop
      vertex 104.26069641113281 6.3368425369262695 40
      vertex 100.54277801513672 5.847369194030762 40
      vertex 100.5 6.5 40
    endloop
  endfacet
  facet normal 0 0 -1
    outer loop
      vertex 104.26069641113281 6.663158416748047 40
      vertex 100.54277801513672 7.152631759643555 40
      vertex 100.67037200927734 7.794095993041992 40
    endloop
  endfacet
  facet normal 0 0 -1
    outer loop
      vertex 104.25 6.5 40
      vertex 100.5 6.5 40
      vertex 100.54277801513672 7.152631759643555 40
    endloop
  endfacet
  facet normal 0 0 -1
    outer loop
      vertex 109.46676635742188 9.543807983398438 40
      vertex 106.49169158935547 7.260951995849609 40
      vertex 109.03553771972656 10.035534858703613 40
    endloop
  endfacet
  facet normal 0 0 -1
    outer loop
      vertex 106.38388061523438 7.383884429931641 40
      vertex 109.03553771972656 10.035534858703613 40
      vertex 106.49169158935547 7.260951995849609 40
    endloop
  endfacet
  facet normal 0 0 -1
    outer loop
      vertex 109.03553771972656 10.035534858703613 40
      vertex 106.38388061523438 7.383884429931641 40
      vertex 108.54380798339844 10.466767311096191 40
    endloop
  endfacet
  facet normal 0 0 -1
    outer loop
      vertex 106.26094818115234 7.491692543029785 40
      vertex 108.54380798339844 10.466767311096191 40
      vertex 106.38388061523438 7.383884429931641 40
    endloop
  endfacet
  facet normal 0 0 -1
    outer loop
      vertex 108.54380798339844 10.466767311096191 40
      vertex 106.26094818115234 7.491692543029785 40
      vertex 108 10.830127716064453 40
    endloop
  endfacet
  facet normal 0 0 -1
    outer loop
      vertex 106.125 7.582531929016113 40
      vertex 108 10.830127716064453 40
      vertex 106.26094818115234 7.491692543029785 40
    endloop
  endfacet
  facet normal 0 0 -1
    outer loop
      vertex 108 10.830127716064453 40
      vertex 106.125 7.582531929016113 40
      vertex 107.41341400146484 11.11939811706543 40
    endloop
  endfacet
  facet normal 0 0 -1
    outer loop
      vertex 105.97835540771484 7.654850006103516 40
      vertex 107.41341400146484 11.11939811706543 40
      vertex 106.125 7.582531929016113 40
    endloop
  endfacet
  facet normal 0 0 -1
    outer loop
      vertex 107.41341400146484 11.11939811706543 40
      vertex 105.97835540771484 7.654850006103516 40
      vertex 106.79409790039062 11.329629898071289 40
    endloop
  endfacet
  facet normal 0 0 -1
    outer loop
      vertex 105.82352447509766 7.7074079513549805 40
      vertex 106.79409790039062 11.329629898071289 40
      vertex 105.97835540771484 7.654850006103516 40
    endloop
  endfacet
  facet normal 0 0 -1
    outer loop
      vertex 106.79409790039062 11.329629898071289 40
      vertex 105.82352447509766 7.7074079513549805 40
      vertex 106.15263366699219 11.45722484588623 40
    endloop
  endfacet
  facet normal 0 0 -1
    outer loop
      vertex 105.66315460205078 7.739306449890137 40
      vertex 106.15263366699219 11.45722484588623 40
      vertex 105.82352447509766 7.7074079513549805 40
    endloop
  endfacet
  facet normal 0 0 -1
    outer loop
      vertex 105.5 7.75 40
      vertex 106.15263366699219 11.45722484588623 40
      vertex 105.66315460205078 7.739306449890137 40
    endloop
  endfacet
  facet normal 0 0 -1
    outer loop
      vertex 105.5 7.75 40
      vertex 105.5 11.5 40
      vertex 106.15263366699219 11.45722484588623 40
    endloop
  endfacet
  facet normal 0 0 -1
    outer loop
      vertex 105.33683776855469 7.739306449890137 40
      vertex 105.5 11.5 40
      vertex 105.5 7.75 40
    endloop
  endfacet
  facet normal 0 0 -1
    outer loop
      vertex 104.84736633300781 11.45722484588623 40
      vertex 105.33683776855469 7.739306449890137 40
      vertex 105.17647552490234 7.7074079513549805 40
    endloop
  endfacet
  facet normal 0 0 -1
    outer loop
      vertex 104.20590209960938 11.329629898071289 40
      vertex 105.17647552490234 7.7074079513549805 40
      vertex 105.02164459228516 7.654850006103516 40
    endloop
  endfacet
  facet normal 0 0 -1
    outer loop
      vertex 103.58657836914062 11.11939811706543 40
      vertex 105.02164459228516 7.654850006103516 40
      vertex 104.875 7.582531929016113 40
    endloop
  endfacet
  facet normal 0 0 -1
    outer loop
      vertex 105.33683776855469 7.739306449890137 40
      vertex 104.84736633300781 11.45722484588623 40
      vertex 105.5 11.5 40
    endloop
  endfacet
  facet normal 0 0 -1
    outer loop
      vertex 103.58657836914062 11.11939811706543 40
      vertex 104.875 7.582531929016113 40
      vertex 104.73904418945312 7.491692543029785 40
    endloop
  endfacet
  facet normal 0 0 -1
    outer loop
      vertex 103.58657836914062 11.11939811706543 40
      vertex 104.73904418945312 7.491692543029785 40
      vertex 104.61611938476562 7.383884429931641 40
    endloop
  endfacet
  facet normal 0 0 -1
    outer loop
      vertex 103.58657836914062 11.11939811706543 40
      vertex 104.61611938476562 7.383884429931641 40
      vertex 104.50830841064453 7.260951995849609 40
    endloop
  endfacet
  facet normal 0 0 -1
    outer loop
      vertex 103.58657836914062 11.11939811706543 40
      vertex 104.50830841064453 7.260951995849609 40
      vertex 104.41746520996094 7.125 40
    endloop
  endfacet
  facet normal 0 0 -1
    outer loop
      vertex 103.58657836914062 11.11939811706543 40
      vertex 104.41746520996094 7.125 40
      vertex 104.34515380859375 6.978354454040527 40
    endloop
  endfacet
  facet normal 0 0 -1
    outer loop
      vertex 103.58657836914062 11.11939811706543 40
      vertex 104.34515380859375 6.978354454040527 40
      vertex 104.29259490966797 6.823524475097656 40
    endloop
  endfacet
  facet normal 0 0 -1
    outer loop
      vertex 103.58657836914062 11.11939811706543 40
      vertex 104.29259490966797 6.823524475097656 40
      vertex 104.26069641113281 6.663158416748047 40
    endloop
  endfacet
  facet normal 0 0 -1
    outer loop
      vertex 105.17647552490234 7.7074079513549805 40
      vertex 104.20590209960938 11.329629898071289 40
      vertex 104.84736633300781 11.45722484588623 40
    endloop
  endfacet
  facet normal 0 0 -1
    outer loop
      vertex 100.54277801513672 7.152631759643555 40
      vertex 104.26069641113281 6.663158416748047 40
      vertex 104.25 6.5 40
    endloop
  endfacet
  facet normal 0.5555721555809956 -0.8314683276848769 0
    outer loop
      vertex 108.43828582763672 2.4627256393432617 40
      vertex 108.54380798339844 2.533233642578125 50
      vertex 108.43828582763672 2.4627256393432617 50
    endloop
  endfacet
  facet normal 0.5555721555809956 -0.8314683276848769 0
    outer loop
      vertex 108.54380798339844 2.533233642578125 50
      vertex 108.43828582763672 2.4627256393432617 40
      vertex 108.54380798339844 2.533233642578125 40
    endloop
  endfacet
  facet normal -0.831471516806396 -0.5555673827175882 0
    outer loop
      vertex 101.53323364257812 3.456192970275879 40
      vertex 101.16987609863281 4 50
      vertex 101.16987609863281 4 40
    endloop
  endfacet
  facet normal -0.831471516806396 -0.5555673827175882 0
    outer loop
      vertex 101.16987609863281 4 50
      vertex 101.53323364257812 3.456192970275879 40
      vertex 101.53323364257812 3.456192970275879 50
    endloop
  endfacet
  facet normal 0.19508999632574356 0.9807853451870198 0
    outer loop
      vertex 106.79409790039062 11.329629898071289 40
      vertex 106.15263366699219 11.45722484588623 50
      vertex 106.79409790039062 11.329629898071289 50
    endloop
  endfacet
  facet normal 0.19508999632574356 0.9807853451870198 0
    outer loop
      vertex 106.15263366699219 11.45722484588623 50
      vertex 106.79409790039062 11.329629898071289 40
      vertex 106.15263366699219 11.45722484588623 40
    endloop
  endfacet
  facet normal 0.6593432633132761 -0.7518420453282724 0
    outer loop
      vertex 108.54380798339844 2.533233642578125 40
      vertex 109.03553771972656 2.964466094970703 50
      vertex 108.54380798339844 2.533233642578125 50
    endloop
  endfacet
  facet normal 0.6593432633132761 -0.7518420453282724 0
    outer loop
      vertex 109.03553771972656 2.964466094970703 50
      vertex 108.54380798339844 2.533233642578125 40
      vertex 109.03553771972656 2.964466094970703 40
    endloop
  endfacet
  facet normal 0.6593432633132761 0.7518420453282724 0
    outer loop
      vertex 109.03553771972656 10.035534858703613 40
      vertex 108.54380798339844 10.466767311096191 50
      vertex 109.03553771972656 10.035534858703613 50
    endloop
  endfacet
  facet normal 0.6593432633132761 0.7518420453282724 0
    outer loop
      vertex 108.54380798339844 10.466767311096191 50
      vertex 109.03553771972656 10.035534858703613 40
      vertex 108.54380798339844 10.466767311096191 40
    endloop
  endfacet
  facet normal -0.9807856241901908 0.1950885936744065 0
    outer loop
      vertex 100.54277801513672 7.152631759643555 40
      vertex 100.67037200927734 7.794095993041992 50
      vertex 100.67037200927734 7.794095993041992 40
    endloop
  endfacet
  facet normal -0.9807856241901908 0.1950885936744065 0
    outer loop
      vertex 100.67037200927734 7.794095993041992 50
      vertex 100.54277801513672 7.152631759643555 40
      vertex 100.54277801513672 7.152631759643555 50
    endloop
  endfacet
  facet normal -0.9807856241901908 -0.1950885936744065 0
    outer loop
      vertex 100.67037200927734 5.205904960632324 40
      vertex 100.54277801513672 5.847369194030762 50
      vertex 100.54277801513672 5.847369194030762 40
    endloop
  endfacet
  facet normal -0.9807856241901908 -0.1950885936744065 0
    outer loop
      vertex 100.54277801513672 5.847369194030762 50
      vertex 100.67037200927734 5.205904960632324 40
      vertex 100.67037200927734 5.205904960632324 50
    endloop
  endfacet
  facet normal -0.4422911023373169 0.8968715520035413 0
    outer loop
      vertex 103.58657836914062 11.11939811706543 40
      vertex 103 10.830127716064453 50
      vertex 103.58657836914062 11.11939811706543 50
    endloop
  endfacet
  facet normal -0.4422911023373169 0.8968715520035413 0
    outer loop
      vertex 103 10.830127716064453 50
      vertex 103.58657836914062 11.11939811706543 40
      vertex 103 10.830127716064453 40
    endloop
  endfacet
  facet normal -0.9978586967522545 0.0654065846524053 0
    outer loop
      vertex 100.5 6.5 40
      vertex 100.54277801513672 7.152631759643555 50
      vertex 100.54277801513672 7.152631759643555 40
    endloop
  endfacet
  facet normal -0.9978586967522545 0.0654065846524053 0
    outer loop
      vertex 100.54277801513672 7.152631759643555 50
      vertex 100.5 6.5 40
      vertex 100.5 6.5 50
    endloop
  endfacet
  facet normal -0.6593432633132761 -0.7518420453282724 0
    outer loop
      vertex 101.96446228027344 2.964466094970703 40
      vertex 102.45619201660156 2.533233642578125 50
      vertex 101.96446228027344 2.964466094970703 50
    endloop
  endfacet
  facet normal -0.6593432633132761 -0.7518420453282724 0
    outer loop
      vertex 102.45619201660156 2.533233642578125 50
      vertex 101.96446228027344 2.964466094970703 40
      vertex 102.45619201660156 2.533233642578125 40
    endloop
  endfacet
  facet normal -0.19508999632574356 0.9807853451870198 0
    outer loop
      vertex 104.84736633300781 11.45722484588623 40
      vertex 104.20590209960938 11.329629898071289 50
      vertex 104.84736633300781 11.45722484588623 50
    endloop
  endfacet
  facet normal -0.19508999632574356 0.9807853451870198 0
    outer loop
      vertex 104.20590209960938 11.329629898071289 50
      vertex 104.84736633300781 11.45722484588623 40
      vertex 104.20590209960938 11.329629898071289 40
    endloop
  endfacet
  facet normal -0.5555763100466276 -0.831465551730782 0
    outer loop
      vertex 102.45619201660156 2.533233642578125 40
      vertex 102.65558624267578 2.40000057220459 50
      vertex 102.45619201660156 2.533233642578125 50
    endloop
  endfacet
  facet normal -0.5555763100466276 -0.831465551730782 0
    outer loop
      vertex 102.65558624267578 2.40000057220459 50
      vertex 102.45619201660156 2.533233642578125 40
      vertex 102.65558624267578 2.40000057220459 40
    endloop
  endfacet
  facet normal 0.7518430349579137 0.6593421348475108 0
    outer loop
      vertex 109.46676635742188 9.543807983398438 50
      vertex 109.03553771972656 10.035534858703613 40
      vertex 109.03553771972656 10.035534858703613 50
    endloop
  endfacet
  facet normal 0.7518430349579137 0.6593421348475108 0
    outer loop
      vertex 109.03553771972656 10.035534858703613 40
      vertex 109.46676635742188 9.543807983398438 50
      vertex 109.46676635742188 9.543807983398438 40
    endloop
  endfacet
  facet normal 0.8314590736258838 -0.5555860049399978 0
    outer loop
      vertex 109.46676635742188 3.456192970275879 50
      vertex 109.53727722167969 3.561715602874756 40
      vertex 109.53727722167969 3.561715602874756 50
    endloop
  endfacet
  facet normal 0.8314590736258838 -0.5555860049399978 0
    outer loop
      vertex 109.53727722167969 3.561715602874756 40
      vertex 109.46676635742188 3.456192970275879 50
      vertex 109.46676635742188 3.456192970275879 40
    endloop
  endfacet
  facet normal 0.4422864750257868 0.8968738339416888 0
    outer loop
      vertex 108 10.830127716064453 40
      vertex 107.41341400146484 11.11939811706543 50
      vertex 108 10.830127716064453 50
    endloop
  endfacet
  facet normal 0.4422864750257868 0.8968738339416888 0
    outer loop
      vertex 107.41341400146484 11.11939811706543 50
      vertex 108 10.830127716064453 40
      vertex 107.41341400146484 11.11939811706543 40
    endloop
  endfacet
  facet normal -0.8968692224837396 0.4422958260727906 0
    outer loop
      vertex 100.88059997558594 8.41341781616211 40
      vertex 101.16987609863281 9 50
      vertex 101.16987609863281 9 40
    endloop
  endfacet
  facet normal -0.8968692224837396 0.4422958260727906 0
    outer loop
      vertex 101.16987609863281 9 50
      vertex 100.88059997558594 8.41341781616211 40
      vertex 100.88059997558594 8.41341781616211 50
    endloop
  endfacet
  facet normal -0.896869507733422 -0.442295247654787 0
    outer loop
      vertex 101.16987609863281 4 40
      vertex 100.88059997558594 4.586583137512207 50
      vertex 100.88059997558594 4.586583137512207 40
    endloop
  endfacet
  facet normal -0.896869507733422 -0.442295247654787 0
    outer loop
      vertex 100.88059997558594 4.586583137512207 50
      vertex 101.16987609863281 4 40
      vertex 101.16987609863281 4 50
    endloop
  endfacet
  facet normal 0.8314722986140177 0.555566212649331 0
    outer loop
      vertex 109.5999984741211 9.344409942626953 50
      vertex 109.46676635742188 9.543807983398438 40
      vertex 109.46676635742188 9.543807983398438 50
    endloop
  endfacet
  facet normal 0.8314722986140177 0.555566212649331 0
    outer loop
      vertex 109.46676635742188 9.543807983398438 40
      vertex 109.5999984741211 9.344409942626953 50
      vertex 109.5999984741211 9.344409942626953 40
    endloop
  endfacet
  facet normal -0.7518430349579137 -0.6593421348475108 0
    outer loop
      vertex 101.96446228027344 2.964466094970703 40
      vertex 101.53323364257812 3.456192970275879 50
      vertex 101.53323364257812 3.456192970275879 40
    endloop
  endfacet
  facet normal -0.7518430349579137 -0.6593421348475108 0
    outer loop
      vertex 101.53323364257812 3.456192970275879 50
      vertex 101.96446228027344 2.964466094970703 40
      vertex 101.96446228027344 2.964466094970703 50
    endloop
  endfacet
  facet normal 0.7518430349579137 -0.6593421348475108 0
    outer loop
      vertex 109.03553771972656 2.964466094970703 50
      vertex 109.46676635742188 3.456192970275879 40
      vertex 109.46676635742188 3.456192970275879 50
    endloop
  endfacet
  facet normal 0.7518430349579137 -0.6593421348475108 0
    outer loop
      vertex 109.46676635742188 3.456192970275879 40
      vertex 109.03553771972656 2.964466094970703 50
      vertex 109.03553771972656 2.964466094970703 40
    endloop
  endfacet
  facet normal -0.3214390582312715 0.9469302676772948 0
    outer loop
      vertex 104.20590209960938 11.329629898071289 40
      vertex 103.58657836914062 11.11939811706543 50
      vertex 104.20590209960938 11.329629898071289 50
    endloop
  endfacet
  facet normal -0.3214390582312715 0.9469302676772948 0
    outer loop
      vertex 103.58657836914062 11.11939811706543 50
      vertex 104.20590209960938 11.329629898071289 40
      vertex 103.58657836914062 11.11939811706543 40
    endloop
  endfacet
  facet normal -0.7518430349579137 0.6593421348475108 0
    outer loop
      vertex 101.53323364257812 9.543807983398438 40
      vertex 101.96446228027344 10.035534858703613 50
      vertex 101.96446228027344 10.035534858703613 40
    endloop
  endfacet
  facet normal -0.7518430349579137 0.6593421348475108 0
    outer loop
      vertex 101.96446228027344 10.035534858703613 50
      vertex 101.53323364257812 9.543807983398438 40
      vertex 101.53323364257812 9.543807983398438 50
    endloop
  endfacet
  facet normal -0.946931741675837 -0.32143471593274703 0
    outer loop
      vertex 100.88059997558594 4.586583137512207 40
      vertex 100.67037200927734 5.205904960632324 50
      vertex 100.67037200927734 5.205904960632324 40
    endloop
  endfacet
  facet normal -0.946931741675837 -0.32143471593274703 0
    outer loop
      vertex 100.67037200927734 5.205904960632324 50
      vertex 100.88059997558594 4.586583137512207 40
      vertex 100.88059997558594 4.586583137512207 50
    endloop
  endfacet
  facet normal 0.5555697333872737 0.8314699461459768 0
    outer loop
      vertex 108.54380798339844 10.466767311096191 40
      vertex 108 10.830127716064453 50
      vertex 108.54380798339844 10.466767311096191 50
    endloop
  endfacet
  facet normal 0.5555697333872737 0.8314699461459768 0
    outer loop
      vertex 108 10.830127716064453 50
      vertex 108.54380798339844 10.466767311096191 40
      vertex 108 10.830127716064453 40
    endloop
  endfacet
  facet normal -0.9978586905142623 -0.0654066798206542 0
    outer loop
      vertex 100.54277801513672 5.847369194030762 40
      vertex 100.5 6.5 50
      vertex 100.5 6.5 40
    endloop
  endfacet
  facet normal -0.9978586905142623 -0.0654066798206542 0
    outer loop
      vertex 100.5 6.5 50
      vertex 100.54277801513672 5.847369194030762 40
      vertex 100.54277801513672 5.847369194030762 50
    endloop
  endfacet
  facet normal 0.32144260891113857 0.9469290623781704 0
    outer loop
      vertex 107.41341400146484 11.11939811706543 40
      vertex 106.79409790039062 11.329629898071289 50
      vertex 107.41341400146484 11.11939811706543 50
    endloop
  endfacet
  facet normal 0.32144260891113857 0.9469290623781704 0
    outer loop
      vertex 106.79409790039062 11.329629898071289 50
      vertex 107.41341400146484 11.11939811706543 40
      vertex 106.79409790039062 11.329629898071289 40
    endloop
  endfacet
  facet normal -0.6593432633132761 0.7518420453282724 0
    outer loop
      vertex 102.45619201660156 10.466767311096191 40
      vertex 101.96446228027344 10.035534858703613 50
      vertex 102.45619201660156 10.466767311096191 50
    endloop
  endfacet
  facet normal -0.6593432633132761 0.7518420453282724 0
    outer loop
      vertex 101.96446228027344 10.035534858703613 50
      vertex 102.45619201660156 10.466767311096191 40
      vertex 101.96446228027344 10.035534858703613 40
    endloop
  endfacet
  facet normal -0.5555697333872737 0.8314699461459768 0
    outer loop
      vertex 103 10.830127716064453 40
      vertex 102.45619201660156 10.466767311096191 50
      vertex 103 10.830127716064453 50
    endloop
  endfacet
  facet normal -0.5555697333872737 0.8314699461459768 0
    outer loop
      vertex 102.45619201660156 10.466767311096191 50
      vertex 103 10.830127716064453 40
      vertex 102.45619201660156 10.466767311096191 40
    endloop
  endfacet
  facet normal -0.8314719668714957 0.5555667091419773 0
    outer loop
      vertex 101.16987609863281 9 40
      vertex 101.53323364257812 9.543807983398438 50
      vertex 101.53323364257812 9.543807983398438 40
    endloop
  endfacet
  facet normal -0.8314719668714957 0.5555667091419773 0
    outer loop
      vertex 101.53323364257812 9.543807983398438 50
      vertex 101.16987609863281 9 40
      vertex 101.16987609863281 9 50
    endloop
  endfacet
  facet normal -0.06540203860419332 0.9978589947214064 0
    outer loop
      vertex 105.5 11.5 40
      vertex 104.84736633300781 11.45722484588623 50
      vertex 105.5 11.5 50
    endloop
  endfacet
  facet normal -0.06540203860419332 0.9978589947214064 0
    outer loop
      vertex 104.84736633300781 11.45722484588623 50
      vertex 105.5 11.5 40
      vertex 104.84736633300781 11.45722484588623 40
    endloop
  endfacet
  facet normal -0.946931741675837 0.32143471593274703 0
    outer loop
      vertex 100.67037200927734 7.794095993041992 40
      vertex 100.88059997558594 8.41341781616211 50
      vertex 100.88059997558594 8.41341781616211 40
    endloop
  endfacet
  facet normal -0.946931741675837 0.32143471593274703 0
    outer loop
      vertex 100.88059997558594 8.41341781616211 50
      vertex 100.67037200927734 7.794095993041992 40
      vertex 100.67037200927734 7.794095993041992 50
    endloop
  endfacet
  facet normal 0.06540203860419332 0.9978589947214064 0
    outer loop
      vertex 106.15263366699219 11.45722484588623 40
      vertex 105.5 11.5 50
      vertex 106.15263366699219 11.45722484588623 50
    endloop
  endfacet
  facet normal 0.06540203860419332 0.9978589947214064 0
    outer loop
      vertex 105.5 11.5 50
      vertex 106.15263366699219 11.45722484588623 40
      vertex 105.5 11.5 40
    endloop
  endfacet
  facet normal 1 0 0
    outer loop
      vertex 13.5 51.5 8.200000762939453
      vertex 13.5 55 3.200000762939453
      vertex 13.5 55 8.200000762939453
    endloop
  endfacet
  facet normal 1 0 0
    outer loop
      vertex 13.5 55 3.200000762939453
      vertex 13.5 51.5 8.200000762939453
      vertex 13.5 51.5 3.200000762939453
    endloop
  endfacet
  facet normal 0 0 1
    outer loop
      vertex 10 55 8.200000762939453
      vertex 13.5 51.5 8.200000762939453
      vertex 13.5 55 8.200000762939453
    endloop
  endfacet
  facet normal 0 0 1
    outer loop
      vertex 13.5 51.5 8.200000762939453
      vertex 10 55 8.200000762939453
      vertex 10 51.5 8.200000762939453
    endloop
  endfacet
  facet normal -1 0 0
    outer loop
      vertex 10 51.5 3.200000762939453
      vertex 10 55 8.200000762939453
      vertex 10 55 3.200000762939453
    endloop
  endfacet
  facet normal -1 0 0
    outer loop
      vertex 10 55 8.200000762939453
      vertex 10 51.5 3.200000762939453
      vertex 10 51.5 8.200000762939453
    endloop
  endfacet
  facet normal 0 -1 0
    outer loop
      vertex 10 51.5 3.200000762939453
      vertex 13.5 51.5 8.200000762939453
      vertex 10 51.5 8.200000762939453
    endloop
  endfacet
  facet normal 0 -1 0
    outer loop
      vertex 13.5 51.5 8.200000762939453
      vertex 10 51.5 3.200000762939453
      vertex 13.5 51.5 3.200000762939453
    endloop
  endfacet
  facet normal 0 1 0
    outer loop
      vertex 13.5 55 3.200000762939453
      vertex 10 55 8.200000762939453
      vertex 13.5 55 8.200000762939453
    endloop
  endfacet
  facet normal 0 1 0
    outer loop
      vertex 10 55 8.200000762939453
      vertex 13.5 55 3.200000762939453
      vertex 10 55 3.200000762939453
    endloop
  endfacet
  facet normal 1 0 0
    outer loop
      vertex 13.5 19 8.200000762939453
      vertex 13.5 22.5 3.200000762939453
      vertex 13.5 22.5 8.200000762939453
    endloop
  endfacet
  facet normal 1 0 0
    outer loop
      vertex 13.5 22.5 3.200000762939453
      vertex 13.5 19 8.200000762939453
      vertex 13.5 19 3.200000762939453
    endloop
  endfacet
  facet normal 0 0 1
    outer loop
      vertex 10 22.5 8.200000762939453
      vertex 13.5 19 8.200000762939453
      vertex 13.5 22.5 8.200000762939453
    endloop
  endfacet
  facet normal 0 0 1
    outer loop
      vertex 13.5 19 8.200000762939453
      vertex 10 22.5 8.200000762939453
      vertex 10 19 8.200000762939453
    endloop
  endfacet
  facet normal -1 0 0
    outer loop
      vertex 10 19 3.200000762939453
      vertex 10 22.5 8.200000762939453
      vertex 10 22.5 3.200000762939453
    endloop
  endfacet
  facet normal -1 0 0
    outer loop
      vertex 10 22.5 8.200000762939453
      vertex 10 19 3.200000762939453
      vertex 10 19 8.200000762939453
    endloop
  endfacet
  facet normal 0 -1 0
    outer loop
      vertex 10 19 3.200000762939453
      vertex 13.5 19 8.200000762939453
      vertex 10 19 8.200000762939453
    endloop
  endfacet
  facet normal 0 -1 0
    outer loop
      vertex 13.5 19 8.200000762939453
      vertex 10 19 3.200000762939453
      vertex 13.5 19 3.200000762939453
    endloop
  endfacet
  facet normal 0 1 0
    outer loop
      vertex 13.5 22.5 3.200000762939453
      vertex 10 22.5 8.200000762939453
      vertex 13.5 22.5 8.200000762939453
    endloop
  endfacet
  facet normal 0 1 0
    outer loop
      vertex 10 22.5 8.200000762939453
      vertex 13.5 22.5 3.200000762939453
      vertex 10 22.5 3.200000762939453
    endloop
  endfacet
  facet normal 1 0 0
    outer loop
      vertex 64 51.5 8.200000762939453
      vertex 64 55 3.200000762939453
      vertex 64 55 8.200000762939453
    endloop
  endfacet
  facet normal 1 0 0
    outer loop
      vertex 64 55 3.200000762939453
      vertex 64 51.5 8.200000762939453
      vertex 64 51.5 3.200000762939453
    endloop
  endfacet
  facet normal 0 0 1
    outer loop
      vertex 60.5 55 8.200000762939453
      vertex 64 51.5 8.200000762939453
      vertex 64 55 8.200000762939453
    endloop
  endfacet
  facet normal 0 0 1
    outer loop
      vertex 64 51.5 8.200000762939453
      vertex 60.5 55 8.200000762939453
      vertex 60.5 51.5 8.200000762939453
    endloop
  endfacet
  facet normal -1 0 0
    outer loop
      vertex 60.5 51.5 3.200000762939453
      vertex 60.5 55 8.200000762939453
      vertex 60.5 55 3.200000762939453
    endloop
  endfacet
  facet normal -1 0 0
    outer loop
      vertex 60.5 55 8.200000762939453
      vertex 60.5 51.5 3.200000762939453
      vertex 60.5 51.5 8.200000762939453
    endloop
  endfacet
  facet normal 0 -1 0
    outer loop
      vertex 60.5 51.5 3.200000762939453
      vertex 64 51.5 8.200000762939453
      vertex 60.5 51.5 8.200000762939453
    endloop
  endfacet
  facet normal 0 -1 0
    outer loop
      vertex 64 51.5 8.200000762939453
      vertex 60.5 51.5 3.200000762939453
      vertex 64 51.5 3.200000762939453
    endloop
  endfacet
  facet normal 0 1 0
    outer loop
      vertex 64 55 3.200000762939453
      vertex 60.5 55 8.200000762939453
      vertex 64 55 8.200000762939453
    endloop
  endfacet
  facet normal 0 1 0
    outer loop
      vertex 60.5 55 8.200000762939453
      vertex 64 55 3.200000762939453
      vertex 60.5 55 3.200000762939453
    endloop
  endfacet
  facet normal 1 0 0
    outer loop
      vertex 64 19 8.200000762939453
      vertex 64 22.5 3.200000762939453
      vertex 64 22.5 8.200000762939453
    endloop
  endfacet
  facet normal 1 0 0
    outer loop
      vertex 64 22.5 3.200000762939453
      vertex 64 19 8.200000762939453
      vertex 64 19 3.200000762939453
    endloop
  endfacet
  facet normal 0 0 1
    outer loop
      vertex 60.5 22.5 8.200000762939453
      vertex 64 19 8.200000762939453
      vertex 64 22.5 8.200000762939453
    endloop
  endfacet
  facet normal 0 0 1
    outer loop
      vertex 64 19 8.200000762939453
      vertex 60.5 22.5 8.200000762939453
      vertex 60.5 19 8.200000762939453
    endloop
  endfacet
  facet normal -1 0 0
    outer loop
      vertex 60.5 19 3.200000762939453
      vertex 60.5 22.5 8.200000762939453
      vertex 60.5 22.5 3.200000762939453
    endloop
  endfacet
  facet normal -1 0 0
    outer loop
      vertex 60.5 22.5 8.200000762939453
      vertex 60.5 19 3.200000762939453
      vertex 60.5 19 8.200000762939453
    endloop
  endfacet
  facet normal 0 -1 0
    outer loop
      vertex 60.5 19 3.200000762939453
      vertex 64 19 8.200000762939453
      vertex 60.5 19 8.200000762939453
    endloop
  endfacet
  facet normal 0 -1 0
    outer loop
      vertex 64 19 8.200000762939453
      vertex 60.5 19 3.200000762939453
      vertex 64 19 3.200000762939453
    endloop
  endfacet
  facet normal 0 1 0
    outer loop
      vertex 64 22.5 3.200000762939453
      vertex 60.5 22.5 8.200000762939453
      vertex 64 22.5 8.200000762939453
    endloop
  endfacet
  facet normal 0 1 0
    outer loop
      vertex 60.5 22.5 8.200000762939453
      vertex 64 22.5 3.200000762939453
      vertex 60.5 22.5 3.200000762939453
    endloop
  endfacet
  facet normal 0.5555828381954327 0.8314611896551201 0
    outer loop
      vertex 5.875 66.41746520996094 40
      vertex 5.739048004150391 66.50830841064453 50
      vertex 5.875 66.41746520996094 50
    endloop
  endfacet
  facet normal 0.5555828381954327 0.8314611896551201 0
    outer loop
      vertex 5.739048004150391 66.50830841064453 50
      vertex 5.875 66.41746520996094 40
      vertex 5.739048004150391 66.50830841064453 40
    endloop
  endfacet
  facet normal 0.9978591896672485 -0.06539906418766282 0
    outer loop
      vertex 5.25 67.5 50
      vertex 5.260693550109863 67.66316223144531 40
      vertex 5.260693550109863 67.66316223144531 50
    endloop
  endfacet
  facet normal 0.9978591896672485 -0.06539906418766282 0
    outer loop
      vertex 5.260693550109863 67.66316223144531 40
      vertex 5.25 67.5 50
      vertex 5.25 67.5 40
    endloop
  endfacet
  facet normal 0.1950885936744065 0.9807856241901908 0
    outer loop
      vertex 6.336841583251953 66.26069641113281 40
      vertex 6.176475524902344 66.29259490966797 50
      vertex 6.336841583251953 66.26069641113281 50
    endloop
  endfacet
  facet normal 0.1950885936744065 0.9807856241901908 0
    outer loop
      vertex 6.176475524902344 66.29259490966797 50
      vertex 6.336841583251953 66.26069641113281 40
      vertex 6.176475524902344 66.29259490966797 40
    endloop
  endfacet
  facet normal 0.659353154016536 -0.751833371358605 0
    outer loop
      vertex 5.616115570068359 68.38388061523438 40
      vertex 5.739048004150391 68.49169158935547 50
      vertex 5.616115570068359 68.38388061523438 50
    endloop
  endfacet
  facet normal 0.659353154016536 -0.751833371358605 0
    outer loop
      vertex 5.739048004150391 68.49169158935547 50
      vertex 5.616115570068359 68.38388061523438 40
      vertex 5.739048004150391 68.49169158935547 40
    endloop
  endfacet
  facet normal 0.06541800953190631 0.9978579478206723 0
    outer loop
      vertex 6.5 66.25 40
      vertex 6.336841583251953 66.26069641113281 50
      vertex 6.5 66.25 50
    endloop
  endfacet
  facet normal 0.06541800953190631 0.9978579478206723 0
    outer loop
      vertex 6.336841583251953 66.26069641113281 50
      vertex 6.5 66.25 40
      vertex 6.336841583251953 66.26069641113281 40
    endloop
  endfacet
  facet normal -0.997858609417887 0.06540791703303825 0
    outer loop
      vertex 7.73930549621582 67.33684539794922 40
      vertex 7.75 67.5 50
      vertex 7.75 67.5 40
    endloop
  endfacet
  facet normal -0.997858609417887 0.06540791703303825 0
    outer loop
      vertex 7.75 67.5 50
      vertex 7.73930549621582 67.33684539794922 40
      vertex 7.73930549621582 67.33684539794922 50
    endloop
  endfacet
  facet normal 0.7518420453282724 0.6593432633132761 0
    outer loop
      vertex 5.616115570068359 66.61611938476562 50
      vertex 5.508307456970215 66.73905181884766 40
      vertex 5.508307456970215 66.73905181884766 50
    endloop
  endfacet
  facet normal 0.7518420453282724 0.6593432633132761 0
    outer loop
      vertex 5.508307456970215 66.73905181884766 40
      vertex 5.616115570068359 66.61611938476562 50
      vertex 5.616115570068359 66.61611938476562 40
    endloop
  endfacet
  facet normal 0.1950885936744065 -0.9807856241901908 0
    outer loop
      vertex 6.176475524902344 68.70740509033203 40
      vertex 6.336841583251953 68.73930358886719 50
      vertex 6.176475524902344 68.70740509033203 50
    endloop
  endfacet
  facet normal 0.1950885936744065 -0.9807856241901908 0
    outer loop
      vertex 6.336841583251953 68.73930358886719 50
      vertex 6.176475524902344 68.70740509033203 40
      vertex 6.336841583251953 68.73930358886719 40
    endloop
  endfacet
  facet normal -0.8968703951634519 0.44229344815332006 0
    outer loop
      vertex 7.582530975341797 66.875 40
      vertex 7.654849052429199 67.02164459228516 50
      vertex 7.654849052429199 67.02164459228516 40
    endloop
  endfacet
  facet normal -0.8968703951634519 0.44229344815332006 0
    outer loop
      vertex 7.654849052429199 67.02164459228516 50
      vertex 7.582530975341797 66.875 40
      vertex 7.582530975341797 66.875 50
    endloop
  endfacet
  facet normal -0.9807865121034981 0.19508412973856923 0
    outer loop
      vertex 7.707406997680664 67.17647552490234 40
      vertex 7.73930549621582 67.33684539794922 50
      vertex 7.73930549621582 67.33684539794922 40
    endloop
  endfacet
  facet normal -0.9807865121034981 0.19508412973856923 0
    outer loop
      vertex 7.73930549621582 67.33684539794922 50
      vertex 7.707406997680664 67.17647552490234 40
      vertex 7.707406997680664 67.17647552490234 50
    endloop
  endfacet
  facet normal 0.8968703951634519 0.44229344815332006 0
    outer loop
      vertex 5.417468070983887 66.875 50
      vertex 5.345149993896484 67.02164459228516 40
      vertex 5.345149993896484 67.02164459228516 50
    endloop
  endfacet
  facet normal 0.8968703951634519 0.44229344815332006 0
    outer loop
      vertex 5.345149993896484 67.02164459228516 40
      vertex 5.417468070983887 66.875 50
      vertex 5.417468070983887 66.875 40
    endloop
  endfacet
  facet normal -0.9469302676772948 -0.3214390582312715 0
    outer loop
      vertex 7.707406997680664 67.82352447509766 40
      vertex 7.654849052429199 67.97835540771484 50
      vertex 7.654849052429199 67.97835540771484 40
    endloop
  endfacet
  facet normal -0.9469302676772948 -0.3214390582312715 0
    outer loop
      vertex 7.654849052429199 67.97835540771484 50
      vertex 7.707406997680664 67.82352447509766 40
      vertex 7.707406997680664 67.82352447509766 50
    endloop
  endfacet
  facet normal -0.44225597875559775 0.8968888722996448 0
    outer loop
      vertex 7.125 66.41746520996094 40
      vertex 6.978353500366211 66.34515380859375 50
      vertex 7.125 66.41746520996094 50
    endloop
  endfacet
  facet normal -0.44225597875559775 0.8968888722996448 0
    outer loop
      vertex 6.978353500366211 66.34515380859375 50
      vertex 7.125 66.41746520996094 40
      vertex 6.978353500366211 66.34515380859375 40
    endloop
  endfacet
  facet normal -0.321446063505224 0.9469278896816777 0
    outer loop
      vertex 6.978353500366211 66.34515380859375 40
      vertex 6.82352352142334 66.29259490966797 50
      vertex 6.978353500366211 66.34515380859375 50
    endloop
  endfacet
  facet normal -0.321446063505224 0.9469278896816777 0
    outer loop
      vertex 6.82352352142334 66.29259490966797 50
      vertex 6.978353500366211 66.34515380859375 40
      vertex 6.82352352142334 66.29259490966797 40
    endloop
  endfacet
  facet normal -0.659353154016536 -0.751833371358605 0
    outer loop
      vertex 7.260951042175293 68.49169158935547 40
      vertex 7.383883476257324 68.38388061523438 50
      vertex 7.260951042175293 68.49169158935547 50
    endloop
  endfacet
  facet normal -0.659353154016536 -0.751833371358605 0
    outer loop
      vertex 7.383883476257324 68.38388061523438 50
      vertex 7.260951042175293 68.49169158935547 40
      vertex 7.383883476257324 68.38388061523438 40
    endloop
  endfacet
  facet normal -0.9807847362159297 -0.19509305781049535 0
    outer loop
      vertex 7.73930549621582 67.66316223144531 40
      vertex 7.707406997680664 67.82352447509766 50
      vertex 7.707406997680664 67.82352447509766 40
    endloop
  endfacet
  facet normal -0.9807847362159297 -0.19509305781049535 0
    outer loop
      vertex 7.707406997680664 67.82352447509766 50
      vertex 7.73930549621582 67.66316223144531 40
      vertex 7.73930549621582 67.66316223144531 50
    endloop
  endfacet
  facet normal 0.9807847362159297 -0.19509305781049535 0
    outer loop
      vertex 5.260693550109863 67.66316223144531 50
      vertex 5.2925920486450195 67.82352447509766 40
      vertex 5.2925920486450195 67.82352447509766 50
    endloop
  endfacet
  facet normal 0.9807847362159297 -0.19509305781049535 0
    outer loop
      vertex 5.2925920486450195 67.82352447509766 40
      vertex 5.260693550109863 67.66316223144531 50
      vertex 5.260693550109863 67.66316223144531 40
    endloop
  endfacet
  facet normal -0.44225597875559775 -0.8968888722996448 0
    outer loop
      vertex 6.978353500366211 68.65484619140625 40
      vertex 7.125 68.58253479003906 50
      vertex 6.978353500366211 68.65484619140625 50
    endloop
  endfacet
  facet normal -0.44225597875559775 -0.8968888722996448 0
    outer loop
      vertex 7.125 68.58253479003906 50
      vertex 6.978353500366211 68.65484619140625 40
      vertex 7.125 68.58253479003906 40
    endloop
  endfacet
  facet normal -0.7518217593384957 -0.6593663944918403 0
    outer loop
      vertex 7.491691589355469 68.26095581054688 40
      vertex 7.383883476257324 68.38388061523438 50
      vertex 7.383883476257324 68.38388061523438 40
    endloop
  endfacet
  facet normal -0.7518217593384957 -0.6593663944918403 0
    outer loop
      vertex 7.383883476257324 68.38388061523438 50
      vertex 7.491691589355469 68.26095581054688 40
      vertex 7.491691589355469 68.26095581054688 50
    endloop
  endfacet
  facet normal -0.659353154016536 0.751833371358605 0
    outer loop
      vertex 7.383883476257324 66.61611938476562 40
      vertex 7.260951042175293 66.50830841064453 50
      vertex 7.383883476257324 66.61611938476562 50
    endloop
  endfacet
  facet normal -0.659353154016536 0.751833371358605 0
    outer loop
      vertex 7.260951042175293 66.50830841064453 50
      vertex 7.383883476257324 66.61611938476562 40
      vertex 7.260951042175293 66.50830841064453 40
    endloop
  endfacet
  facet normal -0.9978588090314564 -0.06540487167117946 0
    outer loop
      vertex 7.75 67.5 40
      vertex 7.73930549621582 67.66316223144531 50
      vertex 7.73930549621582 67.66316223144531 40
    endloop
  endfacet
  facet normal -0.9978588090314564 -0.06540487167117946 0
    outer loop
      vertex 7.73930549621582 67.66316223144531 50
      vertex 7.75 67.5 40
      vertex 7.75 67.5 50
    endloop
  endfacet
  facet normal -0.9469302676772948 0.3214390582312715 0
    outer loop
      vertex 7.654849052429199 67.02164459228516 40
      vertex 7.707406997680664 67.17647552490234 50
      vertex 7.707406997680664 67.17647552490234 40
    endloop
  endfacet
  facet normal -0.9469302676772948 0.3214390582312715 0
    outer loop
      vertex 7.707406997680664 67.17647552490234 50
      vertex 7.654849052429199 67.02164459228516 40
      vertex 7.654849052429199 67.02164459228516 50
    endloop
  endfacet
  facet normal 0.9469302676772948 -0.3214390582312715 0
    outer loop
      vertex 5.2925920486450195 67.82352447509766 50
      vertex 5.345149993896484 67.97835540771484 40
      vertex 5.345149993896484 67.97835540771484 50
    endloop
  endfacet
  facet normal 0.9469302676772948 -0.3214390582312715 0
    outer loop
      vertex 5.345149993896484 67.97835540771484 40
      vertex 5.2925920486450195 67.82352447509766 50
      vertex 5.2925920486450195 67.82352447509766 40
    endloop
  endfacet
  facet normal -0.1950885936744065 -0.9807856241901908 0
    outer loop
      vertex 6.6631574630737305 68.73930358886719 40
      vertex 6.82352352142334 68.70740509033203 50
      vertex 6.6631574630737305 68.73930358886719 50
    endloop
  endfacet
  facet normal -0.1950885936744065 -0.9807856241901908 0
    outer loop
      vertex 6.82352352142334 68.70740509033203 50
      vertex 6.6631574630737305 68.73930358886719 40
      vertex 6.82352352142334 68.70740509033203 40
    endloop
  endfacet
  facet normal 0.321446063505224 -0.9469278896816777 0
    outer loop
      vertex 6.021645545959473 68.65484619140625 40
      vertex 6.176475524902344 68.70740509033203 50
      vertex 6.021645545959473 68.65484619140625 50
    endloop
  endfacet
  facet normal 0.321446063505224 -0.9469278896816777 0
    outer loop
      vertex 6.176475524902344 68.70740509033203 50
      vertex 6.021645545959473 68.65484619140625 40
      vertex 6.176475524902344 68.70740509033203 40
    endloop
  endfacet
  facet normal 0.321446063505224 0.9469278896816777 0
    outer loop
      vertex 6.176475524902344 66.29259490966797 40
      vertex 6.021645545959473 66.34515380859375 50
      vertex 6.176475524902344 66.29259490966797 50
    endloop
  endfacet
  facet normal 0.321446063505224 0.9469278896816777 0
    outer loop
      vertex 6.021645545959473 66.34515380859375 50
      vertex 6.176475524902344 66.29259490966797 40
      vertex 6.021645545959473 66.34515380859375 40
    endloop
  endfacet
  facet normal 0.9978589900890501 0.06540210928143861 0
    outer loop
      vertex 5.260693550109863 67.33684539794922 50
      vertex 5.25 67.5 40
      vertex 5.25 67.5 50
    endloop
  endfacet
  facet normal 0.9978589900890501 0.06540210928143861 0
    outer loop
      vertex 5.25 67.5 40
      vertex 5.260693550109863 67.33684539794922 50
      vertex 5.260693550109863 67.33684539794922 40
    endloop
  endfacet
  facet normal 0.659353154016536 0.751833371358605 0
    outer loop
      vertex 5.739048004150391 66.50830841064453 40
      vertex 5.616115570068359 66.61611938476562 50
      vertex 5.739048004150391 66.50830841064453 50
    endloop
  endfacet
  facet normal 0.659353154016536 0.751833371358605 0
    outer loop
      vertex 5.616115570068359 66.61611938476562 50
      vertex 5.739048004150391 66.50830841064453 40
      vertex 5.616115570068359 66.61611938476562 40
    endloop
  endfacet
  facet normal -0.5555855325138621 0.8314593893037039 0
    outer loop
      vertex 7.260951042175293 66.50830841064453 40
      vertex 7.125 66.41746520996094 50
      vertex 7.260951042175293 66.50830841064453 50
    endloop
  endfacet
  facet normal -0.5555855325138621 0.8314593893037039 0
    outer loop
      vertex 7.125 66.41746520996094 50
      vertex 7.260951042175293 66.50830841064453 40
      vertex 7.125 66.41746520996094 40
    endloop
  endfacet
  facet normal 0.4422582923187865 0.8968877314777312 0
    outer loop
      vertex 6.021645545959473 66.34515380859375 40
      vertex 5.875 66.41746520996094 50
      vertex 6.021645545959473 66.34515380859375 50
    endloop
  endfacet
  facet normal 0.4422582923187865 0.8968877314777312 0
    outer loop
      vertex 5.875 66.41746520996094 50
      vertex 6.021645545959473 66.34515380859375 40
      vertex 5.875 66.41746520996094 40
    endloop
  endfacet
  facet normal 0.9807865121034981 0.19508412973856923 0
    outer loop
      vertex 5.2925920486450195 67.17647552490234 50
      vertex 5.260693550109863 67.33684539794922 40
      vertex 5.260693550109863 67.33684539794922 50
    endloop
  endfacet
  facet normal 0.9807865121034981 0.19508412973856923 0
    outer loop
      vertex 5.260693550109863 67.33684539794922 40
      vertex 5.2925920486450195 67.17647552490234 50
      vertex 5.2925920486450195 67.17647552490234 40
    endloop
  endfacet
  facet normal 0.9469302676772948 0.3214390582312715 0
    outer loop
      vertex 5.345149993896484 67.02164459228516 50
      vertex 5.2925920486450195 67.17647552490234 40
      vertex 5.2925920486450195 67.17647552490234 50
    endloop
  endfacet
  facet normal 0.9469302676772948 0.3214390582312715 0
    outer loop
      vertex 5.2925920486450195 67.17647552490234 40
      vertex 5.345149993896484 67.02164459228516 50
      vertex 5.345149993896484 67.02164459228516 40
    endloop
  endfacet
  facet normal 0.8314647656334568 0.5555774865039987 0
    outer loop
      vertex 5.508307456970215 66.73905181884766 50
      vertex 5.417468070983887 66.875 40
      vertex 5.417468070983887 66.875 50
    endloop
  endfacet
  facet normal 0.8314647656334568 0.5555774865039987 0
    outer loop
      vertex 5.417468070983887 66.875 40
      vertex 5.508307456970215 66.73905181884766 50
      vertex 5.508307456970215 66.73905181884766 40
    endloop
  endfacet
  facet normal -0.8314791676904657 -0.5555559321047435 0
    outer loop
      vertex 7.582530975341797 68.125 40
      vertex 7.491691589355469 68.26095581054688 50
      vertex 7.491691589355469 68.26095581054688 40
    endloop
  endfacet
  facet normal -0.8314791676904657 -0.5555559321047435 0
    outer loop
      vertex 7.491691589355469 68.26095581054688 50
      vertex 7.582530975341797 68.125 40
      vertex 7.582530975341797 68.125 50
    endloop
  endfacet
  facet normal -0.5555855325138621 -0.8314593893037039 0
    outer loop
      vertex 7.125 68.58253479003906 40
      vertex 7.260951042175293 68.49169158935547 50
      vertex 7.125 68.58253479003906 50
    endloop
  endfacet
  facet normal -0.5555855325138621 -0.8314593893037039 0
    outer loop
      vertex 7.260951042175293 68.49169158935547 50
      vertex 7.125 68.58253479003906 40
      vertex 7.260951042175293 68.49169158935547 40
    endloop
  endfacet
  facet normal 0.8968703951634519 -0.44229344815332006 0
    outer loop
      vertex 5.345149993896484 67.97835540771484 50
      vertex 5.417468070983887 68.125 40
      vertex 5.417468070983887 68.125 50
    endloop
  endfacet
  facet normal 0.8968703951634519 -0.44229344815332006 0
    outer loop
      vertex 5.417468070983887 68.125 40
      vertex 5.345149993896484 67.97835540771484 50
      vertex 5.345149993896484 67.97835540771484 40
    endloop
  endfacet
  facet normal -0.7518420453282724 0.6593432633132761 0
    outer loop
      vertex 7.383883476257324 66.61611938476562 40
      vertex 7.491691589355469 66.73905181884766 50
      vertex 7.491691589355469 66.73905181884766 40
    endloop
  endfacet
  facet normal -0.7518420453282724 0.6593432633132761 0
    outer loop
      vertex 7.491691589355469 66.73905181884766 50
      vertex 7.383883476257324 66.61611938476562 40
      vertex 7.383883476257324 66.61611938476562 50
    endloop
  endfacet
  facet normal -0.8314647656334568 0.5555774865039987 0
    outer loop
      vertex 7.491691589355469 66.73905181884766 40
      vertex 7.582530975341797 66.875 50
      vertex 7.582530975341797 66.875 40
    endloop
  endfacet
  facet normal -0.8314647656334568 0.5555774865039987 0
    outer loop
      vertex 7.582530975341797 66.875 50
      vertex 7.491691589355469 66.73905181884766 40
      vertex 7.491691589355469 66.73905181884766 50
    endloop
  endfacet
  facet normal -0.321446063505224 -0.9469278896816777 0
    outer loop
      vertex 6.82352352142334 68.70740509033203 40
      vertex 6.978353500366211 68.65484619140625 50
      vertex 6.82352352142334 68.70740509033203 50
    endloop
  endfacet
  facet normal -0.321446063505224 -0.9469278896816777 0
    outer loop
      vertex 6.978353500366211 68.65484619140625 50
      vertex 6.82352352142334 68.70740509033203 40
      vertex 6.978353500366211 68.65484619140625 40
    endloop
  endfacet
  facet normal -0.8968703951634519 -0.44229344815332006 0
    outer loop
      vertex 7.654849052429199 67.97835540771484 40
      vertex 7.582530975341797 68.125 50
      vertex 7.582530975341797 68.125 40
    endloop
  endfacet
  facet normal -0.8968703951634519 -0.44229344815332006 0
    outer loop
      vertex 7.582530975341797 68.125 50
      vertex 7.654849052429199 67.97835540771484 40
      vertex 7.654849052429199 67.97835540771484 50
    endloop
  endfacet
  facet normal 0.8314791676904657 -0.5555559321047435 0
    outer loop
      vertex 5.417468070983887 68.125 50
      vertex 5.508307456970215 68.26095581054688 40
      vertex 5.508307456970215 68.26095581054688 50
    endloop
  endfacet
  facet normal 0.8314791676904657 -0.5555559321047435 0
    outer loop
      vertex 5.508307456970215 68.26095581054688 40
      vertex 5.417468070983887 68.125 50
      vertex 5.417468070983887 68.125 40
    endloop
  endfacet
  facet normal 0.7518217593384957 -0.6593663944918403 0
    outer loop
      vertex 5.508307456970215 68.26095581054688 50
      vertex 5.616115570068359 68.38388061523438 40
      vertex 5.616115570068359 68.38388061523438 50
    endloop
  endfacet
  facet normal 0.7518217593384957 -0.6593663944918403 0
    outer loop
      vertex 5.616115570068359 68.38388061523438 40
      vertex 5.508307456970215 68.26095581054688 50
      vertex 5.508307456970215 68.26095581054688 40
    endloop
  endfacet
  facet normal -0.06541839027137003 0.9978579228599143 0
    outer loop
      vertex 6.6631574630737305 66.26069641113281 40
      vertex 6.5 66.25 50
      vertex 6.6631574630737305 66.26069641113281 50
    endloop
  endfacet
  facet normal -0.06541839027137003 0.9978579228599143 0
    outer loop
      vertex 6.5 66.25 50
      vertex 6.6631574630737305 66.26069641113281 40
      vertex 6.5 66.25 40
    endloop
  endfacet
  facet normal -0.1950885936744065 0.9807856241901908 0
    outer loop
      vertex 6.82352352142334 66.29259490966797 40
      vertex 6.6631574630737305 66.26069641113281 50
      vertex 6.82352352142334 66.29259490966797 50
    endloop
  endfacet
  facet normal -0.1950885936744065 0.9807856241901908 0
    outer loop
      vertex 6.6631574630737305 66.26069641113281 50
      vertex 6.82352352142334 66.29259490966797 40
      vertex 6.6631574630737305 66.26069641113281 40
    endloop
  endfacet
  facet normal 0.4422582923187865 -0.8968877314777312 0
    outer loop
      vertex 5.875 68.58253479003906 40
      vertex 6.021645545959473 68.65484619140625 50
      vertex 5.875 68.58253479003906 50
    endloop
  endfacet
  facet normal 0.4422582923187865 -0.8968877314777312 0
    outer loop
      vertex 6.021645545959473 68.65484619140625 50
      vertex 5.875 68.58253479003906 40
      vertex 6.021645545959473 68.65484619140625 40
    endloop
  endfacet
  facet normal 0.5555828381954327 -0.8314611896551201 0
    outer loop
      vertex 5.739048004150391 68.49169158935547 40
      vertex 5.875 68.58253479003906 50
      vertex 5.739048004150391 68.49169158935547 50
    endloop
  endfacet
  facet normal 0.5555828381954327 -0.8314611896551201 0
    outer loop
      vertex 5.875 68.58253479003906 50
      vertex 5.739048004150391 68.49169158935547 40
      vertex 5.875 68.58253479003906 40
    endloop
  endfacet
  facet normal 0.06541800953190631 -0.9978579478206723 0
    outer loop
      vertex 6.336841583251953 68.73930358886719 40
      vertex 6.5 68.75 50
      vertex 6.336841583251953 68.73930358886719 50
    endloop
  endfacet
  facet normal 0.06541800953190631 -0.9978579478206723 0
    outer loop
      vertex 6.5 68.75 50
      vertex 6.336841583251953 68.73930358886719 40
      vertex 6.5 68.75 40
    endloop
  endfacet
  facet normal -0.06541839027137003 -0.9978579228599143 0
    outer loop
      vertex 6.5 68.75 40
      vertex 6.6631574630737305 68.73930358886719 50
      vertex 6.5 68.75 50
    endloop
  endfacet
  facet normal -0.06541839027137003 -0.9978579228599143 0
    outer loop
      vertex 6.6631574630737305 68.73930358886719 50
      vertex 6.5 68.75 40
      vertex 6.6631574630737305 68.73930358886719 40
    endloop
  endfacet
  facet normal 0.8968865906379136 -0.4422606059032384 0
    outer loop
      vertex 104.34515380859375 67.97835540771484 50
      vertex 104.41746520996094 68.125 40
      vertex 104.41746520996094 68.125 50
    endloop
  endfacet
  facet normal 0.8968865906379136 -0.4422606059032384 0
    outer loop
      vertex 104.41746520996094 68.125 40
      vertex 104.34515380859375 67.97835540771484 50
      vertex 104.34515380859375 67.97835540771484 40
    endloop
  endfacet
  facet normal 0.9807865121034981 0.19508412973856923 0
    outer loop
      vertex 104.29259490966797 67.17647552490234 50
      vertex 104.26069641113281 67.33684539794922 40
      vertex 104.26069641113281 67.33684539794922 50
    endloop
  endfacet
  facet normal 0.9807865121034981 0.19508412973856923 0
    outer loop
      vertex 104.26069641113281 67.33684539794922 40
      vertex 104.29259490966797 67.17647552490234 50
      vertex 104.29259490966797 67.17647552490234 40
    endloop
  endfacet
  facet normal -0.9978578479750256 0.06541953251629581 0
    outer loop
      vertex 106.73930358886719 67.33684539794922 40
      vertex 106.75 67.5 50
      vertex 106.75 67.5 40
    endloop
  endfacet
  facet normal -0.9978578479750256 0.06541953251629581 0
    outer loop
      vertex 106.75 67.5 50
      vertex 106.73930358886719 67.33684539794922 40
      vertex 106.73930358886719 67.33684539794922 50
    endloop
  endfacet
  facet normal 0.6593762850083276 0.7518130849942802 0
    outer loop
      vertex 104.73904418945312 66.50830841064453 40
      vertex 104.61611938476562 66.61611938476562 50
      vertex 104.73904418945312 66.50830841064453 50
    endloop
  endfacet
  facet normal 0.6593762850083276 0.7518130849942802 0
    outer loop
      vertex 104.61611938476562 66.61611938476562 50
      vertex 104.73904418945312 66.50830841064453 40
      vertex 104.61611938476562 66.61611938476562 40
    endloop
  endfacet
  facet normal 0.06541648661827378 0.9978580476593458 0
    outer loop
      vertex 105.5 66.25 40
      vertex 105.33683776855469 66.26069641113281 50
      vertex 105.5 66.25 50
    endloop
  endfacet
  facet normal 0.06541648661827378 0.9978580476593458 0
    outer loop
      vertex 105.33683776855469 66.26069641113281 50
      vertex 105.5 66.25 40
      vertex 105.33683776855469 66.26069641113281 40
    endloop
  endfacet
  facet normal -0.9978580476593458 -0.06541648661827378 0
    outer loop
      vertex 106.75 67.5 40
      vertex 106.73930358886719 67.66316223144531 50
      vertex 106.73930358886719 67.66316223144531 40
    endloop
  endfacet
  facet normal -0.9978580476593458 -0.06541648661827378 0
    outer loop
      vertex 106.73930358886719 67.66316223144531 50
      vertex 106.75 67.5 40
      vertex 106.75 67.5 50
    endloop
  endfacet
  facet normal -0.19508412973856923 -0.9807865121034981 0
    outer loop
      vertex 105.66315460205078 68.73930358886719 40
      vertex 105.82352447509766 68.70740509033203 50
      vertex 105.66315460205078 68.73930358886719 50
    endloop
  endfacet
  facet normal -0.19508412973856923 -0.9807865121034981 0
    outer loop
      vertex 105.82352447509766 68.70740509033203 50
      vertex 105.66315460205078 68.73930358886719 40
      vertex 105.82352447509766 68.70740509033203 40
    endloop
  endfacet
  facet normal 0.19509305781049535 0.9807847362159297 0
    outer loop
      vertex 105.33683776855469 66.26069641113281 40
      vertex 105.17647552490234 66.29259490966797 50
      vertex 105.33683776855469 66.26069641113281 50
    endloop
  endfacet
  facet normal 0.19509305781049535 0.9807847362159297 0
    outer loop
      vertex 105.17647552490234 66.29259490966797 50
      vertex 105.33683776855469 66.26069641113281 40
      vertex 105.17647552490234 66.29259490966797 40
    endloop
  endfacet
  facet normal -0.8968865906379136 -0.4422606059032384 0
    outer loop
      vertex 106.65484619140625 67.97835540771484 40
      vertex 106.58253479003906 68.125 50
      vertex 106.58253479003906 68.125 40
    endloop
  endfacet
  facet normal -0.8968865906379136 -0.4422606059032384 0
    outer loop
      vertex 106.58253479003906 68.125 50
      vertex 106.65484619140625 67.97835540771484 40
      vertex 106.65484619140625 67.97835540771484 50
    endloop
  endfacet
  facet normal -0.9807847362159297 -0.19509305781049535 0
    outer loop
      vertex 106.73930358886719 67.66316223144531 40
      vertex 106.70740509033203 67.82352447509766 50
      vertex 106.70740509033203 67.82352447509766 40
    endloop
  endfacet
  facet normal -0.9807847362159297 -0.19509305781049535 0
    outer loop
      vertex 106.70740509033203 67.82352447509766 50
      vertex 106.73930358886719 67.66316223144531 40
      vertex 106.73930358886719 67.66316223144531 50
    endloop
  endfacet
  facet normal -0.659353154016536 -0.751833371358605 0
    outer loop
      vertex 106.26094818115234 68.49169158935547 40
      vertex 106.38388061523438 68.38388061523438 50
      vertex 106.26094818115234 68.49169158935547 50
    endloop
  endfacet
  facet normal -0.659353154016536 -0.751833371358605 0
    outer loop
      vertex 106.38388061523438 68.38388061523438 50
      vertex 106.26094818115234 68.49169158935547 40
      vertex 106.38388061523438 68.38388061523438 40
    endloop
  endfacet
  facet normal -0.9807865121034981 0.19508412973856923 0
    outer loop
      vertex 106.70740509033203 67.17647552490234 40
      vertex 106.73930358886719 67.33684539794922 50
      vertex 106.73930358886719 67.33684539794922 40
    endloop
  endfacet
  facet normal -0.9807865121034981 0.19508412973856923 0
    outer loop
      vertex 106.73930358886719 67.33684539794922 50
      vertex 106.70740509033203 67.17647552490234 40
      vertex 106.70740509033203 67.17647552490234 50
    endloop
  endfacet
  facet normal -0.9469284923447279 0.3214442881523027 0
    outer loop
      vertex 106.65484619140625 67.02164459228516 40
      vertex 106.70740509033203 67.17647552490234 50
      vertex 106.70740509033203 67.17647552490234 40
    endloop
  endfacet
  facet normal -0.9469284923447279 0.3214442881523027 0
    outer loop
      vertex 106.70740509033203 67.17647552490234 50
      vertex 106.65484619140625 67.02164459228516 40
      vertex 106.65484619140625 67.02164459228516 50
    endloop
  endfacet
  facet normal -0.831453988092297 0.5555936155909411 0
    outer loop
      vertex 106.49169158935547 66.73905181884766 40
      vertex 106.58253479003906 66.875 50
      vertex 106.58253479003906 66.875 40
    endloop
  endfacet
  facet normal -0.831453988092297 0.5555936155909411 0
    outer loop
      vertex 106.58253479003906 66.875 50
      vertex 106.49169158935547 66.73905181884766 40
      vertex 106.49169158935547 66.73905181884766 50
    endloop
  endfacet
  facet normal 0.9807847362159297 -0.19509305781049535 0
    outer loop
      vertex 104.26069641113281 67.66316223144531 50
      vertex 104.29259490966797 67.82352447509766 40
      vertex 104.29259490966797 67.82352447509766 50
    endloop
  endfacet
  facet normal 0.9807847362159297 -0.19509305781049535 0
    outer loop
      vertex 104.29259490966797 67.82352447509766 40
      vertex 104.26069641113281 67.66316223144531 50
      vertex 104.26069641113281 67.66316223144531 40
    endloop
  endfacet
  facet normal -0.8968865906379136 0.4422606059032384 0
    outer loop
      vertex 106.58253479003906 66.875 40
      vertex 106.65484619140625 67.02164459228516 50
      vertex 106.65484619140625 67.02164459228516 40
    endloop
  endfacet
  facet normal -0.8968865906379136 0.4422606059032384 0
    outer loop
      vertex 106.65484619140625 67.02164459228516 50
      vertex 106.58253479003906 66.875 40
      vertex 106.58253479003906 66.875 50
    endloop
  endfacet
  facet normal 0.751833371358605 0.659353154016536 0
    outer loop
      vertex 104.61611938476562 66.61611938476562 50
      vertex 104.50830841064453 66.73905181884766 40
      vertex 104.50830841064453 66.73905181884766 50
    endloop
  endfacet
  facet normal 0.751833371358605 0.659353154016536 0
    outer loop
      vertex 104.50830841064453 66.73905181884766 40
      vertex 104.61611938476562 66.61611938476562 50
      vertex 104.61611938476562 66.61611938476562 40
    endloop
  endfacet
  facet normal -0.4422606059032384 0.8968865906379136 0
    outer loop
      vertex 106.125 66.41746520996094 40
      vertex 105.97835540771484 66.34515380859375 50
      vertex 106.125 66.41746520996094 50
    endloop
  endfacet
  facet normal -0.4422606059032384 0.8968865906379136 0
    outer loop
      vertex 105.97835540771484 66.34515380859375 50
      vertex 106.125 66.41746520996094 40
      vertex 105.97835540771484 66.34515380859375 40
    endloop
  endfacet
  facet normal -0.9469284923447279 -0.3214442881523027 0
    outer loop
      vertex 106.70740509033203 67.82352447509766 40
      vertex 106.65484619140625 67.97835540771484 50
      vertex 106.65484619140625 67.97835540771484 40
    endloop
  endfacet
  facet normal -0.9469284923447279 -0.3214442881523027 0
    outer loop
      vertex 106.65484619140625 67.97835540771484 50
      vertex 106.70740509033203 67.82352447509766 40
      vertex 106.70740509033203 67.82352447509766 50
    endloop
  endfacet
  facet normal -0.4422606059032384 -0.8968865906379136 0
    outer loop
      vertex 105.97835540771484 68.65484619140625 40
      vertex 106.125 68.58253479003906 50
      vertex 105.97835540771484 68.65484619140625 50
    endloop
  endfacet
  facet normal -0.4422606059032384 -0.8968865906379136 0
    outer loop
      vertex 106.125 68.58253479003906 50
      vertex 105.97835540771484 68.65484619140625 40
      vertex 106.125 68.58253479003906 40
    endloop
  endfacet
  facet normal 0.8968865906379136 0.4422606059032384 0
    outer loop
      vertex 104.41746520996094 66.875 50
      vertex 104.34515380859375 67.02164459228516 40
      vertex 104.34515380859375 67.02164459228516 50
    endloop
  endfacet
  facet normal 0.8968865906379136 0.4422606059032384 0
    outer loop
      vertex 104.34515380859375 67.02164459228516 40
      vertex 104.41746520996094 66.875 50
      vertex 104.41746520996094 66.875 40
    endloop
  endfacet
  facet normal -0.7518130849942802 -0.6593762850083276 0
    outer loop
      vertex 106.49169158935547 68.26095581054688 40
      vertex 106.38388061523438 68.38388061523438 50
      vertex 106.38388061523438 68.38388061523438 40
    endloop
  endfacet
  facet normal -0.7518130849942802 -0.6593762850083276 0
    outer loop
      vertex 106.38388061523438 68.38388061523438 50
      vertex 106.49169158935547 68.26095581054688 40
      vertex 106.49169158935547 68.26095581054688 50
    endloop
  endfacet
  facet normal -0.5555936155909411 0.831453988092297 0
    outer loop
      vertex 106.26094818115234 66.50830841064453 40
      vertex 106.125 66.41746520996094 50
      vertex 106.26094818115234 66.50830841064453 50
    endloop
  endfacet
  facet normal -0.5555936155909411 0.831453988092297 0
    outer loop
      vertex 106.125 66.41746520996094 50
      vertex 106.26094818115234 66.50830841064453 40
      vertex 106.125 66.41746520996094 40
    endloop
  endfacet
  facet normal 0.19509305781049535 -0.9807847362159297 0
    outer loop
      vertex 105.17647552490234 68.70740509033203 40
      vertex 105.33683776855469 68.73930358886719 50
      vertex 105.17647552490234 68.70740509033203 50
    endloop
  endfacet
  facet normal 0.19509305781049535 -0.9807847362159297 0
    outer loop
      vertex 105.33683776855469 68.73930358886719 50
      vertex 105.17647552490234 68.70740509033203 40
      vertex 105.33683776855469 68.73930358886719 40
    endloop
  endfacet
  facet normal -0.659353154016536 0.751833371358605 0
    outer loop
      vertex 106.38388061523438 66.61611938476562 40
      vertex 106.26094818115234 66.50830841064453 50
      vertex 106.38388061523438 66.61611938476562 50
    endloop
  endfacet
  facet normal -0.659353154016536 0.751833371358605 0
    outer loop
      vertex 106.26094818115234 66.50830841064453 50
      vertex 106.38388061523438 66.61611938476562 40
      vertex 106.26094818115234 66.50830841064453 40
    endloop
  endfacet
  facet normal -0.5555936155909411 -0.831453988092297 0
    outer loop
      vertex 106.125 68.58253479003906 40
      vertex 106.26094818115234 68.49169158935547 50
      vertex 106.125 68.58253479003906 50
    endloop
  endfacet
  facet normal -0.5555936155909411 -0.831453988092297 0
    outer loop
      vertex 106.26094818115234 68.49169158935547 50
      vertex 106.125 68.58253479003906 40
      vertex 106.26094818115234 68.49169158935547 40
    endloop
  endfacet
  facet normal 0.3214442881523027 0.9469284923447279 0
    outer loop
      vertex 105.17647552490234 66.29259490966797 40
      vertex 105.02164459228516 66.34515380859375 50
      vertex 105.17647552490234 66.29259490966797 50
    endloop
  endfacet
  facet normal 0.3214442881523027 0.9469284923447279 0
    outer loop
      vertex 105.02164459228516 66.34515380859375 50
      vertex 105.17647552490234 66.29259490966797 40
      vertex 105.02164459228516 66.34515380859375 40
    endloop
  endfacet
  facet normal -0.3214442881523027 0.9469284923447279 0
    outer loop
      vertex 105.97835540771484 66.34515380859375 40
      vertex 105.82352447509766 66.29259490966797 50
      vertex 105.97835540771484 66.34515380859375 50
    endloop
  endfacet
  facet normal -0.3214442881523027 0.9469284923447279 0
    outer loop
      vertex 105.82352447509766 66.29259490966797 50
      vertex 105.97835540771484 66.34515380859375 40
      vertex 105.82352447509766 66.29259490966797 40
    endloop
  endfacet
  facet normal 0.7518130849942802 -0.6593762850083276 0
    outer loop
      vertex 104.50830841064453 68.26095581054688 50
      vertex 104.61611938476562 68.38388061523438 40
      vertex 104.61611938476562 68.38388061523438 50
    endloop
  endfacet
  facet normal 0.7518130849942802 -0.6593762850083276 0
    outer loop
      vertex 104.61611938476562 68.38388061523438 40
      vertex 104.50830841064453 68.26095581054688 50
      vertex 104.50830841064453 68.26095581054688 40
    endloop
  endfacet
  facet normal -0.06541953251629581 0.9978578479750256 0
    outer loop
      vertex 105.66315460205078 66.26069641113281 40
      vertex 105.5 66.25 50
      vertex 105.66315460205078 66.26069641113281 50
    endloop
  endfacet
  facet normal -0.06541953251629581 0.9978578479750256 0
    outer loop
      vertex 105.5 66.25 50
      vertex 105.66315460205078 66.26069641113281 40
      vertex 105.5 66.25 40
    endloop
  endfacet
  facet normal 0.6593762850083276 -0.7518130849942802 0
    outer loop
      vertex 104.61611938476562 68.38388061523438 40
      vertex 104.73904418945312 68.49169158935547 50
      vertex 104.61611938476562 68.38388061523438 50
    endloop
  endfacet
  facet normal 0.6593762850083276 -0.7518130849942802 0
    outer loop
      vertex 104.73904418945312 68.49169158935547 50
      vertex 104.61611938476562 68.38388061523438 40
      vertex 104.73904418945312 68.49169158935547 40
    endloop
  endfacet
  facet normal 0.5555720611246969 -0.8314683907988661 0
    outer loop
      vertex 104.73904418945312 68.49169158935547 40
      vertex 104.875 68.58253479003906 50
      vertex 104.73904418945312 68.49169158935547 50
    endloop
  endfacet
  facet normal 0.5555720611246969 -0.8314683907988661 0
    outer loop
      vertex 104.875 68.58253479003906 50
      vertex 104.73904418945312 68.49169158935547 40
      vertex 104.875 68.58253479003906 40
    endloop
  endfacet
  facet normal 0.5555720611246969 0.8314683907988661 0
    outer loop
      vertex 104.875 66.41746520996094 40
      vertex 104.73904418945312 66.50830841064453 50
      vertex 104.875 66.41746520996094 50
    endloop
  endfacet
  facet normal 0.5555720611246969 0.8314683907988661 0
    outer loop
      vertex 104.73904418945312 66.50830841064453 50
      vertex 104.875 66.41746520996094 40
      vertex 104.73904418945312 66.50830841064453 40
    endloop
  endfacet
  facet normal 0.9978580476593458 -0.06541648661827378 0
    outer loop
      vertex 104.25 67.5 50
      vertex 104.26069641113281 67.66316223144531 40
      vertex 104.26069641113281 67.66316223144531 50
    endloop
  endfacet
  facet normal 0.9978580476593458 -0.06541648661827378 0
    outer loop
      vertex 104.26069641113281 67.66316223144531 40
      vertex 104.25 67.5 50
      vertex 104.25 67.5 40
    endloop
  endfacet
  facet normal -0.19508412973856923 0.9807865121034981 0
    outer loop
      vertex 105.82352447509766 66.29259490966797 40
      vertex 105.66315460205078 66.26069641113281 50
      vertex 105.82352447509766 66.29259490966797 50
    endloop
  endfacet
  facet normal -0.19508412973856923 0.9807865121034981 0
    outer loop
      vertex 105.66315460205078 66.26069641113281 50
      vertex 105.82352447509766 66.29259490966797 40
      vertex 105.66315460205078 66.26069641113281 40
    endloop
  endfacet
  facet normal -0.751833371358605 0.659353154016536 0
    outer loop
      vertex 106.38388061523438 66.61611938476562 40
      vertex 106.49169158935547 66.73905181884766 50
      vertex 106.49169158935547 66.73905181884766 40
    endloop
  endfacet
  facet normal -0.751833371358605 0.659353154016536 0
    outer loop
      vertex 106.49169158935547 66.73905181884766 50
      vertex 106.38388061523438 66.61611938476562 40
      vertex 106.38388061523438 66.61611938476562 50
    endloop
  endfacet
  facet normal 0.3214442881523027 -0.9469284923447279 0
    outer loop
      vertex 105.02164459228516 68.65484619140625 40
      vertex 105.17647552490234 68.70740509033203 50
      vertex 105.02164459228516 68.65484619140625 50
    endloop
  endfacet
  facet normal 0.3214442881523027 -0.9469284923447279 0
    outer loop
      vertex 105.17647552490234 68.70740509033203 50
      vertex 105.02164459228516 68.65484619140625 40
      vertex 105.17647552490234 68.70740509033203 40
    endloop
  endfacet
  facet normal 0.4422606059032384 -0.8968865906379136 0
    outer loop
      vertex 104.875 68.58253479003906 40
      vertex 105.02164459228516 68.65484619140625 50
      vertex 104.875 68.58253479003906 50
    endloop
  endfacet
  facet normal 0.4422606059032384 -0.8968865906379136 0
    outer loop
      vertex 105.02164459228516 68.65484619140625 50
      vertex 104.875 68.58253479003906 40
      vertex 105.02164459228516 68.65484619140625 40
    endloop
  endfacet
  facet normal -0.3214442881523027 -0.9469284923447279 0
    outer loop
      vertex 105.82352447509766 68.70740509033203 40
      vertex 105.97835540771484 68.65484619140625 50
      vertex 105.82352447509766 68.70740509033203 50
    endloop
  endfacet
  facet normal -0.3214442881523027 -0.9469284923447279 0
    outer loop
      vertex 105.97835540771484 68.65484619140625 50
      vertex 105.82352447509766 68.70740509033203 40
      vertex 105.97835540771484 68.65484619140625 40
    endloop
  endfacet
  facet normal 0.9469284923447279 0.3214442881523027 0
    outer loop
      vertex 104.34515380859375 67.02164459228516 50
      vertex 104.29259490966797 67.17647552490234 40
      vertex 104.29259490966797 67.17647552490234 50
    endloop
  endfacet
  facet normal 0.9469284923447279 0.3214442881523027 0
    outer loop
      vertex 104.29259490966797 67.17647552490234 40
      vertex 104.34515380859375 67.02164459228516 50
      vertex 104.34515380859375 67.02164459228516 40
    endloop
  endfacet
  facet normal -0.8314683907988661 -0.5555720611246969 0
    outer loop
      vertex 106.58253479003906 68.125 40
      vertex 106.49169158935547 68.26095581054688 50
      vertex 106.49169158935547 68.26095581054688 40
    endloop
  endfacet
  facet normal -0.8314683907988661 -0.5555720611246969 0
    outer loop
      vertex 106.49169158935547 68.26095581054688 50
      vertex 106.58253479003906 68.125 40
      vertex 106.58253479003906 68.125 50
    endloop
  endfacet
  facet normal 0.9978578479750256 0.06541953251629581 0
    outer loop
      vertex 104.26069641113281 67.33684539794922 50
      vertex 104.25 67.5 40
      vertex 104.25 67.5 50
    endloop
  endfacet
  facet normal 0.9978578479750256 0.06541953251629581 0
    outer loop
      vertex 104.25 67.5 40
      vertex 104.26069641113281 67.33684539794922 50
      vertex 104.26069641113281 67.33684539794922 40
    endloop
  endfacet
  facet normal 0.8314683907988661 -0.5555720611246969 0
    outer loop
      vertex 104.41746520996094 68.125 50
      vertex 104.50830841064453 68.26095581054688 40
      vertex 104.50830841064453 68.26095581054688 50
    endloop
  endfacet
  facet normal 0.8314683907988661 -0.5555720611246969 0
    outer loop
      vertex 104.50830841064453 68.26095581054688 40
      vertex 104.41746520996094 68.125 50
      vertex 104.41746520996094 68.125 40
    endloop
  endfacet
  facet normal 0.831453988092297 0.5555936155909411 0
    outer loop
      vertex 104.50830841064453 66.73905181884766 50
      vertex 104.41746520996094 66.875 40
      vertex 104.41746520996094 66.875 50
    endloop
  endfacet
  facet normal 0.831453988092297 0.5555936155909411 0
    outer loop
      vertex 104.41746520996094 66.875 40
      vertex 104.50830841064453 66.73905181884766 50
      vertex 104.50830841064453 66.73905181884766 40
    endloop
  endfacet
  facet normal 0.4422606059032384 0.8968865906379136 0
    outer loop
      vertex 105.02164459228516 66.34515380859375 40
      vertex 104.875 66.41746520996094 50
      vertex 105.02164459228516 66.34515380859375 50
    endloop
  endfacet
  facet normal 0.4422606059032384 0.8968865906379136 0
    outer loop
      vertex 104.875 66.41746520996094 50
      vertex 105.02164459228516 66.34515380859375 40
      vertex 104.875 66.41746520996094 40
    endloop
  endfacet
  facet normal 0.06541648661827378 -0.9978580476593458 0
    outer loop
      vertex 105.33683776855469 68.73930358886719 40
      vertex 105.5 68.75 50
      vertex 105.33683776855469 68.73930358886719 50
    endloop
  endfacet
  facet normal 0.06541648661827378 -0.9978580476593458 0
    outer loop
      vertex 105.5 68.75 50
      vertex 105.33683776855469 68.73930358886719 40
      vertex 105.5 68.75 40
    endloop
  endfacet
  facet normal 0.9469284923447279 -0.3214442881523027 0
    outer loop
      vertex 104.29259490966797 67.82352447509766 50
      vertex 104.34515380859375 67.97835540771484 40
      vertex 104.34515380859375 67.97835540771484 50
    endloop
  endfacet
  facet normal 0.9469284923447279 -0.3214442881523027 0
    outer loop
      vertex 104.34515380859375 67.97835540771484 40
      vertex 104.29259490966797 67.82352447509766 50
      vertex 104.29259490966797 67.82352447509766 40
    endloop
  endfacet
  facet normal -0.06541953251629581 -0.9978578479750256 0
    outer loop
      vertex 105.5 68.75 40
      vertex 105.66315460205078 68.73930358886719 50
      vertex 105.5 68.75 50
    endloop
  endfacet
  facet normal -0.06541953251629581 -0.9978578479750256 0
    outer loop
      vertex 105.66315460205078 68.73930358886719 50
      vertex 105.5 68.75 40
      vertex 105.66315460205078 68.73930358886719 40
    endloop
  endfacet
  facet normal 0.8968715361521098 -0.4422911344806212 0
    outer loop
      vertex 5.345149993896484 6.978354454040527 50
      vertex 5.417468070983887 7.125 40
      vertex 5.417468070983887 7.125 50
    endloop
  endfacet
  facet normal 0.8968715361521098 -0.4422911344806212 0
    outer loop
      vertex 5.417468070983887 7.125 40
      vertex 5.345149993896484 6.978354454040527 50
      vertex 5.345149993896484 6.978354454040527 40
    endloop
  endfacet
  facet normal 0.9807856241901908 0.1950885936744065 0
    outer loop
      vertex 5.2925920486450195 6.17647647857666 50
      vertex 5.260693550109863 6.3368425369262695 40
      vertex 5.260693550109863 6.3368425369262695 50
    endloop
  endfacet
  facet normal 0.9807856241901908 0.1950885936744065 0
    outer loop
      vertex 5.260693550109863 6.3368425369262695 40
      vertex 5.2925920486450195 6.17647647857666 50
      vertex 5.2925920486450195 6.17647647857666 40
    endloop
  endfacet
  facet normal -0.997858684276243 0.06540677498917946 0
    outer loop
      vertex 7.73930549621582 6.3368425369262695 40
      vertex 7.75 6.5 50
      vertex 7.75 6.5 40
    endloop
  endfacet
  facet normal -0.997858684276243 0.06540677498917946 0
    outer loop
      vertex 7.75 6.5 50
      vertex 7.73930549621582 6.3368425369262695 40
      vertex 7.73930549621582 6.3368425369262695 50
    endloop
  endfacet
  facet normal 0.6593432633132761 0.7518420453282724 0
    outer loop
      vertex 5.739048004150391 5.508308410644531 40
      vertex 5.616115570068359 5.616116523742676 50
      vertex 5.739048004150391 5.508308410644531 50
    endloop
  endfacet
  facet normal 0.6593432633132761 0.7518420453282724 0
    outer loop
      vertex 5.616115570068359 5.616116523742676 50
      vertex 5.739048004150391 5.508308410644531 40
      vertex 5.616115570068359 5.616116523742676 40
    endloop
  endfacet
  facet normal 0.06540639431673653 0.9978587092281569 0
    outer loop
      vertex 6.5 5.25 40
      vertex 6.336841583251953 5.26069450378418 50
      vertex 6.5 5.25 50
    endloop
  endfacet
  facet normal 0.06540639431673653 0.9978587092281569 0
    outer loop
      vertex 6.336841583251953 5.26069450378418 50
      vertex 6.5 5.25 40
      vertex 6.336841583251953 5.26069450378418 40
    endloop
  endfacet
  facet normal -0.9978587092281569 -0.06540639431673653 0
    outer loop
      vertex 7.75 6.5 40
      vertex 7.73930549621582 6.663158416748047 50
      vertex 7.73930549621582 6.663158416748047 40
    endloop
  endfacet
  facet normal -0.9978587092281569 -0.06540639431673653 0
    outer loop
      vertex 7.73930549621582 6.663158416748047 50
      vertex 7.75 6.5 40
      vertex 7.75 6.5 50
    endloop
  endfacet
  facet normal -0.1950885936744065 -0.9807856241901908 0
    outer loop
      vertex 6.6631574630737305 7.739306449890137 40
      vertex 6.82352352142334 7.7074079513549805 50
      vertex 6.6631574630737305 7.739306449890137 50
    endloop
  endfacet
  facet normal -0.1950885936744065 -0.9807856241901908 0
    outer loop
      vertex 6.82352352142334 7.7074079513549805 50
      vertex 6.6631574630737305 7.739306449890137 40
      vertex 6.82352352142334 7.7074079513549805 40
    endloop
  endfacet
  facet normal 0.1950885936744065 0.9807856241901908 0
    outer loop
      vertex 6.336841583251953 5.26069450378418 40
      vertex 6.176475524902344 5.292593002319336 50
      vertex 6.336841583251953 5.26069450378418 50
    endloop
  endfacet
  facet normal 0.1950885936744065 0.9807856241901908 0
    outer loop
      vertex 6.176475524902344 5.292593002319336 50
      vertex 6.336841583251953 5.26069450378418 40
      vertex 6.176475524902344 5.292593002319336 40
    endloop
  endfacet
  facet normal -0.8968715361521098 -0.4422911344806212 0
    outer loop
      vertex 7.654849052429199 6.978354454040527 40
      vertex 7.582530975341797 7.125 50
      vertex 7.582530975341797 7.125 40
    endloop
  endfacet
  facet normal -0.8968715361521098 -0.4422911344806212 0
    outer loop
      vertex 7.582530975341797 7.125 50
      vertex 7.654849052429199 6.978354454040527 40
      vertex 7.654849052429199 6.978354454040527 50
    endloop
  endfacet
  facet normal -0.9807856241901908 -0.1950885936744065 0
    outer loop
      vertex 7.73930549621582 6.663158416748047 40
      vertex 7.707406997680664 6.823524475097656 50
      vertex 7.707406997680664 6.823524475097656 40
    endloop
  endfacet
  facet normal -0.9807856241901908 -0.1950885936744065 0
    outer loop
      vertex 7.707406997680664 6.823524475097656 50
      vertex 7.73930549621582 6.663158416748047 40
      vertex 7.73930549621582 6.663158416748047 50
    endloop
  endfacet
  facet normal -0.6593432633132761 -0.7518420453282724 0
    outer loop
      vertex 7.260951042175293 7.491692543029785 40
      vertex 7.383883476257324 7.383884429931641 50
      vertex 7.260951042175293 7.491692543029785 50
    endloop
  endfacet
  facet normal -0.6593432633132761 -0.7518420453282724 0
    outer loop
      vertex 7.383883476257324 7.383884429931641 50
      vertex 7.260951042175293 7.491692543029785 40
      vertex 7.383883476257324 7.383884429931641 40
    endloop
  endfacet
  facet normal -0.9807856241901908 0.1950885936744065 0
    outer loop
      vertex 7.707406997680664 6.17647647857666 40
      vertex 7.73930549621582 6.3368425369262695 50
      vertex 7.73930549621582 6.3368425369262695 40
    endloop
  endfacet
  facet normal -0.9807856241901908 0.1950885936744065 0
    outer loop
      vertex 7.73930549621582 6.3368425369262695 50
      vertex 7.707406997680664 6.17647647857666 40
      vertex 7.707406997680664 6.17647647857666 50
    endloop
  endfacet
  facet normal -0.9469296650327252 0.3214408335619646 0
    outer loop
      vertex 7.654849052429199 6.021646499633789 40
      vertex 7.707406997680664 6.17647647857666 50
      vertex 7.707406997680664 6.17647647857666 40
    endloop
  endfacet
  facet normal -0.9469296650327252 0.3214408335619646 0
    outer loop
      vertex 7.707406997680664 6.17647647857666 50
      vertex 7.654849052429199 6.021646499633789 40
      vertex 7.654849052429199 6.021646499633789 50
    endloop
  endfacet
  facet normal -0.8314701666012748 0.5555694034520334 0
    outer loop
      vertex 7.491691589355469 5.739048957824707 40
      vertex 7.582530975341797 5.875 50
      vertex 7.582530975341797 5.875 40
    endloop
  endfacet
  facet normal -0.8314701666012748 0.5555694034520334 0
    outer loop
      vertex 7.582530975341797 5.875 50
      vertex 7.491691589355469 5.739048957824707 40
      vertex 7.491691589355469 5.739048957824707 50
    endloop
  endfacet
  facet normal 0.9807856241901908 -0.1950885936744065 0
    outer loop
      vertex 5.260693550109863 6.663158416748047 50
      vertex 5.2925920486450195 6.823524475097656 40
      vertex 5.2925920486450195 6.823524475097656 50
    endloop
  endfacet
  facet normal 0.9807856241901908 -0.1950885936744065 0
    outer loop
      vertex 5.2925920486450195 6.823524475097656 40
      vertex 5.260693550109863 6.663158416748047 50
      vertex 5.260693550109863 6.663158416748047 40
    endloop
  endfacet
  facet normal -0.8968726771228619 0.4422888208291848 0
    outer loop
      vertex 7.582530975341797 5.875 40
      vertex 7.654849052429199 6.021646499633789 50
      vertex 7.654849052429199 6.021646499633789 40
    endloop
  endfacet
  facet normal -0.8968726771228619 0.4422888208291848 0
    outer loop
      vertex 7.654849052429199 6.021646499633789 50
      vertex 7.582530975341797 5.875 40
      vertex 7.582530975341797 5.875 50
    endloop
  endfacet
  facet normal 0.7518420453282724 0.6593432633132761 0
    outer loop
      vertex 5.616115570068359 5.616116523742676 50
      vertex 5.508307456970215 5.739048957824707 40
      vertex 5.508307456970215 5.739048957824707 50
    endloop
  endfacet
  facet normal 0.7518420453282724 0.6593432633132761 0
    outer loop
      vertex 5.508307456970215 5.739048957824707 40
      vertex 5.616115570068359 5.616116523742676 50
      vertex 5.616115570068359 5.616116523742676 40
    endloop
  endfacet
  facet normal -0.4422888208291848 0.8968726771228619 0
    outer loop
      vertex 7.125 5.417469024658203 40
      vertex 6.978353500366211 5.345150947570801 50
      vertex 7.125 5.417469024658203 50
    endloop
  endfacet
  facet normal -0.4422888208291848 0.8968726771228619 0
    outer loop
      vertex 6.978353500366211 5.345150947570801 50
      vertex 7.125 5.417469024658203 40
      vertex 6.978353500366211 5.345150947570801 40
    endloop
  endfacet
  facet normal -0.9469296650327252 -0.3214408335619646 0
    outer loop
      vertex 7.707406997680664 6.823524475097656 40
      vertex 7.654849052429199 6.978354454040527 50
      vertex 7.654849052429199 6.978354454040527 40
    endloop
  endfacet
  facet normal -0.9469296650327252 -0.3214408335619646 0
    outer loop
      vertex 7.654849052429199 6.978354454040527 50
      vertex 7.707406997680664 6.823524475097656 40
      vertex 7.707406997680664 6.823524475097656 50
    endloop
  endfacet
  facet normal -0.4422888208291848 -0.8968726771228619 0
    outer loop
      vertex 6.978353500366211 7.654850006103516 40
      vertex 7.125 7.582531929016113 50
      vertex 6.978353500366211 7.654850006103516 50
    endloop
  endfacet
  facet normal -0.4422888208291848 -0.8968726771228619 0
    outer loop
      vertex 7.125 7.582531929016113 50
      vertex 6.978353500366211 7.654850006103516 40
      vertex 7.125 7.582531929016113 40
    endloop
  endfacet
  facet normal 0.8968726771228619 0.4422888208291848 0
    outer loop
      vertex 5.417468070983887 5.875 50
      vertex 5.345149993896484 6.021646499633789 40
      vertex 5.345149993896484 6.021646499633789 50
    endloop
  endfacet
  facet normal 0.8968726771228619 0.4422888208291848 0
    outer loop
      vertex 5.345149993896484 6.021646499633789 40
      vertex 5.417468070983887 5.875 50
      vertex 5.417468070983887 5.875 40
    endloop
  endfacet
  facet normal -0.7518420453282724 -0.6593432633132761 0
    outer loop
      vertex 7.491691589355469 7.260951995849609 40
      vertex 7.383883476257324 7.383884429931641 50
      vertex 7.383883476257324 7.383884429931641 40
    endloop
  endfacet
  facet normal -0.7518420453282724 -0.6593432633132761 0
    outer loop
      vertex 7.383883476257324 7.383884429931641 50
      vertex 7.491691589355469 7.260951995849609 40
      vertex 7.491691589355469 7.260951995849609 50
    endloop
  endfacet
  facet normal -0.5555694034520334 0.8314701666012748 0
    outer loop
      vertex 7.260951042175293 5.508308410644531 40
      vertex 7.125 5.417469024658203 50
      vertex 7.260951042175293 5.508308410644531 50
    endloop
  endfacet
  facet normal -0.5555694034520334 0.8314701666012748 0
    outer loop
      vertex 7.125 5.417469024658203 50
      vertex 7.260951042175293 5.508308410644531 40
      vertex 7.125 5.417469024658203 40
    endloop
  endfacet
  facet normal 0.1950885936744065 -0.9807856241901908 0
    outer loop
      vertex 6.176475524902344 7.7074079513549805 40
      vertex 6.336841583251953 7.739306449890137 50
      vertex 6.176475524902344 7.7074079513549805 50
    endloop
  endfacet
  facet normal 0.1950885936744065 -0.9807856241901908 0
    outer loop
      vertex 6.336841583251953 7.739306449890137 50
      vertex 6.176475524902344 7.7074079513549805 40
      vertex 6.336841583251953 7.739306449890137 40
    endloop
  endfacet
  facet normal -0.6593432633132761 0.7518420453282724 0
    outer loop
      vertex 7.383883476257324 5.616116523742676 40
      vertex 7.260951042175293 5.508308410644531 50
      vertex 7.383883476257324 5.616116523742676 50
    endloop
  endfacet
  facet normal -0.6593432633132761 0.7518420453282724 0
    outer loop
      vertex 7.260951042175293 5.508308410644531 50
      vertex 7.383883476257324 5.616116523742676 40
      vertex 7.260951042175293 5.508308410644531 40
    endloop
  endfacet
  facet normal -0.5555694034520334 -0.8314701666012748 0
    outer loop
      vertex 7.125 7.582531929016113 40
      vertex 7.260951042175293 7.491692543029785 50
      vertex 7.125 7.582531929016113 50
    endloop
  endfacet
  facet normal -0.5555694034520334 -0.8314701666012748 0
    outer loop
      vertex 7.260951042175293 7.491692543029785 50
      vertex 7.125 7.582531929016113 40
      vertex 7.260951042175293 7.491692543029785 40
    endloop
  endfacet
  facet normal -0.3214408335619646 0.9469296650327252 0
    outer loop
      vertex 6.978353500366211 5.345150947570801 40
      vertex 6.82352352142334 5.292593002319336 50
      vertex 6.978353500366211 5.345150947570801 50
    endloop
  endfacet
  facet normal -0.3214408335619646 0.9469296650327252 0
    outer loop
      vertex 6.82352352142334 5.292593002319336 50
      vertex 6.978353500366211 5.345150947570801 40
      vertex 6.82352352142334 5.292593002319336 40
    endloop
  endfacet
  facet normal 0.7518420453282724 -0.6593432633132761 0
    outer loop
      vertex 5.508307456970215 7.260951995849609 50
      vertex 5.616115570068359 7.383884429931641 40
      vertex 5.616115570068359 7.383884429931641 50
    endloop
  endfacet
  facet normal 0.7518420453282724 -0.6593432633132761 0
    outer loop
      vertex 5.616115570068359 7.383884429931641 40
      vertex 5.508307456970215 7.260951995849609 50
      vertex 5.508307456970215 7.260951995849609 40
    endloop
  endfacet
  facet normal -0.06540677498917946 0.997858684276243 0
    outer loop
      vertex 6.6631574630737305 5.26069450378418 40
      vertex 6.5 5.25 50
      vertex 6.6631574630737305 5.26069450378418 50
    endloop
  endfacet
  facet normal -0.06540677498917946 0.997858684276243 0
    outer loop
      vertex 6.5 5.25 50
      vertex 6.6631574630737305 5.26069450378418 40
      vertex 6.5 5.25 40
    endloop
  endfacet
  facet normal 0.6593432633132761 -0.7518420453282724 0
    outer loop
      vertex 5.616115570068359 7.383884429931641 40
      vertex 5.739048004150391 7.491692543029785 50
      vertex 5.616115570068359 7.383884429931641 50
    endloop
  endfacet
  facet normal 0.6593432633132761 -0.7518420453282724 0
    outer loop
      vertex 5.739048004150391 7.491692543029785 50
      vertex 5.616115570068359 7.383884429931641 40
      vertex 5.739048004150391 7.491692543029785 40
    endloop
  endfacet
  facet normal 0.5555667091419773 -0.8314719668714957 0
    outer loop
      vertex 5.739048004150391 7.491692543029785 40
      vertex 5.875 7.582531929016113 50
      vertex 5.739048004150391 7.491692543029785 50
    endloop
  endfacet
  facet normal 0.5555667091419773 -0.8314719668714957 0
    outer loop
      vertex 5.875 7.582531929016113 50
      vertex 5.739048004150391 7.491692543029785 40
      vertex 5.875 7.582531929016113 40
    endloop
  endfacet
  facet normal 0.5555667091419773 0.8314719668714957 0
    outer loop
      vertex 5.875 5.417469024658203 40
      vertex 5.739048004150391 5.508308410644531 50
      vertex 5.875 5.417469024658203 50
    endloop
  endfacet
  facet normal 0.5555667091419773 0.8314719668714957 0
    outer loop
      vertex 5.739048004150391 5.508308410644531 50
      vertex 5.875 5.417469024658203 40
      vertex 5.739048004150391 5.508308410644531 40
    endloop
  endfacet
  facet normal 0.997859089881634 -0.06540058669918146 0
    outer loop
      vertex 5.25 6.5 50
      vertex 5.260693550109863 6.663158416748047 40
      vertex 5.260693550109863 6.663158416748047 50
    endloop
  endfacet
  facet normal 0.997859089881634 -0.06540058669918146 0
    outer loop
      vertex 5.260693550109863 6.663158416748047 40
      vertex 5.25 6.5 50
      vertex 5.25 6.5 40
    endloop
  endfacet
  facet normal -0.1950885936744065 0.9807856241901908 0
    outer loop
      vertex 6.82352352142334 5.292593002319336 40
      vertex 6.6631574630737305 5.26069450378418 50
      vertex 6.82352352142334 5.292593002319336 50
    endloop
  endfacet
  facet normal -0.1950885936744065 0.9807856241901908 0
    outer loop
      vertex 6.6631574630737305 5.26069450378418 50
      vertex 6.82352352142334 5.292593002319336 40
      vertex 6.6631574630737305 5.26069450378418 40
    endloop
  endfacet
  facet normal -0.7518420453282724 0.6593432633132761 0
    outer loop
      vertex 7.383883476257324 5.616116523742676 40
      vertex 7.491691589355469 5.739048957824707 50
      vertex 7.491691589355469 5.739048957824707 40
    endloop
  endfacet
  facet normal -0.7518420453282724 0.6593432633132761 0
    outer loop
      vertex 7.491691589355469 5.739048957824707 50
      vertex 7.383883476257324 5.616116523742676 40
      vertex 7.383883476257324 5.616116523742676 50
    endloop
  endfacet
  facet normal 0.3214408335619646 -0.9469296650327252 0
    outer loop
      vertex 6.021645545959473 7.654850006103516 40
      vertex 6.176475524902344 7.7074079513549805 50
      vertex 6.021645545959473 7.654850006103516 50
    endloop
  endfacet
  facet normal 0.3214408335619646 -0.9469296650327252 0
    outer loop
      vertex 6.176475524902344 7.7074079513549805 50
      vertex 6.021645545959473 7.654850006103516 40
      vertex 6.176475524902344 7.7074079513549805 40
    endloop
  endfacet
  facet normal 0.4422911344806212 -0.8968715361521098 0
    outer loop
      vertex 5.875 7.582531929016113 40
      vertex 6.021645545959473 7.654850006103516 50
      vertex 5.875 7.582531929016113 50
    endloop
  endfacet
  facet normal 0.4422911344806212 -0.8968715361521098 0
    outer loop
      vertex 6.021645545959473 7.654850006103516 50
      vertex 5.875 7.582531929016113 40
      vertex 6.021645545959473 7.654850006103516 40
    endloop
  endfacet
  facet normal 0.3214408335619646 0.9469296650327252 0
    outer loop
      vertex 6.176475524902344 5.292593002319336 40
      vertex 6.021645545959473 5.345150947570801 50
      vertex 6.176475524902344 5.292593002319336 50
    endloop
  endfacet
  facet normal 0.3214408335619646 0.9469296650327252 0
    outer loop
      vertex 6.021645545959473 5.345150947570801 50
      vertex 6.176475524902344 5.292593002319336 40
      vertex 6.021645545959473 5.345150947570801 40
    endloop
  endfacet
  facet normal -0.3214408335619646 -0.9469296650327252 0
    outer loop
      vertex 6.82352352142334 7.7074079513549805 40
      vertex 6.978353500366211 7.654850006103516 50
      vertex 6.82352352142334 7.7074079513549805 50
    endloop
  endfacet
  facet normal -0.3214408335619646 -0.9469296650327252 0
    outer loop
      vertex 6.978353500366211 7.654850006103516 50
      vertex 6.82352352142334 7.7074079513549805 40
      vertex 6.978353500366211 7.654850006103516 40
    endloop
  endfacet
  facet normal 0.9469296650327252 0.3214408335619646 0
    outer loop
      vertex 5.345149993896484 6.021646499633789 50
      vertex 5.2925920486450195 6.17647647857666 40
      vertex 5.2925920486450195 6.17647647857666 50
    endloop
  endfacet
  facet normal 0.9469296650327252 0.3214408335619646 0
    outer loop
      vertex 5.2925920486450195 6.17647647857666 40
      vertex 5.345149993896484 6.021646499633789 50
      vertex 5.345149993896484 6.021646499633789 40
    endloop
  endfacet
  facet normal -0.8314719668714957 -0.5555667091419773 0
    outer loop
      vertex 7.582530975341797 7.125 40
      vertex 7.491691589355469 7.260951995849609 50
      vertex 7.491691589355469 7.260951995849609 40
    endloop
  endfacet
  facet normal -0.8314719668714957 -0.5555667091419773 0
    outer loop
      vertex 7.491691589355469 7.260951995849609 50
      vertex 7.582530975341797 7.125 40
      vertex 7.582530975341797 7.125 50
    endloop
  endfacet
  facet normal 0.9978590649341413 0.06540096733811382 0
    outer loop
      vertex 5.260693550109863 6.3368425369262695 50
      vertex 5.25 6.5 40
      vertex 5.25 6.5 50
    endloop
  endfacet
  facet normal 0.9978590649341413 0.06540096733811382 0
    outer loop
      vertex 5.25 6.5 40
      vertex 5.260693550109863 6.3368425369262695 50
      vertex 5.260693550109863 6.3368425369262695 40
    endloop
  endfacet
  facet normal 0.8314719668714957 -0.5555667091419773 0
    outer loop
      vertex 5.417468070983887 7.125 50
      vertex 5.508307456970215 7.260951995849609 40
      vertex 5.508307456970215 7.260951995849609 50
    endloop
  endfacet
  facet normal 0.8314719668714957 -0.5555667091419773 0
    outer loop
      vertex 5.508307456970215 7.260951995849609 40
      vertex 5.417468070983887 7.125 50
      vertex 5.417468070983887 7.125 40
    endloop
  endfacet
  facet normal 0.8314701666012748 0.5555694034520334 0
    outer loop
      vertex 5.508307456970215 5.739048957824707 50
      vertex 5.417468070983887 5.875 40
      vertex 5.417468070983887 5.875 50
    endloop
  endfacet
  facet normal 0.8314701666012748 0.5555694034520334 0
    outer loop
      vertex 5.417468070983887 5.875 40
      vertex 5.508307456970215 5.739048957824707 50
      vertex 5.508307456970215 5.739048957824707 40
    endloop
  endfacet
  facet normal 0.4422911344806212 0.8968715361521098 0
    outer loop
      vertex 6.021645545959473 5.345150947570801 40
      vertex 5.875 5.417469024658203 50
      vertex 6.021645545959473 5.345150947570801 50
    endloop
  endfacet
  facet normal 0.4422911344806212 0.8968715361521098 0
    outer loop
      vertex 5.875 5.417469024658203 50
      vertex 6.021645545959473 5.345150947570801 40
      vertex 5.875 5.417469024658203 40
    endloop
  endfacet
  facet normal 0.06540058669918146 -0.997859089881634 0
    outer loop
      vertex 6.336841583251953 7.739306449890137 40
      vertex 6.5 7.75 50
      vertex 6.336841583251953 7.739306449890137 50
    endloop
  endfacet
  facet normal 0.06540058669918146 -0.997859089881634 0
    outer loop
      vertex 6.5 7.75 50
      vertex 6.336841583251953 7.739306449890137 40
      vertex 6.5 7.75 40
    endloop
  endfacet
  facet normal 0.9469296650327252 -0.3214408335619646 0
    outer loop
      vertex 5.2925920486450195 6.823524475097656 50
      vertex 5.345149993896484 6.978354454040527 40
      vertex 5.345149993896484 6.978354454040527 50
    endloop
  endfacet
  facet normal 0.9469296650327252 -0.3214408335619646 0
    outer loop
      vertex 5.345149993896484 6.978354454040527 40
      vertex 5.2925920486450195 6.823524475097656 50
      vertex 5.2925920486450195 6.823524475097656 40
    endloop
  endfacet
  facet normal -0.06540096733811382 -0.9978590649341413 0
    outer loop
      vertex 6.5 7.75 40
      vertex 6.6631574630737305 7.739306449890137 50
      vertex 6.5 7.75 50
    endloop
  endfacet
  facet normal -0.06540096733811382 -0.9978590649341413 0
    outer loop
      vertex 6.6631574630737305 7.739306449890137 50
      vertex 6.5 7.75 40
      vertex 6.6631574630737305 7.739306449890137 40
    endloop
  endfacet
  facet normal 0.06539906418766282 -0.9978591896672485 0
    outer loop
      vertex 105.33683776855469 7.739306449890137 40
      vertex 105.5 7.75 50
      vertex 105.33683776855469 7.739306449890137 50
    endloop
  endfacet
  facet normal 0.06539906418766282 -0.9978591896672485 0
    outer loop
      vertex 105.5 7.75 50
      vertex 105.33683776855469 7.739306449890137 40
      vertex 105.5 7.75 40
    endloop
  endfacet
  facet normal -0.9978579228599143 0.06541839027137003 0
    outer loop
      vertex 106.73930358886719 6.3368425369262695 40
      vertex 106.75 6.5 50
      vertex 106.75 6.5 40
    endloop
  endfacet
  facet normal -0.9978579228599143 0.06541839027137003 0
    outer loop
      vertex 106.75 6.5 50
      vertex 106.73930358886719 6.3368425369262695 40
      vertex 106.73930358886719 6.3368425369262695 50
    endloop
  endfacet
  facet normal 0.6593663944918403 0.7518217593384957 0
    outer loop
      vertex 104.73904418945312 5.508308410644531 40
      vertex 104.61611938476562 5.616116523742676 50
      vertex 104.73904418945312 5.508308410644531 50
    endloop
  endfacet
  facet normal 0.6593663944918403 0.7518217593384957 0
    outer loop
      vertex 104.61611938476562 5.616116523742676 50
      vertex 104.73904418945312 5.508308410644531 40
      vertex 104.61611938476562 5.616116523742676 40
    endloop
  endfacet
  facet normal 0.06540487167117946 0.9978588090314564 0
    outer loop
      vertex 105.5 5.25 40
      vertex 105.33683776855469 5.26069450378418 50
      vertex 105.5 5.25 50
    endloop
  endfacet
  facet normal 0.06540487167117946 0.9978588090314564 0
    outer loop
      vertex 105.33683776855469 5.26069450378418 50
      vertex 105.5 5.25 40
      vertex 105.33683776855469 5.26069450378418 40
    endloop
  endfacet
  facet normal -0.9978579478206723 -0.06541800953190631 0
    outer loop
      vertex 106.75 6.5 40
      vertex 106.73930358886719 6.663158416748047 50
      vertex 106.73930358886719 6.663158416748047 40
    endloop
  endfacet
  facet normal -0.9978579478206723 -0.06541800953190631 0
    outer loop
      vertex 106.73930358886719 6.663158416748047 50
      vertex 106.75 6.5 40
      vertex 106.75 6.5 50
    endloop
  endfacet
  facet normal -0.19508412973856923 -0.9807865121034981 0
    outer loop
      vertex 105.66315460205078 7.739306449890137 40
      vertex 105.82352447509766 7.7074079513549805 50
      vertex 105.66315460205078 7.739306449890137 50
    endloop
  endfacet
  facet normal -0.19508412973856923 -0.9807865121034981 0
    outer loop
      vertex 105.82352447509766 7.7074079513549805 50
      vertex 105.66315460205078 7.739306449890137 40
      vertex 105.82352447509766 7.7074079513549805 40
    endloop
  endfacet
  facet normal 0.19509305781049535 0.9807847362159297 0
    outer loop
      vertex 105.33683776855469 5.26069450378418 40
      vertex 105.17647552490234 5.292593002319336 50
      vertex 105.33683776855469 5.26069450378418 50
    endloop
  endfacet
  facet normal 0.19509305781049535 0.9807847362159297 0
    outer loop
      vertex 105.17647552490234 5.292593002319336 50
      vertex 105.33683776855469 5.26069450378418 40
      vertex 105.17647552490234 5.292593002319336 40
    endloop
  endfacet
  facet normal -0.8968877314777312 -0.4422582923187865 0
    outer loop
      vertex 106.65484619140625 6.978354454040527 40
      vertex 106.58253479003906 7.125 50
      vertex 106.58253479003906 7.125 40
    endloop
  endfacet
  facet normal -0.8968877314777312 -0.4422582923187865 0
    outer loop
      vertex 106.58253479003906 7.125 50
      vertex 106.65484619140625 6.978354454040527 40
      vertex 106.65484619140625 6.978354454040527 50
    endloop
  endfacet
  facet normal -0.9807856241901908 -0.1950885936744065 0
    outer loop
      vertex 106.73930358886719 6.663158416748047 40
      vertex 106.70740509033203 6.823524475097656 50
      vertex 106.70740509033203 6.823524475097656 40
    endloop
  endfacet
  facet normal -0.9807856241901908 -0.1950885936744065 0
    outer loop
      vertex 106.70740509033203 6.823524475097656 50
      vertex 106.73930358886719 6.663158416748047 40
      vertex 106.73930358886719 6.663158416748047 50
    endloop
  endfacet
  facet normal -0.6593432633132761 -0.7518420453282724 0
    outer loop
      vertex 106.26094818115234 7.491692543029785 40
      vertex 106.38388061523438 7.383884429931641 50
      vertex 106.26094818115234 7.491692543029785 50
    endloop
  endfacet
  facet normal -0.6593432633132761 -0.7518420453282724 0
    outer loop
      vertex 106.38388061523438 7.383884429931641 50
      vertex 106.26094818115234 7.491692543029785 40
      vertex 106.38388061523438 7.383884429931641 40
    endloop
  endfacet
  facet normal -0.9807856241901908 0.1950885936744065 0
    outer loop
      vertex 106.70740509033203 6.17647647857666 40
      vertex 106.73930358886719 6.3368425369262695 50
      vertex 106.73930358886719 6.3368425369262695 40
    endloop
  endfacet
  facet normal -0.9807856241901908 0.1950885936744065 0
    outer loop
      vertex 106.73930358886719 6.3368425369262695 50
      vertex 106.70740509033203 6.17647647857666 40
      vertex 106.70740509033203 6.17647647857666 50
    endloop
  endfacet
  facet normal -0.9469278896816777 0.321446063505224 0
    outer loop
      vertex 106.65484619140625 6.021646499633789 40
      vertex 106.70740509033203 6.17647647857666 50
      vertex 106.70740509033203 6.17647647857666 40
    endloop
  endfacet
  facet normal -0.9469278896816777 0.321446063505224 0
    outer loop
      vertex 106.70740509033203 6.17647647857666 50
      vertex 106.65484619140625 6.021646499633789 40
      vertex 106.65484619140625 6.021646499633789 50
    endloop
  endfacet
  facet normal -0.8314593893037039 0.5555855325138621 0
    outer loop
      vertex 106.49169158935547 5.739048957824707 40
      vertex 106.58253479003906 5.875 50
      vertex 106.58253479003906 5.875 40
    endloop
  endfacet
  facet normal -0.8314593893037039 0.5555855325138621 0
    outer loop
      vertex 106.58253479003906 5.875 50
      vertex 106.49169158935547 5.739048957824707 40
      vertex 106.49169158935547 5.739048957824707 50
    endloop
  endfacet
  facet normal 0.9807856241901908 -0.1950885936744065 0
    outer loop
      vertex 104.26069641113281 6.663158416748047 50
      vertex 104.29259490966797 6.823524475097656 40
      vertex 104.29259490966797 6.823524475097656 50
    endloop
  endfacet
  facet normal 0.9807856241901908 -0.1950885936744065 0
    outer loop
      vertex 104.29259490966797 6.823524475097656 40
      vertex 104.26069641113281 6.663158416748047 50
      vertex 104.26069641113281 6.663158416748047 40
    endloop
  endfacet
  facet normal -0.8968888722996448 0.44225597875559775 0
    outer loop
      vertex 106.58253479003906 5.875 40
      vertex 106.65484619140625 6.021646499633789 50
      vertex 106.65484619140625 6.021646499633789 40
    endloop
  endfacet
  facet normal -0.8968888722996448 0.44225597875559775 0
    outer loop
      vertex 106.65484619140625 6.021646499633789 50
      vertex 106.58253479003906 5.875 40
      vertex 106.58253479003906 5.875 50
    endloop
  endfacet
  facet normal 0.751833371358605 0.659353154016536 0
    outer loop
      vertex 104.61611938476562 5.616116523742676 50
      vertex 104.50830841064453 5.739048957824707 40
      vertex 104.50830841064453 5.739048957824707 50
    endloop
  endfacet
  facet normal 0.751833371358605 0.659353154016536 0
    outer loop
      vertex 104.50830841064453 5.739048957824707 40
      vertex 104.61611938476562 5.616116523742676 50
      vertex 104.61611938476562 5.616116523742676 40
    endloop
  endfacet
  facet normal -0.44229344815332006 0.8968703951634519 0
    outer loop
      vertex 106.125 5.417469024658203 40
      vertex 105.97835540771484 5.345150947570801 50
      vertex 106.125 5.417469024658203 50
    endloop
  endfacet
  facet normal -0.44229344815332006 0.8968703951634519 0
    outer loop
      vertex 105.97835540771484 5.345150947570801 50
      vertex 106.125 5.417469024658203 40
      vertex 105.97835540771484 5.345150947570801 40
    endloop
  endfacet
  facet normal -0.9469278896816777 -0.321446063505224 0
    outer loop
      vertex 106.70740509033203 6.823524475097656 40
      vertex 106.65484619140625 6.978354454040527 50
      vertex 106.65484619140625 6.978354454040527 40
    endloop
  endfacet
  facet normal -0.9469278896816777 -0.321446063505224 0
    outer loop
      vertex 106.65484619140625 6.978354454040527 50
      vertex 106.70740509033203 6.823524475097656 40
      vertex 106.70740509033203 6.823524475097656 50
    endloop
  endfacet
  facet normal -0.44229344815332006 -0.8968703951634519 0
    outer loop
      vertex 105.97835540771484 7.654850006103516 40
      vertex 106.125 7.582531929016113 50
      vertex 105.97835540771484 7.654850006103516 50
    endloop
  endfacet
  facet normal -0.44229344815332006 -0.8968703951634519 0
    outer loop
      vertex 106.125 7.582531929016113 50
      vertex 105.97835540771484 7.654850006103516 40
      vertex 106.125 7.582531929016113 40
    endloop
  endfacet
  facet normal 0.8968888722996448 0.44225597875559775 0
    outer loop
      vertex 104.41746520996094 5.875 50
      vertex 104.34515380859375 6.021646499633789 40
      vertex 104.34515380859375 6.021646499633789 50
    endloop
  endfacet
  facet normal 0.8968888722996448 0.44225597875559775 0
    outer loop
      vertex 104.34515380859375 6.021646499633789 40
      vertex 104.41746520996094 5.875 50
      vertex 104.41746520996094 5.875 40
    endloop
  endfacet
  facet normal -0.751833371358605 -0.659353154016536 0
    outer loop
      vertex 106.49169158935547 7.260951995849609 40
      vertex 106.38388061523438 7.383884429931641 50
      vertex 106.38388061523438 7.383884429931641 40
    endloop
  endfacet
  facet normal -0.751833371358605 -0.659353154016536 0
    outer loop
      vertex 106.38388061523438 7.383884429931641 50
      vertex 106.49169158935547 7.260951995849609 40
      vertex 106.49169158935547 7.260951995849609 50
    endloop
  endfacet
  facet normal -0.5555774865039987 0.8314647656334568 0
    outer loop
      vertex 106.26094818115234 5.508308410644531 40
      vertex 106.125 5.417469024658203 50
      vertex 106.26094818115234 5.508308410644531 50
    endloop
  endfacet
  facet normal -0.5555774865039987 0.8314647656334568 0
    outer loop
      vertex 106.125 5.417469024658203 50
      vertex 106.26094818115234 5.508308410644531 40
      vertex 106.125 5.417469024658203 40
    endloop
  endfacet
  facet normal -0.751833371358605 0.659353154016536 0
    outer loop
      vertex 106.38388061523438 5.616116523742676 40
      vertex 106.49169158935547 5.739048957824707 50
      vertex 106.49169158935547 5.739048957824707 40
    endloop
  endfacet
  facet normal -0.751833371358605 0.659353154016536 0
    outer loop
      vertex 106.49169158935547 5.739048957824707 50
      vertex 106.38388061523438 5.616116523742676 40
      vertex 106.38388061523438 5.616116523742676 50
    endloop
  endfacet
  facet normal 0.19509305781049535 -0.9807847362159297 0
    outer loop
      vertex 105.17647552490234 7.7074079513549805 40
      vertex 105.33683776855469 7.739306449890137 50
      vertex 105.17647552490234 7.7074079513549805 50
    endloop
  endfacet
  facet normal 0.19509305781049535 -0.9807847362159297 0
    outer loop
      vertex 105.33683776855469 7.739306449890137 50
      vertex 105.17647552490234 7.7074079513549805 40
      vertex 105.33683776855469 7.739306449890137 40
    endloop
  endfacet
  facet normal 0.5555559321047435 -0.8314791676904657 0
    outer loop
      vertex 104.73904418945312 7.491692543029785 40
      vertex 104.875 7.582531929016113 50
      vertex 104.73904418945312 7.491692543029785 50
    endloop
  endfacet
  facet normal 0.5555559321047435 -0.8314791676904657 0
    outer loop
      vertex 104.875 7.582531929016113 50
      vertex 104.73904418945312 7.491692543029785 40
      vertex 104.875 7.582531929016113 40
    endloop
  endfacet
  facet normal -0.6593432633132761 0.7518420453282724 0
    outer loop
      vertex 106.38388061523438 5.616116523742676 40
      vertex 106.26094818115234 5.508308410644531 50
      vertex 106.38388061523438 5.616116523742676 50
    endloop
  endfacet
  facet normal -0.6593432633132761 0.7518420453282724 0
    outer loop
      vertex 106.26094818115234 5.508308410644531 50
      vertex 106.38388061523438 5.616116523742676 40
      vertex 106.26094818115234 5.508308410644531 40
    endloop
  endfacet
  facet normal -0.5555774865039987 -0.8314647656334568 0
    outer loop
      vertex 106.125 7.582531929016113 40
      vertex 106.26094818115234 7.491692543029785 50
      vertex 106.125 7.582531929016113 50
    endloop
  endfacet
  facet normal -0.5555774865039987 -0.8314647656334568 0
    outer loop
      vertex 106.26094818115234 7.491692543029785 50
      vertex 106.125 7.582531929016113 40
      vertex 106.26094818115234 7.491692543029785 40
    endloop
  endfacet
  facet normal -0.3214390582312715 0.9469302676772948 0
    outer loop
      vertex 105.97835540771484 5.345150947570801 40
      vertex 105.82352447509766 5.292593002319336 50
      vertex 105.97835540771484 5.345150947570801 50
    endloop
  endfacet
  facet normal -0.3214390582312715 0.9469302676772948 0
    outer loop
      vertex 105.82352447509766 5.292593002319336 50
      vertex 105.97835540771484 5.345150947570801 40
      vertex 105.82352447509766 5.292593002319336 40
    endloop
  endfacet
  facet normal 0.751833371358605 -0.659353154016536 0
    outer loop
      vertex 104.50830841064453 7.260951995849609 50
      vertex 104.61611938476562 7.383884429931641 40
      vertex 104.61611938476562 7.383884429931641 50
    endloop
  endfacet
  facet normal 0.751833371358605 -0.659353154016536 0
    outer loop
      vertex 104.61611938476562 7.383884429931641 40
      vertex 104.50830841064453 7.260951995849609 50
      vertex 104.50830841064453 7.260951995849609 40
    endloop
  endfacet
  facet normal 0.9469278896816777 -0.321446063505224 0
    outer loop
      vertex 104.29259490966797 6.823524475097656 50
      vertex 104.34515380859375 6.978354454040527 40
      vertex 104.34515380859375 6.978354454040527 50
    endloop
  endfacet
  facet normal 0.9469278896816777 -0.321446063505224 0
    outer loop
      vertex 104.34515380859375 6.978354454040527 40
      vertex 104.29259490966797 6.823524475097656 50
      vertex 104.29259490966797 6.823524475097656 40
    endloop
  endfacet
  facet normal -0.06540791703303825 0.997858609417887 0
    outer loop
      vertex 105.66315460205078 5.26069450378418 40
      vertex 105.5 5.25 50
      vertex 105.66315460205078 5.26069450378418 50
    endloop
  endfacet
  facet normal -0.06540791703303825 0.997858609417887 0
    outer loop
      vertex 105.5 5.25 50
      vertex 105.66315460205078 5.26069450378418 40
      vertex 105.5 5.25 40
    endloop
  endfacet
  facet normal -0.06540210928143861 -0.9978589900890501 0
    outer loop
      vertex 105.5 7.75 40
      vertex 105.66315460205078 7.739306449890137 50
      vertex 105.5 7.75 50
    endloop
  endfacet
  facet normal -0.06540210928143861 -0.9978589900890501 0
    outer loop
      vertex 105.66315460205078 7.739306449890137 50
      vertex 105.5 7.75 40
      vertex 105.66315460205078 7.739306449890137 40
    endloop
  endfacet
  facet normal 0.6593663944918403 -0.7518217593384957 0
    outer loop
      vertex 104.61611938476562 7.383884429931641 40
      vertex 104.73904418945312 7.491692543029785 50
      vertex 104.61611938476562 7.383884429931641 50
    endloop
  endfacet
  facet normal 0.6593663944918403 -0.7518217593384957 0
    outer loop
      vertex 104.73904418945312 7.491692543029785 50
      vertex 104.61611938476562 7.383884429931641 40
      vertex 104.73904418945312 7.491692543029785 40
    endloop
  endfacet
  facet normal 0.5555559321047435 0.8314791676904657 0
    outer loop
      vertex 104.875 5.417469024658203 40
      vertex 104.73904418945312 5.508308410644531 50
      vertex 104.875 5.417469024658203 50
    endloop
  endfacet
  facet normal 0.5555559321047435 0.8314791676904657 0
    outer loop
      vertex 104.73904418945312 5.508308410644531 50
      vertex 104.875 5.417469024658203 40
      vertex 104.73904418945312 5.508308410644531 40
    endloop
  endfacet
  facet normal 0.9978579478206723 -0.06541800953190631 0
    outer loop
      vertex 104.25 6.5 50
      vertex 104.26069641113281 6.663158416748047 40
      vertex 104.26069641113281 6.663158416748047 50
    endloop
  endfacet
  facet normal 0.9978579478206723 -0.06541800953190631 0
    outer loop
      vertex 104.26069641113281 6.663158416748047 40
      vertex 104.25 6.5 50
      vertex 104.25 6.5 40
    endloop
  endfacet
  facet normal -0.19508412973856923 0.9807865121034981 0
    outer loop
      vertex 105.82352447509766 5.292593002319336 40
      vertex 105.66315460205078 5.26069450378418 50
      vertex 105.82352447509766 5.292593002319336 50
    endloop
  endfacet
  facet normal -0.19508412973856923 0.9807865121034981 0
    outer loop
      vertex 105.66315460205078 5.26069450378418 50
      vertex 105.82352447509766 5.292593002319336 40
      vertex 105.66315460205078 5.26069450378418 40
    endloop
  endfacet
  facet normal 0.44229344815332006 -0.8968703951634519 0
    outer loop
      vertex 104.875 7.582531929016113 40
      vertex 105.02164459228516 7.654850006103516 50
      vertex 104.875 7.582531929016113 50
    endloop
  endfacet
  facet normal 0.44229344815332006 -0.8968703951634519 0
    outer loop
      vertex 105.02164459228516 7.654850006103516 50
      vertex 104.875 7.582531929016113 40
      vertex 105.02164459228516 7.654850006103516 40
    endloop
  endfacet
  facet normal 0.3214390582312715 -0.9469302676772948 0
    outer loop
      vertex 105.02164459228516 7.654850006103516 40
      vertex 105.17647552490234 7.7074079513549805 50
      vertex 105.02164459228516 7.654850006103516 50
    endloop
  endfacet
  facet normal 0.3214390582312715 -0.9469302676772948 0
    outer loop
      vertex 105.17647552490234 7.7074079513549805 50
      vertex 105.02164459228516 7.654850006103516 40
      vertex 105.17647552490234 7.7074079513549805 40
    endloop
  endfacet
  facet normal 0.3214390582312715 0.9469302676772948 0
    outer loop
      vertex 105.17647552490234 5.292593002319336 40
      vertex 105.02164459228516 5.345150947570801 50
      vertex 105.17647552490234 5.292593002319336 50
    endloop
  endfacet
  facet normal 0.3214390582312715 0.9469302676772948 0
    outer loop
      vertex 105.02164459228516 5.345150947570801 50
      vertex 105.17647552490234 5.292593002319336 40
      vertex 105.02164459228516 5.345150947570801 40
    endloop
  endfacet
  facet normal -0.3214390582312715 -0.9469302676772948 0
    outer loop
      vertex 105.82352447509766 7.7074079513549805 40
      vertex 105.97835540771484 7.654850006103516 50
      vertex 105.82352447509766 7.7074079513549805 50
    endloop
  endfacet
  facet normal -0.3214390582312715 -0.9469302676772948 0
    outer loop
      vertex 105.97835540771484 7.654850006103516 50
      vertex 105.82352447509766 7.7074079513549805 40
      vertex 105.97835540771484 7.654850006103516 40
    endloop
  endfacet
  facet normal 0.9469278896816777 0.321446063505224 0
    outer loop
      vertex 104.34515380859375 6.021646499633789 50
      vertex 104.29259490966797 6.17647647857666 40
      vertex 104.29259490966797 6.17647647857666 50
    endloop
  endfacet
  facet normal 0.9469278896816777 0.321446063505224 0
    outer loop
      vertex 104.29259490966797 6.17647647857666 40
      vertex 104.34515380859375 6.021646499633789 50
      vertex 104.34515380859375 6.021646499633789 40
    endloop
  endfacet
  facet normal 0.9807856241901908 0.1950885936744065 0
    outer loop
      vertex 104.29259490966797 6.17647647857666 50
      vertex 104.26069641113281 6.3368425369262695 40
      vertex 104.26069641113281 6.3368425369262695 50
    endloop
  endfacet
  facet normal 0.9807856241901908 0.1950885936744065 0
    outer loop
      vertex 104.26069641113281 6.3368425369262695 40
      vertex 104.29259490966797 6.17647647857666 50
      vertex 104.29259490966797 6.17647647857666 40
    endloop
  endfacet
  facet normal -0.8314611896551201 -0.5555828381954327 0
    outer loop
      vertex 106.58253479003906 7.125 40
      vertex 106.49169158935547 7.260951995849609 50
      vertex 106.49169158935547 7.260951995849609 40
    endloop
  endfacet
  facet normal -0.8314611896551201 -0.5555828381954327 0
    outer loop
      vertex 106.49169158935547 7.260951995849609 50
      vertex 106.58253479003906 7.125 40
      vertex 106.58253479003906 7.125 50
    endloop
  endfacet
  facet normal 0.9978579228599143 0.06541839027137003 0
    outer loop
      vertex 104.26069641113281 6.3368425369262695 50
      vertex 104.25 6.5 40
      vertex 104.25 6.5 50
    endloop
  endfacet
  facet normal 0.9978579228599143 0.06541839027137003 0
    outer loop
      vertex 104.25 6.5 40
      vertex 104.26069641113281 6.3368425369262695 50
      vertex 104.26069641113281 6.3368425369262695 40
    endloop
  endfacet
  facet normal 0.8314611896551201 -0.5555828381954327 0
    outer loop
      vertex 104.41746520996094 7.125 50
      vertex 104.50830841064453 7.260951995849609 40
      vertex 104.50830841064453 7.260951995849609 50
    endloop
  endfacet
  facet normal 0.8314611896551201 -0.5555828381954327 0
    outer loop
      vertex 104.50830841064453 7.260951995849609 40
      vertex 104.41746520996094 7.125 50
      vertex 104.41746520996094 7.125 40
    endloop
  endfacet
  facet normal 0.8314593893037039 0.5555855325138621 0
    outer loop
      vertex 104.50830841064453 5.739048957824707 50
      vertex 104.41746520996094 5.875 40
      vertex 104.41746520996094 5.875 50
    endloop
  endfacet
  facet normal 0.8314593893037039 0.5555855325138621 0
    outer loop
      vertex 104.41746520996094 5.875 40
      vertex 104.50830841064453 5.739048957824707 50
      vertex 104.50830841064453 5.739048957824707 40
    endloop
  endfacet
  facet normal 0.44229344815332006 0.8968703951634519 0
    outer loop
      vertex 105.02164459228516 5.345150947570801 40
      vertex 104.875 5.417469024658203 50
      vertex 105.02164459228516 5.345150947570801 50
    endloop
  endfacet
  facet normal 0.44229344815332006 0.8968703951634519 0
    outer loop
      vertex 104.875 5.417469024658203 50
      vertex 105.02164459228516 5.345150947570801 40
      vertex 104.875 5.417469024658203 40
    endloop
  endfacet
  facet normal 0.8968877314777312 -0.4422582923187865 0
    outer loop
      vertex 104.34515380859375 6.978354454040527 50
      vertex 104.41746520996094 7.125 40
      vertex 104.41746520996094 7.125 50
    endloop
  endfacet
  facet normal 0.8968877314777312 -0.4422582923187865 0
    outer loop
      vertex 104.41746520996094 7.125 40
      vertex 104.34515380859375 6.978354454040527 50
      vertex 104.34515380859375 6.978354454040527 40
    endloop
  endfacet
endsolid OpenSCAD_Model
