solid OpenSCAD_Model
  facet normal 1 0 0
    outer loop
      vertex 69 21.700000762939453 4.5
      vertex 69 22.700000762939453 3
      vertex 69 22.700000762939453 4.5
    endloop
  endfacet
  facet normal 1 0 0
    outer loop
      vertex 69 22.700000762939453 3
      vertex 69 21.700000762939453 4.5
      vertex 69 21.700000762939453 3
    endloop
  endfacet
  facet normal 0 0 1
    outer loop
      vertex 3.3999996185302734 22.700000762939453 4.5
      vertex 69 21.700000762939453 4.5
      vertex 69 22.700000762939453 4.5
    endloop
  endfacet
  facet normal 0 0 1
    outer loop
      vertex 69 21.700000762939453 4.5
      vertex 3.3999996185302734 22.700000762939453 4.5
      vertex 3.3999996185302734 21.700000762939453 4.5
    endloop
  endfacet
  facet normal 0 0 1
    outer loop
      vertex 69 21.700000762939453 3
      vertex 8.185455322265625 6.721894264221191 3
      vertex 8.199999809265137 6.5 3
    endloop
  endfacet
  facet normal 0 0 1
    outer loop
      vertex 69 21.700000762939453 3
      vertex 8.142073631286621 6.9399919509887695 3
      vertex 8.185455322265625 6.721894264221191 3
    endloop
  endfacet
  facet normal 0 0 1
    outer loop
      vertex 69 21.700000762939453 3
      vertex 8.070594787597656 7.150561332702637 3
      vertex 8.142073631286621 6.9399919509887695 3
    endloop
  endfacet
  facet normal 0 0 1
    outer loop
      vertex 69 21.700000762939453 3
      vertex 7.97224235534668 7.34999942779541 3
      vertex 8.070594787597656 7.150561332702637 3
    endloop
  endfacet
  facet normal 0 0 1
    outer loop
      vertex 3.3999996185302734 21.700000762939453 3
      vertex 7.97224235534668 7.34999942779541 3
      vertex 69 21.700000762939453 3
    endloop
  endfacet
  facet normal 0 0 1
    outer loop
      vertex 7.97224235534668 7.34999942779541 3
      vertex 3.3999996185302734 21.700000762939453 3
      vertex 7.848700523376465 7.534893989562988 3
    endloop
  endfacet
  facet normal 0 0 1
    outer loop
      vertex 7.848700523376465 7.534893989562988 3
      vertex 3.3999996185302734 21.700000762939453 3
      vertex 7.702080726623535 7.702080726623535 3
    endloop
  endfacet
  facet normal 0 0 1
    outer loop
      vertex 7.702080726623535 7.702080726623535 3
      vertex 3.3999996185302734 21.700000762939453 3
      vertex 7.534893989562988 7.848700523376465 3
    endloop
  endfacet
  facet normal 0 0 1
    outer loop
      vertex 7.534893989562988 7.848700523376465 3
      vertex 3.3999996185302734 21.700000762939453 3
      vertex 7.34999942779541 7.97224235534668 3
    endloop
  endfacet
  facet normal 0 0 1
    outer loop
      vertex 7.34999942779541 7.97224235534668 3
      vertex 3.3999996185302734 21.700000762939453 3
      vertex 7.150561332702637 8.070594787597656 3
    endloop
  endfacet
  facet normal 0 0 1
    outer loop
      vertex 7.150561332702637 8.070594787597656 3
      vertex 3.3999996185302734 21.700000762939453 3
      vertex 6.9399919509887695 8.142073631286621 3
    endloop
  endfacet
  facet normal 0 0 1
    outer loop
      vertex 6.9399919509887695 8.142073631286621 3
      vertex 3.3999996185302734 21.700000762939453 3
      vertex 6.721894264221191 8.185455322265625 3
    endloop
  endfacet
  facet normal 0 0 1
    outer loop
      vertex 6.721894264221191 8.185455322265625 3
      vertex 3.3999996185302734 21.700000762939453 3
      vertex 6.5 8.199999809265137 3
    endloop
  endfacet
  facet normal 0 0 1
    outer loop
      vertex 6.5 8.199999809265137 3
      vertex 3.3999996185302734 21.700000762939453 3
      vertex 6.278104782104492 8.185455322265625 3
    endloop
  endfacet
  facet normal 0 0 1
    outer loop
      vertex 0 4 3
      vertex 4.799999237060547 6.5 3
      vertex 4.814543724060059 6.721894264221191 3
    endloop
  endfacet
  facet normal 0 0 1
    outer loop
      vertex 4.799999237060547 6.5 3
      vertex 3.4778947830200195 0.03421974182128906 3
      vertex 4 0 3
    endloop
  endfacet
  facet normal 0 0 1
    outer loop
      vertex 0 4 3
      vertex 4.814543724060059 6.721894264221191 3
      vertex 4.8579254150390625 6.9399919509887695 3
    endloop
  endfacet
  facet normal 0 0 1
    outer loop
      vertex 6.278104782104492 8.185455322265625 3
      vertex 3.3999996185302734 21.700000762939453 3
      vertex 6.060007095336914 8.142073631286621 3
    endloop
  endfacet
  facet normal 0 0 1
    outer loop
      vertex 3.3999996185302734 21.700000762939453 3
      vertex 5.849437713623047 8.070594787597656 3
      vertex 6.060007095336914 8.142073631286621 3
    endloop
  endfacet
  facet normal 0 0 1
    outer loop
      vertex 3.3999996185302734 21.700000762939453 3
      vertex 5.649999618530273 7.97224235534668 3
      vertex 5.849437713623047 8.070594787597656 3
    endloop
  endfacet
  facet normal 0 0 1
    outer loop
      vertex 3.3999996185302734 21.700000762939453 3
      vertex 5.465105056762695 7.848700523376465 3
      vertex 5.649999618530273 7.97224235534668 3
    endloop
  endfacet
  facet normal 0 0 1
    outer loop
      vertex 3.3999996185302734 21.700000762939453 3
      vertex 5.297918319702148 7.702080726623535 3
      vertex 5.465105056762695 7.848700523376465 3
    endloop
  endfacet
  facet normal 0 0 1
    outer loop
      vertex 3.3999996185302734 21.700000762939453 3
      vertex 5.151298522949219 7.534893989562988 3
      vertex 5.297918319702148 7.702080726623535 3
    endloop
  endfacet
  facet normal 0 0 1
    outer loop
      vertex 0 4 3
      vertex 5.151298522949219 7.534893989562988 3
      vertex 3.3999996185302734 21.700000762939453 3
    endloop
  endfacet
  facet normal 0 0 1
    outer loop
      vertex 5.151298522949219 7.534893989562988 3
      vertex 0 4 3
      vertex 5.027756690979004 7.34999942779541 3
    endloop
  endfacet
  facet normal 0 0 1
    outer loop
      vertex 5.027756690979004 7.34999942779541 3
      vertex 0 4 3
      vertex 4.929404258728027 7.150561332702637 3
    endloop
  endfacet
  facet normal 0 0 1
    outer loop
      vertex 4.929404258728027 7.150561332702637 3
      vertex 0 4 3
      vertex 4.8579254150390625 6.9399919509887695 3
    endloop
  endfacet
  facet normal 0 0 1
    outer loop
      vertex 0 4 3
      vertex 3.3999996185302734 22.700000762939453 3
      vertex 0 70 3
    endloop
  endfacet
  facet normal 0 0 1
    outer loop
      vertex 3.3999996185302734 22.700000762939453 3
      vertex 0 4 3
      vertex 3.3999996185302734 21.700000762939453 3
    endloop
  endfacet
  facet normal 0 0 1
    outer loop
      vertex 0 70 3
      vertex 2.964723587036133 73.86370086669922 3
      vertex 2.469265937805176 73.69551849365234 3
    endloop
  endfacet
  facet normal 0 0 1
    outer loop
      vertex 4.799999237060547 6.5 3
      vertex 0 4 3
      vertex 0.03421974182128906 3.4778947830200195 3
    endloop
  endfacet
  facet normal 0 0 1
    outer loop
      vertex 0 70 3
      vertex 2.469265937805176 73.69551849365234 3
      vertex 2 73.46410369873047 3
    endloop
  endfacet
  facet normal 0 0 1
    outer loop
      vertex 4.799999237060547 6.5 3
      vertex 2.964723587036133 0.13629627227783203 3
      vertex 3.4778947830200195 0.03421974182128906 3
    endloop
  endfacet
  facet normal 0 0 1
    outer loop
      vertex 0 70 3
      vertex 2 73.46410369873047 3
      vertex 1.5649538040161133 73.17341613769531 3
    endloop
  endfacet
  facet normal 0 0 1
    outer loop
      vertex 4.799999237060547 6.5 3
      vertex 2.469265937805176 0.30448150634765625 3
      vertex 2.964723587036133 0.13629627227783203 3
    endloop
  endfacet
  facet normal 0 0 1
    outer loop
      vertex 0 70 3
      vertex 1.5649538040161133 73.17341613769531 3
      vertex 1.1715726852416992 72.82843017578125 3
    endloop
  endfacet
  facet normal 0 0 1
    outer loop
      vertex 4.799999237060547 6.5 3
      vertex 2 0.5358982086181641 3
      vertex 2.469265937805176 0.30448150634765625 3
    endloop
  endfacet
  facet normal 0 0 1
    outer loop
      vertex 0 70 3
      vertex 1.1715726852416992 72.82843017578125 3
      vertex 0.8265857696533203 72.43504333496094 3
    endloop
  endfacet
  facet normal 0 0 1
    outer loop
      vertex 4.799999237060547 6.5 3
      vertex 1.5649538040161133 0.8265857696533203 3
      vertex 2 0.5358982086181641 3
    endloop
  endfacet
  facet normal 0 0 1
    outer loop
      vertex 0 70 3
      vertex 0.8265857696533203 72.43504333496094 3
      vertex 0.5358982086181641 72 3
    endloop
  endfacet
  facet normal 0 0 1
    outer loop
      vertex 4.799999237060547 6.5 3
      vertex 1.1715726852416992 1.1715726852416992 3
      vertex 1.5649538040161133 0.8265857696533203 3
    endloop
  endfacet
  facet normal 0 0 1
    outer loop
      vertex 0 70 3
      vertex 0.5358982086181641 72 3
      vertex 0.30448150634765625 71.53073120117188 3
    endloop
  endfacet
  facet normal 0 0 1
    outer loop
      vertex 4.799999237060547 6.5 3
      vertex 0.8265857696533203 1.5649538040161133 3
      vertex 1.1715726852416992 1.1715726852416992 3
    endloop
  endfacet
  facet normal 0 0 1
    outer loop
      vertex 0 70 3
      vertex 0.30448150634765625 71.53073120117188 3
      vertex 0.13629627227783203 71.0352783203125 3
    endloop
  endfacet
  facet normal 0 0 1
    outer loop
      vertex 4.799999237060547 6.5 3
      vertex 0.5358982086181641 2 3
      vertex 0.8265857696533203 1.5649538040161133 3
    endloop
  endfacet
  facet normal 0 0 1
    outer loop
      vertex 0 70 3
      vertex 0.13629627227783203 71.0352783203125 3
      vertex 0.03421974182128906 70.52210235595703 3
    endloop
  endfacet
  facet normal 0 0 1
    outer loop
      vertex 4.799999237060547 6.5 3
      vertex 0.30448150634765625 2.469265937805176 3
      vertex 0.5358982086181641 2 3
    endloop
  endfacet
  facet normal 0 0 1
    outer loop
      vertex 4.799999237060547 6.5 3
      vertex 0.13629627227783203 2.964723587036133 3
      vertex 0.30448150634765625 2.469265937805176 3
    endloop
  endfacet
  facet normal 0 0 1
    outer loop
      vertex 4.799999237060547 6.5 3
      vertex 0.03421974182128906 3.4778947830200195 3
      vertex 0.13629627227783203 2.964723587036133 3
    endloop
  endfacet
  facet normal 0 0 1
    outer loop
      vertex 107.07059478759766 66.84944152832031 3
      vertex 112 70 3
      vertex 107.14207458496094 67.06000518798828 3
    endloop
  endfacet
  facet normal 0 0 1
    outer loop
      vertex 112 4 3
      vertex 107.18545532226562 6.721894264221191 3
      vertex 107.19999694824219 6.5 3
    endloop
  endfacet
  facet normal 0 0 1
    outer loop
      vertex 106.97224426269531 66.6500015258789 3
      vertex 112 70 3
      vertex 107.07059478759766 66.84944152832031 3
    endloop
  endfacet
  facet normal 0 0 1
    outer loop
      vertex 112 4 3
      vertex 107.14207458496094 6.9399919509887695 3
      vertex 107.18545532226562 6.721894264221191 3
    endloop
  endfacet
  facet normal 0 0 1
    outer loop
      vertex 106.84870147705078 66.46510314941406 3
      vertex 112 70 3
      vertex 106.97224426269531 66.6500015258789 3
    endloop
  endfacet
  facet normal 0 0 1
    outer loop
      vertex 112 4 3
      vertex 107.07059478759766 7.150561332702637 3
      vertex 107.14207458496094 6.9399919509887695 3
    endloop
  endfacet
  facet normal 0 0 1
    outer loop
      vertex 106.70207977294922 66.29792022705078 3
      vertex 112 70 3
      vertex 106.84870147705078 66.46510314941406 3
    endloop
  endfacet
  facet normal 0 0 1
    outer loop
      vertex 112 4 3
      vertex 106.97224426269531 7.34999942779541 3
      vertex 107.07059478759766 7.150561332702637 3
    endloop
  endfacet
  facet normal 0 0 1
    outer loop
      vertex 106.53489685058594 66.15129852294922 3
      vertex 112 70 3
      vertex 106.70207977294922 66.29792022705078 3
    endloop
  endfacet
  facet normal 0 0 1
    outer loop
      vertex 112 4 3
      vertex 106.84870147705078 7.534893989562988 3
      vertex 106.97224426269531 7.34999942779541 3
    endloop
  endfacet
  facet normal 0 0 1
    outer loop
      vertex 112 70 3
      vertex 106.53489685058594 66.15129852294922 3
      vertex 112 4 3
    endloop
  endfacet
  facet normal 0 0 1
    outer loop
      vertex 112 4 3
      vertex 106.70207977294922 7.702080726623535 3
      vertex 106.84870147705078 7.534893989562988 3
    endloop
  endfacet
  facet normal 0 0 1
    outer loop
      vertex 106.53489685058594 7.848700523376465 3
      vertex 112 4 3
      vertex 106.53489685058594 66.15129852294922 3
    endloop
  endfacet
  facet normal 0 0 1
    outer loop
      vertex 112 4 3
      vertex 106.53489685058594 7.848700523376465 3
      vertex 106.70207977294922 7.702080726623535 3
    endloop
  endfacet
  facet normal 0 0 1
    outer loop
      vertex 106.3499984741211 66.02775573730469 3
      vertex 106.53489685058594 7.848700523376465 3
      vertex 106.53489685058594 66.15129852294922 3
    endloop
  endfacet
  facet normal 0 0 1
    outer loop
      vertex 106.3499984741211 66.02775573730469 3
      vertex 106.3499984741211 7.97224235534668 3
      vertex 106.53489685058594 7.848700523376465 3
    endloop
  endfacet
  facet normal 0 0 1
    outer loop
      vertex 106.15055847167969 65.92940521240234 3
      vertex 106.3499984741211 7.97224235534668 3
      vertex 106.3499984741211 66.02775573730469 3
    endloop
  endfacet
  facet normal 0 0 1
    outer loop
      vertex 106.15055847167969 65.92940521240234 3
      vertex 106.15055847167969 8.070594787597656 3
      vertex 106.3499984741211 7.97224235534668 3
    endloop
  endfacet
  facet normal 0 0 1
    outer loop
      vertex 105.93999481201172 65.85792541503906 3
      vertex 106.15055847167969 8.070594787597656 3
      vertex 106.15055847167969 65.92940521240234 3
    endloop
  endfacet
  facet normal 0 0 1
    outer loop
      vertex 105.93999481201172 65.85792541503906 3
      vertex 105.93999481201172 8.142073631286621 3
      vertex 106.15055847167969 8.070594787597656 3
    endloop
  endfacet
  facet normal 0 0 1
    outer loop
      vertex 105.72189331054688 65.81454467773438 3
      vertex 105.93999481201172 8.142073631286621 3
      vertex 105.93999481201172 65.85792541503906 3
    endloop
  endfacet
  facet normal 0 0 1
    outer loop
      vertex 105.72189331054688 65.81454467773438 3
      vertex 105.72189331054688 8.185455322265625 3
      vertex 105.93999481201172 8.142073631286621 3
    endloop
  endfacet
  facet normal 0 0 1
    outer loop
      vertex 105.5 65.80000305175781 3
      vertex 105.72189331054688 8.185455322265625 3
      vertex 105.72189331054688 65.81454467773438 3
    endloop
  endfacet
  facet normal 0 0 1
    outer loop
      vertex 105.5 65.80000305175781 3
      vertex 105.5 8.199999809265137 3
      vertex 105.72189331054688 8.185455322265625 3
    endloop
  endfacet
  facet normal 0 0 1
    outer loop
      vertex 105.27810668945312 65.81454467773438 3
      vertex 105.5 8.199999809265137 3
      vertex 105.5 65.80000305175781 3
    endloop
  endfacet
  facet normal 0 0 1
    outer loop
      vertex 105.27810668945312 65.81454467773438 3
      vertex 105.27810668945312 8.185455322265625 3
      vertex 105.5 8.199999809265137 3
    endloop
  endfacet
  facet normal 0 0 1
    outer loop
      vertex 105.06000518798828 65.85792541503906 3
      vertex 105.27810668945312 8.185455322265625 3
      vertex 105.27810668945312 65.81454467773438 3
    endloop
  endfacet
  facet normal 0 0 1
    outer loop
      vertex 105.06000518798828 65.85792541503906 3
      vertex 105.06000518798828 8.142073631286621 3
      vertex 105.27810668945312 8.185455322265625 3
    endloop
  endfacet
  facet normal 0 0 1
    outer loop
      vertex 70 51.29999923706055 3
      vertex 105.06000518798828 65.85792541503906 3
      vertex 104.84944152832031 65.92940521240234 3
    endloop
  endfacet
  facet normal 0 0 1
    outer loop
      vertex 105.06000518798828 65.85792541503906 3
      vertex 70 51.29999923706055 3
      vertex 105.06000518798828 8.142073631286621 3
    endloop
  endfacet
  facet normal 0 0 1
    outer loop
      vertex 70 51.29999923706055 3
      vertex 104.84944152832031 65.92940521240234 3
      vertex 104.6500015258789 66.02775573730469 3
    endloop
  endfacet
  facet normal 0 0 1
    outer loop
      vertex 70 22.700000762939453 3
      vertex 105.06000518798828 8.142073631286621 3
      vertex 70 51.29999923706055 3
    endloop
  endfacet
  facet normal 0 0 1
    outer loop
      vertex 70 51.29999923706055 3
      vertex 104.6500015258789 66.02775573730469 3
      vertex 104.46510314941406 66.15129852294922 3
    endloop
  endfacet
  facet normal 0 0 1
    outer loop
      vertex 105.06000518798828 8.142073631286621 3
      vertex 70 22.700000762939453 3
      vertex 104.84944152832031 8.070594787597656 3
    endloop
  endfacet
  facet normal 0 0 1
    outer loop
      vertex 70 51.29999923706055 3
      vertex 104.46510314941406 66.15129852294922 3
      vertex 104.29792022705078 66.29792022705078 3
    endloop
  endfacet
  facet normal 0 0 1
    outer loop
      vertex 104.84944152832031 8.070594787597656 3
      vertex 70 22.700000762939453 3
      vertex 104.6500015258789 7.97224235534668 3
    endloop
  endfacet
  facet normal 0 0 1
    outer loop
      vertex 70 51.29999923706055 3
      vertex 104.29792022705078 66.29792022705078 3
      vertex 104.15129852294922 66.46510314941406 3
    endloop
  endfacet
  facet normal 0 0 1
    outer loop
      vertex 104.6500015258789 7.97224235534668 3
      vertex 70 22.700000762939453 3
      vertex 104.46510314941406 7.848700523376465 3
    endloop
  endfacet
  facet normal 0 0 1
    outer loop
      vertex 70 51.29999923706055 3
      vertex 104.15129852294922 66.46510314941406 3
      vertex 104.02775573730469 66.6500015258789 3
    endloop
  endfacet
  facet normal 0 0 1
    outer loop
      vertex 104.46510314941406 7.848700523376465 3
      vertex 70 22.700000762939453 3
      vertex 104.29792022705078 7.702080726623535 3
    endloop
  endfacet
  facet normal 0 0 1
    outer loop
      vertex 70 51.29999923706055 3
      vertex 104.02775573730469 66.6500015258789 3
      vertex 103.92940521240234 66.84944152832031 3
    endloop
  endfacet
  facet normal 0 0 1
    outer loop
      vertex 104.29792022705078 7.702080726623535 3
      vertex 70 22.700000762939453 3
      vertex 104.15129852294922 7.534893989562988 3
    endloop
  endfacet
  facet normal 0 0 1
    outer loop
      vertex 70 51.29999923706055 3
      vertex 103.92940521240234 66.84944152832031 3
      vertex 103.85792541503906 67.06000518798828 3
    endloop
  endfacet
  facet normal 0 0 1
    outer loop
      vertex 104.15129852294922 7.534893989562988 3
      vertex 70 22.700000762939453 3
      vertex 104.02775573730469 7.34999942779541 3
    endloop
  endfacet
  facet normal 0 0 1
    outer loop
      vertex 70 51.29999923706055 3
      vertex 103.85792541503906 67.06000518798828 3
      vertex 103.81454467773438 67.27810668945312 3
    endloop
  endfacet
  facet normal 0 0 1
    outer loop
      vertex 104.02775573730469 7.34999942779541 3
      vertex 70 22.700000762939453 3
      vertex 103.92940521240234 7.150561332702637 3
    endloop
  endfacet
  facet normal 0 0 1
    outer loop
      vertex 70 51.29999923706055 3
      vertex 103.81454467773438 67.27810668945312 3
      vertex 103.80000305175781 67.5 3
    endloop
  endfacet
  facet normal 0 0 1
    outer loop
      vertex 103.92940521240234 7.150561332702637 3
      vertex 70 22.700000762939453 3
      vertex 103.85792541503906 6.9399919509887695 3
    endloop
  endfacet
  facet normal 0 0 1
    outer loop
      vertex 106.84870147705078 68.53489685058594 3
      vertex 112 70 3
      vertex 111.96578216552734 70.52210235595703 3
    endloop
  endfacet
  facet normal 0 0 1
    outer loop
      vertex 107.18545532226562 67.27810668945312 3
      vertex 112 70 3
      vertex 107.19999694824219 67.5 3
    endloop
  endfacet
  facet normal 0 0 1
    outer loop
      vertex 106.84870147705078 68.53489685058594 3
      vertex 111.96578216552734 70.52210235595703 3
      vertex 111.86370086669922 71.0352783203125 3
    endloop
  endfacet
  facet normal 0 0 1
    outer loop
      vertex 107.14207458496094 67.06000518798828 3
      vertex 112 70 3
      vertex 107.18545532226562 67.27810668945312 3
    endloop
  endfacet
  facet normal 0 0 1
    outer loop
      vertex 106.84870147705078 68.53489685058594 3
      vertex 111.86370086669922 71.0352783203125 3
      vertex 111.69551849365234 71.53073120117188 3
    endloop
  endfacet
  facet normal 0 0 1
    outer loop
      vertex 107.18545532226562 6.278104782104492 3
      vertex 112 4 3
      vertex 107.19999694824219 6.5 3
    endloop
  endfacet
  facet normal 0 0 1
    outer loop
      vertex 106.84870147705078 68.53489685058594 3
      vertex 111.69551849365234 71.53073120117188 3
      vertex 111.46410369873047 72 3
    endloop
  endfacet
  facet normal 0 0 1
    outer loop
      vertex 107.14207458496094 6.060007095336914 3
      vertex 112 4 3
      vertex 107.18545532226562 6.278104782104492 3
    endloop
  endfacet
  facet normal 0 0 1
    outer loop
      vertex 106.70207977294922 68.70207977294922 3
      vertex 111.46410369873047 72 3
      vertex 111.17341613769531 72.43504333496094 3
    endloop
  endfacet
  facet normal 0 0 1
    outer loop
      vertex 107.07059478759766 5.849437713623047 3
      vertex 112 4 3
      vertex 107.14207458496094 6.060007095336914 3
    endloop
  endfacet
  facet normal 0 0 1
    outer loop
      vertex 106.70207977294922 68.70207977294922 3
      vertex 111.17341613769531 72.43504333496094 3
      vertex 110.82843017578125 72.82843017578125 3
    endloop
  endfacet
  facet normal 0 0 1
    outer loop
      vertex 106.97224426269531 5.649999618530273 3
      vertex 112 4 3
      vertex 107.07059478759766 5.849437713623047 3
    endloop
  endfacet
  facet normal 0 0 1
    outer loop
      vertex 106.70207977294922 68.70207977294922 3
      vertex 110.82843017578125 72.82843017578125 3
      vertex 110.43504333496094 73.17341613769531 3
    endloop
  endfacet
  facet normal 0 0 1
    outer loop
      vertex 106.84870147705078 5.465105056762695 3
      vertex 112 4 3
      vertex 106.97224426269531 5.649999618530273 3
    endloop
  endfacet
  facet normal 0 0 1
    outer loop
      vertex 106.70207977294922 68.70207977294922 3
      vertex 110.43504333496094 73.17341613769531 3
      vertex 110 73.46410369873047 3
    endloop
  endfacet
  facet normal 0 0 1
    outer loop
      vertex 112 4 3
      vertex 106.84870147705078 5.465105056762695 3
      vertex 111.96578216552734 3.4778947830200195 3
    endloop
  endfacet
  facet normal 0 0 1
    outer loop
      vertex 106.53489685058594 68.84870147705078 3
      vertex 110 73.46410369873047 3
      vertex 109.53073120117188 73.69551849365234 3
    endloop
  endfacet
  facet normal 0 0 1
    outer loop
      vertex 111.96578216552734 3.4778947830200195 3
      vertex 106.84870147705078 5.465105056762695 3
      vertex 111.86370086669922 2.964723587036133 3
    endloop
  endfacet
  facet normal 0 0 1
    outer loop
      vertex 106.53489685058594 68.84870147705078 3
      vertex 109.53073120117188 73.69551849365234 3
      vertex 109.0352783203125 73.86370086669922 3
    endloop
  endfacet
  facet normal 0 0 1
    outer loop
      vertex 111.86370086669922 2.964723587036133 3
      vertex 106.84870147705078 5.465105056762695 3
      vertex 111.69551849365234 2.469265937805176 3
    endloop
  endfacet
  facet normal 0 0 1
    outer loop
      vertex 106.53489685058594 68.84870147705078 3
      vertex 109.0352783203125 73.86370086669922 3
      vertex 108.52210235595703 73.96578216552734 3
    endloop
  endfacet
  facet normal 0 0 1
    outer loop
      vertex 111.69551849365234 2.469265937805176 3
      vertex 106.84870147705078 5.465105056762695 3
      vertex 111.46410369873047 2 3
    endloop
  endfacet
  facet normal 0 0 1
    outer loop
      vertex 106.53489685058594 68.84870147705078 3
      vertex 108.52210235595703 73.96578216552734 3
      vertex 108 74 3
    endloop
  endfacet
  facet normal 0 0 1
    outer loop
      vertex 106.70207977294922 5.297918319702148 3
      vertex 111.46410369873047 2 3
      vertex 106.84870147705078 5.465105056762695 3
    endloop
  endfacet
  facet normal 0 0 1
    outer loop
      vertex 111.46410369873047 2 3
      vertex 106.70207977294922 5.297918319702148 3
      vertex 111.17341613769531 1.5649538040161133 3
    endloop
  endfacet
  facet normal 0 0 1
    outer loop
      vertex 112 70 3
      vertex 107.18545532226562 67.72189331054688 3
      vertex 107.19999694824219 67.5 3
    endloop
  endfacet
  facet normal 0 0 1
    outer loop
      vertex 112 70 3
      vertex 107.14207458496094 67.93999481201172 3
      vertex 107.18545532226562 67.72189331054688 3
    endloop
  endfacet
  facet normal 0 0 1
    outer loop
      vertex 112 70 3
      vertex 107.07059478759766 68.15055847167969 3
      vertex 107.14207458496094 67.93999481201172 3
    endloop
  endfacet
  facet normal 0 0 1
    outer loop
      vertex 112 70 3
      vertex 106.97224426269531 68.3499984741211 3
      vertex 107.07059478759766 68.15055847167969 3
    endloop
  endfacet
  facet normal 0 0 1
    outer loop
      vertex 112 70 3
      vertex 106.84870147705078 68.53489685058594 3
      vertex 106.97224426269531 68.3499984741211 3
    endloop
  endfacet
  facet normal 0 0 1
    outer loop
      vertex 111.46410369873047 72 3
      vertex 106.70207977294922 68.70207977294922 3
      vertex 106.84870147705078 68.53489685058594 3
    endloop
  endfacet
  facet normal 0 0 1
    outer loop
      vertex 110 73.46410369873047 3
      vertex 106.53489685058594 68.84870147705078 3
      vertex 106.70207977294922 68.70207977294922 3
    endloop
  endfacet
  facet normal 0 0 1
    outer loop
      vertex 108 74 3
      vertex 106.3499984741211 68.97224426269531 3
      vertex 106.53489685058594 68.84870147705078 3
    endloop
  endfacet
  facet normal 0 0 1
    outer loop
      vertex 108 74 3
      vertex 106.15055847167969 69.07059478759766 3
      vertex 106.3499984741211 68.97224426269531 3
    endloop
  endfacet
  facet normal 0 0 1
    outer loop
      vertex 108 74 3
      vertex 105.93999481201172 69.14207458496094 3
      vertex 106.15055847167969 69.07059478759766 3
    endloop
  endfacet
  facet normal 0 0 1
    outer loop
      vertex 108 74 3
      vertex 105.72189331054688 69.18545532226562 3
      vertex 105.93999481201172 69.14207458496094 3
    endloop
  endfacet
  facet normal 0 0 1
    outer loop
      vertex 108 74 3
      vertex 105.5 69.19999694824219 3
      vertex 105.72189331054688 69.18545532226562 3
    endloop
  endfacet
  facet normal 0 0 1
    outer loop
      vertex 108 74 3
      vertex 105.27810668945312 69.18545532226562 3
      vertex 105.5 69.19999694824219 3
    endloop
  endfacet
  facet normal 0 0 1
    outer loop
      vertex 108 74 3
      vertex 105.06000518798828 69.14207458496094 3
      vertex 105.27810668945312 69.18545532226562 3
    endloop
  endfacet
  facet normal 0 0 1
    outer loop
      vertex 108 74 3
      vertex 104.84944152832031 69.07059478759766 3
      vertex 105.06000518798828 69.14207458496094 3
    endloop
  endfacet
  facet normal 0 0 1
    outer loop
      vertex 108 74 3
      vertex 104.6500015258789 68.97224426269531 3
      vertex 104.84944152832031 69.07059478759766 3
    endloop
  endfacet
  facet normal 0 0 1
    outer loop
      vertex 108 74 3
      vertex 104.46510314941406 68.84870147705078 3
      vertex 104.6500015258789 68.97224426269531 3
    endloop
  endfacet
  facet normal 0 0 1
    outer loop
      vertex 108 74 3
      vertex 104.29792022705078 68.70207977294922 3
      vertex 104.46510314941406 68.84870147705078 3
    endloop
  endfacet
  facet normal 0 0 1
    outer loop
      vertex 108 74 3
      vertex 104.15129852294922 68.53489685058594 3
      vertex 104.29792022705078 68.70207977294922 3
    endloop
  endfacet
  facet normal 0 0 1
    outer loop
      vertex 103.85792541503906 6.9399919509887695 3
      vertex 70 22.700000762939453 3
      vertex 103.81454467773438 6.721894264221191 3
    endloop
  endfacet
  facet normal 0 0 1
    outer loop
      vertex 69 52.29999923706055 3
      vertex 103.80000305175781 67.5 3
      vertex 103.81454467773438 67.72189331054688 3
    endloop
  endfacet
  facet normal 0 0 1
    outer loop
      vertex 69 52.29999923706055 3
      vertex 103.81454467773438 67.72189331054688 3
      vertex 103.85792541503906 67.93999481201172 3
    endloop
  endfacet
  facet normal 0 0 1
    outer loop
      vertex 69 52.29999923706055 3
      vertex 103.85792541503906 67.93999481201172 3
      vertex 103.92940521240234 68.15055847167969 3
    endloop
  endfacet
  facet normal 0 0 1
    outer loop
      vertex 69 52.29999923706055 3
      vertex 103.92940521240234 68.15055847167969 3
      vertex 104.02775573730469 68.3499984741211 3
    endloop
  endfacet
  facet normal 0 0 1
    outer loop
      vertex 69 52.29999923706055 3
      vertex 104.02775573730469 68.3499984741211 3
      vertex 104.15129852294922 68.53489685058594 3
    endloop
  endfacet
  facet normal 0 0 1
    outer loop
      vertex 69 52.29999923706055 3
      vertex 104.15129852294922 68.53489685058594 3
      vertex 108 74 3
    endloop
  endfacet
  facet normal 0 0 1
    outer loop
      vertex 103.80000305175781 67.5 3
      vertex 69 52.29999923706055 3
      vertex 70 51.29999923706055 3
    endloop
  endfacet
  facet normal 0 0 1
    outer loop
      vertex 4 74 3
      vertex 69 52.29999923706055 3
      vertex 108 74 3
    endloop
  endfacet
  facet normal 0 0 1
    outer loop
      vertex 69 52.29999923706055 3
      vertex 8.185455322265625 67.72189331054688 3
      vertex 8.199999809265137 67.5 3
    endloop
  endfacet
  facet normal 0 0 1
    outer loop
      vertex 69 52.29999923706055 3
      vertex 8.142073631286621 67.93999481201172 3
      vertex 8.185455322265625 67.72189331054688 3
    endloop
  endfacet
  facet normal 0 0 1
    outer loop
      vertex 69 52.29999923706055 3
      vertex 8.070594787597656 68.15055847167969 3
      vertex 8.142073631286621 67.93999481201172 3
    endloop
  endfacet
  facet normal 0 0 1
    outer loop
      vertex 69 52.29999923706055 3
      vertex 7.97224235534668 68.3499984741211 3
      vertex 8.070594787597656 68.15055847167969 3
    endloop
  endfacet
  facet normal 0 0 1
    outer loop
      vertex 69 52.29999923706055 3
      vertex 7.848700523376465 68.53489685058594 3
      vertex 7.97224235534668 68.3499984741211 3
    endloop
  endfacet
  facet normal 0 0 1
    outer loop
      vertex 69 52.29999923706055 3
      vertex 4 74 3
      vertex 7.848700523376465 68.53489685058594 3
    endloop
  endfacet
  facet normal 0 0 1
    outer loop
      vertex 7.848700523376465 68.53489685058594 3
      vertex 4 74 3
      vertex 7.702080726623535 68.70207977294922 3
    endloop
  endfacet
  facet normal 0 0 1
    outer loop
      vertex 7.702080726623535 68.70207977294922 3
      vertex 4 74 3
      vertex 7.534893989562988 68.84870147705078 3
    endloop
  endfacet
  facet normal 0 0 1
    outer loop
      vertex 7.534893989562988 68.84870147705078 3
      vertex 4 74 3
      vertex 7.34999942779541 68.97224426269531 3
    endloop
  endfacet
  facet normal 0 0 1
    outer loop
      vertex 7.34999942779541 68.97224426269531 3
      vertex 4 74 3
      vertex 7.150561332702637 69.07059478759766 3
    endloop
  endfacet
  facet normal 0 0 1
    outer loop
      vertex 7.150561332702637 69.07059478759766 3
      vertex 4 74 3
      vertex 6.9399919509887695 69.14207458496094 3
    endloop
  endfacet
  facet normal 0 0 1
    outer loop
      vertex 6.9399919509887695 69.14207458496094 3
      vertex 4 74 3
      vertex 6.721894264221191 69.18545532226562 3
    endloop
  endfacet
  facet normal 0 0 1
    outer loop
      vertex 5.027756690979004 68.3499984741211 3
      vertex 0 70 3
      vertex 4.929404258728027 68.15055847167969 3
    endloop
  endfacet
  facet normal 0 0 1
    outer loop
      vertex 5.151298522949219 68.53489685058594 3
      vertex 0 70 3
      vertex 5.027756690979004 68.3499984741211 3
    endloop
  endfacet
  facet normal 0 0 1
    outer loop
      vertex 5.297918319702148 68.70207977294922 3
      vertex 0 70 3
      vertex 5.151298522949219 68.53489685058594 3
    endloop
  endfacet
  facet normal 0 0 1
    outer loop
      vertex 0 70 3
      vertex 5.297918319702148 68.70207977294922 3
      vertex 2.964723587036133 73.86370086669922 3
    endloop
  endfacet
  facet normal 0 0 1
    outer loop
      vertex 5.465105056762695 68.84870147705078 3
      vertex 2.964723587036133 73.86370086669922 3
      vertex 5.297918319702148 68.70207977294922 3
    endloop
  endfacet
  facet normal 0 0 1
    outer loop
      vertex 2.964723587036133 73.86370086669922 3
      vertex 5.465105056762695 68.84870147705078 3
      vertex 3.4778947830200195 73.96578216552734 3
    endloop
  endfacet
  facet normal 0 0 1
    outer loop
      vertex 3.4778947830200195 73.96578216552734 3
      vertex 5.465105056762695 68.84870147705078 3
      vertex 4 74 3
    endloop
  endfacet
  facet normal 0 0 1
    outer loop
      vertex 5.649999618530273 68.97224426269531 3
      vertex 4 74 3
      vertex 5.465105056762695 68.84870147705078 3
    endloop
  endfacet
  facet normal 0 0 1
    outer loop
      vertex 5.849437713623047 69.07059478759766 3
      vertex 4 74 3
      vertex 5.649999618530273 68.97224426269531 3
    endloop
  endfacet
  facet normal 0 0 1
    outer loop
      vertex 6.060007095336914 69.14207458496094 3
      vertex 4 74 3
      vertex 5.849437713623047 69.07059478759766 3
    endloop
  endfacet
  facet normal 0 0 1
    outer loop
      vertex 6.278104782104492 69.18545532226562 3
      vertex 4 74 3
      vertex 6.060007095336914 69.14207458496094 3
    endloop
  endfacet
  facet normal 0 0 1
    outer loop
      vertex 6.5 69.19999694824219 3
      vertex 4 74 3
      vertex 6.278104782104492 69.18545532226562 3
    endloop
  endfacet
  facet normal 0 0 1
    outer loop
      vertex 6.721894264221191 69.18545532226562 3
      vertex 4 74 3
      vertex 6.5 69.19999694824219 3
    endloop
  endfacet
  facet normal 0 0 1
    outer loop
      vertex 111.17341613769531 1.5649538040161133 3
      vertex 106.70207977294922 5.297918319702148 3
      vertex 110.82843017578125 1.1715726852416992 3
    endloop
  endfacet
  facet normal 0 0 1
    outer loop
      vertex 110.82843017578125 1.1715726852416992 3
      vertex 106.70207977294922 5.297918319702148 3
      vertex 110.43504333496094 0.8265857696533203 3
    endloop
  endfacet
  facet normal 0 0 1
    outer loop
      vertex 110.43504333496094 0.8265857696533203 3
      vertex 106.70207977294922 5.297918319702148 3
      vertex 110 0.5358982086181641 3
    endloop
  endfacet
  facet normal 0 0 1
    outer loop
      vertex 106.53489685058594 5.151298522949219 3
      vertex 110 0.5358982086181641 3
      vertex 106.70207977294922 5.297918319702148 3
    endloop
  endfacet
  facet normal 0 0 1
    outer loop
      vertex 110 0.5358982086181641 3
      vertex 106.53489685058594 5.151298522949219 3
      vertex 109.53073120117188 0.30448150634765625 3
    endloop
  endfacet
  facet normal 0 0 1
    outer loop
      vertex 109.53073120117188 0.30448150634765625 3
      vertex 106.53489685058594 5.151298522949219 3
      vertex 109.0352783203125 0.13629627227783203 3
    endloop
  endfacet
  facet normal 0 0 1
    outer loop
      vertex 109.0352783203125 0.13629627227783203 3
      vertex 106.53489685058594 5.151298522949219 3
      vertex 108.52210235595703 0.03421974182128906 3
    endloop
  endfacet
  facet normal 0 0 1
    outer loop
      vertex 108.52210235595703 0.03421974182128906 3
      vertex 106.53489685058594 5.151298522949219 3
      vertex 108 0 3
    endloop
  endfacet
  facet normal 0 0 1
    outer loop
      vertex 106.3499984741211 5.027756690979004 3
      vertex 108 0 3
      vertex 106.53489685058594 5.151298522949219 3
    endloop
  endfacet
  facet normal 0 0 1
    outer loop
      vertex 106.15055847167969 4.929404258728027 3
      vertex 108 0 3
      vertex 106.3499984741211 5.027756690979004 3
    endloop
  endfacet
  facet normal 0 0 1
    outer loop
      vertex 105.93999481201172 4.8579254150390625 3
      vertex 108 0 3
      vertex 106.15055847167969 4.929404258728027 3
    endloop
  endfacet
  facet normal 0 0 1
    outer loop
      vertex 105.72189331054688 4.814543724060059 3
      vertex 108 0 3
      vertex 105.93999481201172 4.8579254150390625 3
    endloop
  endfacet
  facet normal 0 0 1
    outer loop
      vertex 105.5 4.799999237060547 3
      vertex 108 0 3
      vertex 105.72189331054688 4.814543724060059 3
    endloop
  endfacet
  facet normal 0 0 1
    outer loop
      vertex 105.27810668945312 4.814543724060059 3
      vertex 108 0 3
      vertex 105.5 4.799999237060547 3
    endloop
  endfacet
  facet normal 0 0 1
    outer loop
      vertex 105.06000518798828 4.8579254150390625 3
      vertex 108 0 3
      vertex 105.27810668945312 4.814543724060059 3
    endloop
  endfacet
  facet normal 0 0 1
    outer loop
      vertex 104.84944152832031 4.929404258728027 3
      vertex 108 0 3
      vertex 105.06000518798828 4.8579254150390625 3
    endloop
  endfacet
  facet normal 0 0 1
    outer loop
      vertex 104.6500015258789 5.027756690979004 3
      vertex 108 0 3
      vertex 104.84944152832031 4.929404258728027 3
    endloop
  endfacet
  facet normal 0 0 1
    outer loop
      vertex 104.46510314941406 5.151298522949219 3
      vertex 108 0 3
      vertex 104.6500015258789 5.027756690979004 3
    endloop
  endfacet
  facet normal 0 0 1
    outer loop
      vertex 104.29792022705078 5.297918319702148 3
      vertex 108 0 3
      vertex 104.46510314941406 5.151298522949219 3
    endloop
  endfacet
  facet normal 0 0 1
    outer loop
      vertex 104.15129852294922 5.465105056762695 3
      vertex 108 0 3
      vertex 104.29792022705078 5.297918319702148 3
    endloop
  endfacet
  facet normal 0 0 1
    outer loop
      vertex 103.81454467773438 6.721894264221191 3
      vertex 70 22.700000762939453 3
      vertex 103.80000305175781 6.5 3
    endloop
  endfacet
  facet normal 0 0 1
    outer loop
      vertex 69 21.700000762939453 3
      vertex 103.80000305175781 6.5 3
      vertex 70 22.700000762939453 3
    endloop
  endfacet
  facet normal 0 0 1
    outer loop
      vertex 103.80000305175781 6.5 3
      vertex 69 21.700000762939453 3
      vertex 103.81454467773438 6.278104782104492 3
    endloop
  endfacet
  facet normal 0 0 1
    outer loop
      vertex 103.81454467773438 6.278104782104492 3
      vertex 69 21.700000762939453 3
      vertex 103.85792541503906 6.060007095336914 3
    endloop
  endfacet
  facet normal 0 0 1
    outer loop
      vertex 103.85792541503906 6.060007095336914 3
      vertex 69 21.700000762939453 3
      vertex 103.92940521240234 5.849437713623047 3
    endloop
  endfacet
  facet normal 0 0 1
    outer loop
      vertex 103.92940521240234 5.849437713623047 3
      vertex 69 21.700000762939453 3
      vertex 104.02775573730469 5.649999618530273 3
    endloop
  endfacet
  facet normal 0 0 1
    outer loop
      vertex 104.02775573730469 5.649999618530273 3
      vertex 69 21.700000762939453 3
      vertex 104.15129852294922 5.465105056762695 3
    endloop
  endfacet
  facet normal 0 0 1
    outer loop
      vertex 69 21.700000762939453 3
      vertex 70 22.700000762939453 3
      vertex 69 22.700000762939453 3
    endloop
  endfacet
  facet normal 0 0 1
    outer loop
      vertex 104.15129852294922 5.465105056762695 3
      vertex 69 21.700000762939453 3
      vertex 108 0 3
    endloop
  endfacet
  facet normal 0 0 1
    outer loop
      vertex 8.185455322265625 6.278104782104492 3
      vertex 69 21.700000762939453 3
      vertex 8.199999809265137 6.5 3
    endloop
  endfacet
  facet normal 0 0 1
    outer loop
      vertex 8.142073631286621 6.060007095336914 3
      vertex 69 21.700000762939453 3
      vertex 8.185455322265625 6.278104782104492 3
    endloop
  endfacet
  facet normal 0 0 1
    outer loop
      vertex 8.070594787597656 5.849437713623047 3
      vertex 69 21.700000762939453 3
      vertex 8.142073631286621 6.060007095336914 3
    endloop
  endfacet
  facet normal 0 0 1
    outer loop
      vertex 7.97224235534668 5.649999618530273 3
      vertex 69 21.700000762939453 3
      vertex 8.070594787597656 5.849437713623047 3
    endloop
  endfacet
  facet normal 0 0 1
    outer loop
      vertex 7.848700523376465 5.465105056762695 3
      vertex 69 21.700000762939453 3
      vertex 7.97224235534668 5.649999618530273 3
    endloop
  endfacet
  facet normal 0 0 1
    outer loop
      vertex 4 0 3
      vertex 69 21.700000762939453 3
      vertex 7.848700523376465 5.465105056762695 3
    endloop
  endfacet
  facet normal 0 0 1
    outer loop
      vertex 4 0 3
      vertex 7.848700523376465 5.465105056762695 3
      vertex 7.702080726623535 5.297918319702148 3
    endloop
  endfacet
  facet normal 0 0 1
    outer loop
      vertex 4 0 3
      vertex 7.702080726623535 5.297918319702148 3
      vertex 7.534893989562988 5.151298522949219 3
    endloop
  endfacet
  facet normal 0 0 1
    outer loop
      vertex 4 0 3
      vertex 7.534893989562988 5.151298522949219 3
      vertex 7.34999942779541 5.027756690979004 3
    endloop
  endfacet
  facet normal 0 0 1
    outer loop
      vertex 4 0 3
      vertex 7.34999942779541 5.027756690979004 3
      vertex 7.150561332702637 4.929404258728027 3
    endloop
  endfacet
  facet normal 0 0 1
    outer loop
      vertex 4 0 3
      vertex 7.150561332702637 4.929404258728027 3
      vertex 6.9399919509887695 4.8579254150390625 3
    endloop
  endfacet
  facet normal 0 0 1
    outer loop
      vertex 4 0 3
      vertex 6.9399919509887695 4.8579254150390625 3
      vertex 6.721894264221191 4.814543724060059 3
    endloop
  endfacet
  facet normal 0 0 1
    outer loop
      vertex 4 0 3
      vertex 6.721894264221191 4.814543724060059 3
      vertex 6.5 4.799999237060547 3
    endloop
  endfacet
  facet normal 0 0 1
    outer loop
      vertex 69 21.700000762939453 3
      vertex 4 0 3
      vertex 108 0 3
    endloop
  endfacet
  facet normal 0 0 1
    outer loop
      vertex 6.278104782104492 4.814543724060059 3
      vertex 4 0 3
      vertex 6.5 4.799999237060547 3
    endloop
  endfacet
  facet normal 0 0 1
    outer loop
      vertex 6.060007095336914 4.8579254150390625 3
      vertex 4 0 3
      vertex 6.278104782104492 4.814543724060059 3
    endloop
  endfacet
  facet normal 0 0 1
    outer loop
      vertex 5.849437713623047 4.929404258728027 3
      vertex 4 0 3
      vertex 6.060007095336914 4.8579254150390625 3
    endloop
  endfacet
  facet normal 0 0 1
    outer loop
      vertex 5.649999618530273 5.027756690979004 3
      vertex 4 0 3
      vertex 5.849437713623047 4.929404258728027 3
    endloop
  endfacet
  facet normal 0 0 1
    outer loop
      vertex 5.465105056762695 5.151298522949219 3
      vertex 4 0 3
      vertex 5.649999618530273 5.027756690979004 3
    endloop
  endfacet
  facet normal 0 0 1
    outer loop
      vertex 5.297918319702148 5.297918319702148 3
      vertex 4 0 3
      vertex 5.465105056762695 5.151298522949219 3
    endloop
  endfacet
  facet normal 0 0 1
    outer loop
      vertex 5.151298522949219 5.465105056762695 3
      vertex 4 0 3
      vertex 5.297918319702148 5.297918319702148 3
    endloop
  endfacet
  facet normal 0 0 1
    outer loop
      vertex 5.027756690979004 5.649999618530273 3
      vertex 4 0 3
      vertex 5.151298522949219 5.465105056762695 3
    endloop
  endfacet
  facet normal 0 0 1
    outer loop
      vertex 4.929404258728027 5.849437713623047 3
      vertex 4 0 3
      vertex 5.027756690979004 5.649999618530273 3
    endloop
  endfacet
  facet normal 0 0 1
    outer loop
      vertex 4.8579254150390625 6.060007095336914 3
      vertex 4 0 3
      vertex 4.929404258728027 5.849437713623047 3
    endloop
  endfacet
  facet normal 0 0 1
    outer loop
      vertex 4.814543724060059 6.278104782104492 3
      vertex 4 0 3
      vertex 4.8579254150390625 6.060007095336914 3
    endloop
  endfacet
  facet normal 0 0 1
    outer loop
      vertex 4 0 3
      vertex 4.814543724060059 6.278104782104492 3
      vertex 4.799999237060547 6.5 3
    endloop
  endfacet
  facet normal 0 0 1
    outer loop
      vertex 70 51.29999923706055 3
      vertex 69 52.29999923706055 3
      vertex 69 51.29999923706055 3
    endloop
  endfacet
  facet normal 0 0 1
    outer loop
      vertex 3.3999996185302734 51.29999923706055 3
      vertex 69 22.700000762939453 3
      vertex 69 51.29999923706055 3
    endloop
  endfacet
  facet normal 0 0 1
    outer loop
      vertex 69 22.700000762939453 3
      vertex 3.3999996185302734 51.29999923706055 3
      vertex 3.3999996185302734 22.700000762939453 3
    endloop
  endfacet
  facet normal 0 0 1
    outer loop
      vertex 8.185455322265625 67.27810668945312 3
      vertex 69 52.29999923706055 3
      vertex 8.199999809265137 67.5 3
    endloop
  endfacet
  facet normal 0 0 1
    outer loop
      vertex 8.142073631286621 67.06000518798828 3
      vertex 69 52.29999923706055 3
      vertex 8.185455322265625 67.27810668945312 3
    endloop
  endfacet
  facet normal 0 0 1
    outer loop
      vertex 8.070594787597656 66.84944152832031 3
      vertex 69 52.29999923706055 3
      vertex 8.142073631286621 67.06000518798828 3
    endloop
  endfacet
  facet normal 0 0 1
    outer loop
      vertex 7.97224235534668 66.6500015258789 3
      vertex 69 52.29999923706055 3
      vertex 8.070594787597656 66.84944152832031 3
    endloop
  endfacet
  facet normal 0 0 1
    outer loop
      vertex 3.3999996185302734 52.29999923706055 3
      vertex 7.97224235534668 66.6500015258789 3
      vertex 7.848700523376465 66.46510314941406 3
    endloop
  endfacet
  facet normal 0 0 1
    outer loop
      vertex 3.3999996185302734 52.29999923706055 3
      vertex 7.848700523376465 66.46510314941406 3
      vertex 7.702080726623535 66.29792022705078 3
    endloop
  endfacet
  facet normal 0 0 1
    outer loop
      vertex 3.3999996185302734 52.29999923706055 3
      vertex 7.702080726623535 66.29792022705078 3
      vertex 7.534893989562988 66.15129852294922 3
    endloop
  endfacet
  facet normal 0 0 1
    outer loop
      vertex 3.3999996185302734 52.29999923706055 3
      vertex 7.534893989562988 66.15129852294922 3
      vertex 7.34999942779541 66.02775573730469 3
    endloop
  endfacet
  facet normal 0 0 1
    outer loop
      vertex 3.3999996185302734 52.29999923706055 3
      vertex 7.34999942779541 66.02775573730469 3
      vertex 7.150561332702637 65.92940521240234 3
    endloop
  endfacet
  facet normal 0 0 1
    outer loop
      vertex 3.3999996185302734 52.29999923706055 3
      vertex 7.150561332702637 65.92940521240234 3
      vertex 6.9399919509887695 65.85792541503906 3
    endloop
  endfacet
  facet normal 0 0 1
    outer loop
      vertex 3.3999996185302734 52.29999923706055 3
      vertex 6.9399919509887695 65.85792541503906 3
      vertex 6.721894264221191 65.81454467773438 3
    endloop
  endfacet
  facet normal 0 0 1
    outer loop
      vertex 3.3999996185302734 52.29999923706055 3
      vertex 6.721894264221191 65.81454467773438 3
      vertex 6.5 65.80000305175781 3
    endloop
  endfacet
  facet normal 0 0 1
    outer loop
      vertex 3.3999996185302734 52.29999923706055 3
      vertex 6.5 65.80000305175781 3
      vertex 6.278104782104492 65.81454467773438 3
    endloop
  endfacet
  facet normal 0 0 1
    outer loop
      vertex 3.3999996185302734 52.29999923706055 3
      vertex 6.278104782104492 65.81454467773438 3
      vertex 6.060007095336914 65.85792541503906 3
    endloop
  endfacet
  facet normal 0 0 1
    outer loop
      vertex 4.929404258728027 68.15055847167969 3
      vertex 0 70 3
      vertex 4.8579254150390625 67.93999481201172 3
    endloop
  endfacet
  facet normal 0 0 1
    outer loop
      vertex 4.8579254150390625 67.93999481201172 3
      vertex 0 70 3
      vertex 4.814543724060059 67.72189331054688 3
    endloop
  endfacet
  facet normal 0 0 1
    outer loop
      vertex 4.814543724060059 67.72189331054688 3
      vertex 0 70 3
      vertex 4.799999237060547 67.5 3
    endloop
  endfacet
  facet normal 0 0 1
    outer loop
      vertex 7.97224235534668 66.6500015258789 3
      vertex 3.3999996185302734 52.29999923706055 3
      vertex 69 52.29999923706055 3
    endloop
  endfacet
  facet normal 0 0 1
    outer loop
      vertex 5.849437713623047 65.92940521240234 3
      vertex 3.3999996185302734 52.29999923706055 3
      vertex 6.060007095336914 65.85792541503906 3
    endloop
  endfacet
  facet normal 0 0 1
    outer loop
      vertex 5.649999618530273 66.02775573730469 3
      vertex 3.3999996185302734 52.29999923706055 3
      vertex 5.849437713623047 65.92940521240234 3
    endloop
  endfacet
  facet normal 0 0 1
    outer loop
      vertex 5.465105056762695 66.15129852294922 3
      vertex 3.3999996185302734 52.29999923706055 3
      vertex 5.649999618530273 66.02775573730469 3
    endloop
  endfacet
  facet normal 0 0 1
    outer loop
      vertex 5.297918319702148 66.29792022705078 3
      vertex 3.3999996185302734 52.29999923706055 3
      vertex 5.465105056762695 66.15129852294922 3
    endloop
  endfacet
  facet normal 0 0 1
    outer loop
      vertex 5.151298522949219 66.46510314941406 3
      vertex 3.3999996185302734 52.29999923706055 3
      vertex 5.297918319702148 66.29792022705078 3
    endloop
  endfacet
  facet normal 0 0 1
    outer loop
      vertex 0 70 3
      vertex 5.151298522949219 66.46510314941406 3
      vertex 5.027756690979004 66.6500015258789 3
    endloop
  endfacet
  facet normal 0 0 1
    outer loop
      vertex 0 70 3
      vertex 5.027756690979004 66.6500015258789 3
      vertex 4.929404258728027 66.84944152832031 3
    endloop
  endfacet
  facet normal 0 0 1
    outer loop
      vertex 0 70 3
      vertex 4.929404258728027 66.84944152832031 3
      vertex 4.8579254150390625 67.06000518798828 3
    endloop
  endfacet
  facet normal 0 0 1
    outer loop
      vertex 4.799999237060547 67.5 3
      vertex 0 70 3
      vertex 4.814543724060059 67.27810668945312 3
    endloop
  endfacet
  facet normal 0 0 1
    outer loop
      vertex 5.151298522949219 66.46510314941406 3
      vertex 0 70 3
      vertex 3.3999996185302734 52.29999923706055 3
    endloop
  endfacet
  facet normal 0 0 1
    outer loop
      vertex 3.3999996185302734 52.29999923706055 3
      vertex 0 70 3
      vertex 3.3999996185302734 51.29999923706055 3
    endloop
  endfacet
  facet normal 0 0 1
    outer loop
      vertex 3.3999996185302734 51.29999923706055 3
      vertex 0 70 3
      vertex 3.3999996185302734 22.700000762939453 3
    endloop
  endfacet
  facet normal 0 0 1
    outer loop
      vertex 0 70 3
      vertex 4.8579254150390625 67.06000518798828 3
      vertex 4.814543724060059 67.27810668945312 3
    endloop
  endfacet
  facet normal -1 0 0
    outer loop
      vertex 3.3999996185302734 21.700000762939453 3
      vertex 3.3999996185302734 22.700000762939453 4.5
      vertex 3.3999996185302734 22.700000762939453 3
    endloop
  endfacet
  facet normal -1 0 0
    outer loop
      vertex 3.3999996185302734 22.700000762939453 4.5
      vertex 3.3999996185302734 21.700000762939453 3
      vertex 3.3999996185302734 21.700000762939453 4.5
    endloop
  endfacet
  facet normal 0 1 0
    outer loop
      vertex 69 22.700000762939453 3
      vertex 3.3999996185302734 22.700000762939453 4.5
      vertex 69 22.700000762939453 4.5
    endloop
  endfacet
  facet normal 0 1 0
    outer loop
      vertex 3.3999996185302734 22.700000762939453 4.5
      vertex 69 22.700000762939453 3
      vertex 3.3999996185302734 22.700000762939453 3
    endloop
  endfacet
  facet normal 0 -1 0
    outer loop
      vertex 3.3999996185302734 21.700000762939453 3
      vertex 69 21.700000762939453 4.5
      vertex 3.3999996185302734 21.700000762939453 4.5
    endloop
  endfacet
  facet normal 0 -1 0
    outer loop
      vertex 69 21.700000762939453 4.5
      vertex 3.3999996185302734 21.700000762939453 3
      vertex 69 21.700000762939453 3
    endloop
  endfacet
  facet normal 1 0 0
    outer loop
      vertex 69 51.29999923706055 4.5
      vertex 69 52.29999923706055 3
      vertex 69 52.29999923706055 4.5
    endloop
  endfacet
  facet normal 1 0 0
    outer loop
      vertex 69 52.29999923706055 3
      vertex 69 51.29999923706055 4.5
      vertex 69 51.29999923706055 3
    endloop
  endfacet
  facet normal 0 0 1
    outer loop
      vertex 3.3999996185302734 52.29999923706055 4.5
      vertex 69 51.29999923706055 4.5
      vertex 69 52.29999923706055 4.5
    endloop
  endfacet
  facet normal 0 0 1
    outer loop
      vertex 69 51.29999923706055 4.5
      vertex 3.3999996185302734 52.29999923706055 4.5
      vertex 3.3999996185302734 51.29999923706055 4.5
    endloop
  endfacet
  facet normal -1 0 0
    outer loop
      vertex 3.3999996185302734 51.29999923706055 3
      vertex 3.3999996185302734 52.29999923706055 4.5
      vertex 3.3999996185302734 52.29999923706055 3
    endloop
  endfacet
  facet normal -1 0 0
    outer loop
      vertex 3.3999996185302734 52.29999923706055 4.5
      vertex 3.3999996185302734 51.29999923706055 3
      vertex 3.3999996185302734 51.29999923706055 4.5
    endloop
  endfacet
  facet normal 0 1 0
    outer loop
      vertex 69 52.29999923706055 3
      vertex 3.3999996185302734 52.29999923706055 4.5
      vertex 69 52.29999923706055 4.5
    endloop
  endfacet
  facet normal 0 1 0
    outer loop
      vertex 3.3999996185302734 52.29999923706055 4.5
      vertex 69 52.29999923706055 3
      vertex 3.3999996185302734 52.29999923706055 3
    endloop
  endfacet
  facet normal 0 -1 0
    outer loop
      vertex 3.3999996185302734 51.29999923706055 3
      vertex 69 51.29999923706055 4.5
      vertex 3.3999996185302734 51.29999923706055 4.5
    endloop
  endfacet
  facet normal 0 -1 0
    outer loop
      vertex 69 51.29999923706055 4.5
      vertex 3.3999996185302734 51.29999923706055 3
      vertex 69 51.29999923706055 3
    endloop
  endfacet
  facet normal 1 0 0
    outer loop
      vertex 70 22.700000762939453 4.5
      vertex 70 51.29999923706055 3
      vertex 70 51.29999923706055 4.5
    endloop
  endfacet
  facet normal 1 0 0
    outer loop
      vertex 70 51.29999923706055 3
      vertex 70 22.700000762939453 4.5
      vertex 70 22.700000762939453 3
    endloop
  endfacet
  facet normal 0 0 1
    outer loop
      vertex 69 51.29999923706055 4.5
      vertex 70 22.700000762939453 4.5
      vertex 70 51.29999923706055 4.5
    endloop
  endfacet
  facet normal 0 0 1
    outer loop
      vertex 70 22.700000762939453 4.5
      vertex 69 51.29999923706055 4.5
      vertex 69 22.700000762939453 4.5
    endloop
  endfacet
  facet normal -1 0 0
    outer loop
      vertex 69 22.700000762939453 3
      vertex 69 51.29999923706055 4.5
      vertex 69 51.29999923706055 3
    endloop
  endfacet
  facet normal -1 0 0
    outer loop
      vertex 69 51.29999923706055 4.5
      vertex 69 22.700000762939453 3
      vertex 69 22.700000762939453 4.5
    endloop
  endfacet
  facet normal 0 1 0
    outer loop
      vertex 70 51.29999923706055 3
      vertex 69 51.29999923706055 4.5
      vertex 70 51.29999923706055 4.5
    endloop
  endfacet
  facet normal 0 1 0
    outer loop
      vertex 69 51.29999923706055 4.5
      vertex 70 51.29999923706055 3
      vertex 69 51.29999923706055 3
    endloop
  endfacet
  facet normal 0 -1 0
    outer loop
      vertex 69 22.700000762939453 3
      vertex 70 22.700000762939453 4.5
      vertex 69 22.700000762939453 4.5
    endloop
  endfacet
  facet normal 0 -1 0
    outer loop
      vertex 70 22.700000762939453 4.5
      vertex 69 22.700000762939453 3
      vertex 70 22.700000762939453 3
    endloop
  endfacet
  facet normal -0.5555688937018074 0.8314705072045249 0
    outer loop
      vertex 2 73.46410369873047 0
      vertex 1.5649538040161133 73.17341613769531 3
      vertex 2 73.46410369873047 3
    endloop
  endfacet
  facet normal -0.5555688937018074 0.8314705072045249 0
    outer loop
      vertex 1.5649538040161133 73.17341613769531 3
      vertex 2 73.46410369873047 0
      vertex 1.5649538040161133 73.17341613769531 0
    endloop
  endfacet
  facet normal 0.659340371986186 0.7518445809268813 0
    outer loop
      vertex 110.82843017578125 72.82843017578125 0
      vertex 110.43504333496094 73.17341613769531 3
      vertex 110.82843017578125 72.82843017578125 3
    endloop
  endfacet
  facet normal 0.659340371986186 0.7518445809268813 0
    outer loop
      vertex 110.43504333496094 73.17341613769531 3
      vertex 110.82843017578125 72.82843017578125 0
      vertex 110.43504333496094 73.17341613769531 0
    endloop
  endfacet
  facet normal 0.5555714196190613 -0.8314688194409101 0
    outer loop
      vertex 110 0.5358982086181641 0
      vertex 110.43504333496094 0.8265857696533203 3
      vertex 110 0.5358982086181641 3
    endloop
  endfacet
  facet normal 0.5555714196190613 -0.8314688194409101 0
    outer loop
      vertex 110.43504333496094 0.8265857696533203 3
      vertex 110 0.5358982086181641 0
      vertex 110.43504333496094 0.8265857696533203 0
    endloop
  endfacet
  facet normal 0.9978592427777196 0.06539825382283507 0
    outer loop
      vertex 112 70 3
      vertex 111.96578216552734 70.52210235595703 0
      vertex 111.96578216552734 70.52210235595703 3
    endloop
  endfacet
  facet normal 0.9978592427777196 0.06539825382283507 0
    outer loop
      vertex 111.96578216552734 70.52210235595703 0
      vertex 112 70 3
      vertex 112 70 0
    endloop
  endfacet
  facet normal -0.44228629824909294 0.8968739211177424 0
    outer loop
      vertex 2.469265937805176 73.69551849365234 0
      vertex 2 73.46410369873047 3
      vertex 2.469265937805176 73.69551849365234 3
    endloop
  endfacet
  facet normal -0.44228629824909294 0.8968739211177424 0
    outer loop
      vertex 2 73.46410369873047 3
      vertex 2.469265937805176 73.69551849365234 0
      vertex 2 73.46410369873047 0
    endloop
  endfacet
  facet normal 0 1 0
    outer loop
      vertex 108 74 0
      vertex 4 74 3
      vertex 108 74 3
    endloop
  endfacet
  facet normal 0 1 0
    outer loop
      vertex 4 74 3
      vertex 108 74 0
      vertex 4 74 0
    endloop
  endfacet
  facet normal -0.9807851220589577 -0.19509111806485524 0
    outer loop
      vertex 0.13629627227783203 2.964723587036133 0
      vertex 0.03421974182128906 3.4778947830200195 3
      vertex 0.03421974182128906 3.4778947830200195 0
    endloop
  endfacet
  facet normal -0.9807851220589577 -0.19509111806485524 0
    outer loop
      vertex 0.03421974182128906 3.4778947830200195 3
      vertex 0.13629627227783203 2.964723587036133 0
      vertex 0.13629627227783203 2.964723587036133 3
    endloop
  endfacet
  facet normal -1 0 0
    outer loop
      vertex 0 4 0
      vertex 0 70 3
      vertex 0 70 0
    endloop
  endfacet
  facet normal -1 0 0
    outer loop
      vertex 0 70 3
      vertex 0 4 0
      vertex 0 4 3
    endloop
  endfacet
  facet normal -0.32143460497600407 0.9469317793399481 0
    outer loop
      vertex 2.964723587036133 73.86370086669922 0
      vertex 2.469265937805176 73.69551849365234 3
      vertex 2.964723587036133 73.86370086669922 3
    endloop
  endfacet
  facet normal -0.32143460497600407 0.9469317793399481 0
    outer loop
      vertex 2.469265937805176 73.69551849365234 3
      vertex 2.964723587036133 73.86370086669922 0
      vertex 2.469265937805176 73.69551849365234 0
    endloop
  endfacet
  facet normal -0.195099884605866 0.9807833782374056 0
    outer loop
      vertex 3.4778947830200195 73.96578216552734 0
      vertex 2.964723587036133 73.86370086669922 3
      vertex 3.4778947830200195 73.96578216552734 3
    endloop
  endfacet
  facet normal -0.195099884605866 0.9807833782374056 0
    outer loop
      vertex 2.964723587036133 73.86370086669922 3
      vertex 3.4778947830200195 73.96578216552734 0
      vertex 2.964723587036133 73.86370086669922 0
    endloop
  endfacet
  facet normal 0.9978592661641384 -0.06539789698734223 0
    outer loop
      vertex 111.96578216552734 3.4778947830200195 3
      vertex 112 4 0
      vertex 112 4 3
    endloop
  endfacet
  facet normal 0.9978592661641384 -0.06539789698734223 0
    outer loop
      vertex 112 4 0
      vertex 111.96578216552734 3.4778947830200195 3
      vertex 111.96578216552734 3.4778947830200195 0
    endloop
  endfacet
  facet normal -0.9978590048795507 0.06540188361807907 0
    outer loop
      vertex 0 70 0
      vertex 0.03421974182128906 70.52210235595703 3
      vertex 0.03421974182128906 70.52210235595703 0
    endloop
  endfacet
  facet normal -0.9978590048795507 0.06540188361807907 0
    outer loop
      vertex 0.03421974182128906 70.52210235595703 3
      vertex 0 70 0
      vertex 0 70 3
    endloop
  endfacet
  facet normal 0.3214373789162345 0.9469308377254704 0
    outer loop
      vertex 109.53073120117188 73.69551849365234 0
      vertex 109.0352783203125 73.86370086669922 3
      vertex 109.53073120117188 73.69551849365234 3
    endloop
  endfacet
  facet normal 0.3214373789162345 0.9469308377254704 0
    outer loop
      vertex 109.0352783203125 73.86370086669922 3
      vertex 109.53073120117188 73.69551849365234 0
      vertex 109.0352783203125 73.86370086669922 0
    endloop
  endfacet
  facet normal 0 -1 0
    outer loop
      vertex 4 0 0
      vertex 108 0 3
      vertex 4 0 3
    endloop
  endfacet
  facet normal 0 -1 0
    outer loop
      vertex 108 0 3
      vertex 4 0 0
      vertex 108 0 0
    endloop
  endfacet
  facet normal -0.6593457932372825 0.751839826652126 0
    outer loop
      vertex 1.5649538040161133 73.17341613769531 0
      vertex 1.1715726852416992 72.82843017578125 3
      vertex 1.5649538040161133 73.17341613769531 3
    endloop
  endfacet
  facet normal -0.6593457932372825 0.751839826652126 0
    outer loop
      vertex 1.1715726852416992 72.82843017578125 3
      vertex 1.5649538040161133 73.17341613769531 0
      vertex 1.1715726852416992 72.82843017578125 0
    endloop
  endfacet
  facet normal 1 0 0
    outer loop
      vertex 112 4 3
      vertex 112 70 0
      vertex 112 70 3
    endloop
  endfacet
  facet normal 1 0 0
    outer loop
      vertex 112 70 0
      vertex 112 4 3
      vertex 112 4 0
    endloop
  endfacet
  facet normal -0.06539789698734223 0.9978592661641384 0
    outer loop
      vertex 4 74 0
      vertex 3.4778947830200195 73.96578216552734 3
      vertex 4 74 3
    endloop
  endfacet
  facet normal -0.06539789698734223 0.9978592661641384 0
    outer loop
      vertex 3.4778947830200195 73.96578216552734 3
      vertex 4 74 0
      vertex 3.4778947830200195 73.96578216552734 0
    endloop
  endfacet
  facet normal -0.7518389231060841 -0.6593468235327169 0
    outer loop
      vertex 1.1715726852416992 1.1715726852416992 0
      vertex 0.8265857696533203 1.5649538040161133 3
      vertex 0.8265857696533203 1.5649538040161133 0
    endloop
  endfacet
  facet normal -0.7518389231060841 -0.6593468235327169 0
    outer loop
      vertex 0.8265857696533203 1.5649538040161133 3
      vertex 1.1715726852416992 1.1715726852416992 0
      vertex 1.1715726852416992 1.1715726852416992 3
    endloop
  endfacet
  facet normal -0.06540152676295095 -0.99785902826856 0
    outer loop
      vertex 3.4778947830200195 0.03421974182128906 0
      vertex 4 0 3
      vertex 3.4778947830200195 0.03421974182128906 3
    endloop
  endfacet
  facet normal -0.06540152676295095 -0.99785902826856 0
    outer loop
      vertex 4 0 3
      vertex 3.4778947830200195 0.03421974182128906 0
      vertex 4 0 0
    endloop
  endfacet
  facet normal 0.7518445809268813 0.659340371986186 0
    outer loop
      vertex 111.17341613769531 72.43504333496094 3
      vertex 110.82843017578125 72.82843017578125 0
      vertex 110.82843017578125 72.82843017578125 3
    endloop
  endfacet
  facet normal 0.7518445809268813 0.659340371986186 0
    outer loop
      vertex 110.82843017578125 72.82843017578125 0
      vertex 111.17341613769531 72.43504333496094 3
      vertex 111.17341613769531 72.43504333496094 0
    endloop
  endfacet
  facet normal 0.8968749907573645 0.4422841292133118 0
    outer loop
      vertex 111.69551849365234 71.53073120117188 3
      vertex 111.46410369873047 72 0
      vertex 111.46410369873047 72 3
    endloop
  endfacet
  facet normal 0.8968749907573645 0.4422841292133118 0
    outer loop
      vertex 111.46410369873047 72 0
      vertex 111.69551849365234 71.53073120117188 3
      vertex 111.69551849365234 71.53073120117188 0
    endloop
  endfacet
  facet normal -0.99785902826856 -0.06540152676295095 0
    outer loop
      vertex 0.03421974182128906 3.4778947830200195 0
      vertex 0 4 3
      vertex 0 4 0
    endloop
  endfacet
  facet normal -0.99785902826856 -0.06540152676295095 0
    outer loop
      vertex 0 4 3
      vertex 0.03421974182128906 3.4778947830200195 0
      vertex 0.03421974182128906 3.4778947830200195 3
    endloop
  endfacet
  facet normal 0.4422841292133118 0.8968749907573645 0
    outer loop
      vertex 110 73.46410369873047 0
      vertex 109.53073120117188 73.69551849365234 3
      vertex 110 73.46410369873047 3
    endloop
  endfacet
  facet normal 0.4422841292133118 0.8968749907573645 0
    outer loop
      vertex 109.53073120117188 73.69551849365234 3
      vertex 110 73.46410369873047 0
      vertex 109.53073120117188 73.69551849365234 0
    endloop
  endfacet
  facet normal 0.4422870614774873 -0.8968735447372777 0
    outer loop
      vertex 109.53073120117188 0.30448150634765625 0
      vertex 110 0.5358982086181641 3
      vertex 109.53073120117188 0.30448150634765625 3
    endloop
  endfacet
  facet normal 0.4422870614774873 -0.8968735447372777 0
    outer loop
      vertex 110 0.5358982086181641 3
      vertex 109.53073120117188 0.30448150634765625 0
      vertex 110 0.5358982086181641 0
    endloop
  endfacet
  facet normal 0.9807837251252796 0.19509814076351398 0
    outer loop
      vertex 111.96578216552734 70.52210235595703 3
      vertex 111.86370086669922 71.0352783203125 0
      vertex 111.86370086669922 71.0352783203125 3
    endloop
  endfacet
  facet normal 0.9807837251252796 0.19509814076351398 0
    outer loop
      vertex 111.86370086669922 71.0352783203125 0
      vertex 111.96578216552734 70.52210235595703 3
      vertex 111.96578216552734 70.52210235595703 0
    endloop
  endfacet
  facet normal -0.6593468235327169 -0.7518389231060841 0
    outer loop
      vertex 1.1715726852416992 1.1715726852416992 0
      vertex 1.5649538040161133 0.8265857696533203 3
      vertex 1.1715726852416992 1.1715726852416992 3
    endloop
  endfacet
  facet normal -0.6593468235327169 -0.7518389231060841 0
    outer loop
      vertex 1.5649538040161133 0.8265857696533203 3
      vertex 1.1715726852416992 1.1715726852416992 0
      vertex 1.5649538040161133 0.8265857696533203 0
    endloop
  endfacet
  facet normal 0.9807833782374056 -0.195099884605866 0
    outer loop
      vertex 111.86370086669922 2.964723587036133 3
      vertex 111.96578216552734 3.4778947830200195 0
      vertex 111.96578216552734 3.4778947830200195 3
    endloop
  endfacet
  facet normal 0.9807833782374056 -0.195099884605866 0
    outer loop
      vertex 111.96578216552734 3.4778947830200195 0
      vertex 111.86370086669922 2.964723587036133 3
      vertex 111.86370086669922 2.964723587036133 0
    endloop
  endfacet
  facet normal -0.32143950806452687 -0.946930114979577 0
    outer loop
      vertex 2.469265937805176 0.30448150634765625 0
      vertex 2.964723587036133 0.13629627227783203 3
      vertex 2.469265937805176 0.30448150634765625 3
    endloop
  endfacet
  facet normal -0.32143950806452687 -0.946930114979577 0
    outer loop
      vertex 2.964723587036133 0.13629627227783203 3
      vertex 2.469265937805176 0.30448150634765625 0
      vertex 2.964723587036133 0.13629627227783203 0
    endloop
  endfacet
  facet normal 0.8314705072045249 -0.5555688937018074 0
    outer loop
      vertex 111.17341613769531 1.5649538040161133 3
      vertex 111.46410369873047 2 0
      vertex 111.46410369873047 2 3
    endloop
  endfacet
  facet normal 0.8314705072045249 -0.5555688937018074 0
    outer loop
      vertex 111.46410369873047 2 0
      vertex 111.17341613769531 1.5649538040161133 3
      vertex 111.17341613769531 1.5649538040161133 0
    endloop
  endfacet
  facet normal -0.8968724750851971 -0.44228923052065444 0
    outer loop
      vertex 0.5358982086181641 2 0
      vertex 0.30448150634765625 2.469265937805176 3
      vertex 0.30448150634765625 2.469265937805176 0
    endloop
  endfacet
  facet normal -0.8968724750851971 -0.44228923052065444 0
    outer loop
      vertex 0.30448150634765625 2.469265937805176 3
      vertex 0.5358982086181641 2 0
      vertex 0.5358982086181641 2 3
    endloop
  endfacet
  facet normal 0.6593414022861793 -0.7518436773899843 0
    outer loop
      vertex 110.43504333496094 0.8265857696533203 0
      vertex 110.82843017578125 1.1715726852416992 3
      vertex 110.43504333496094 0.8265857696533203 3
    endloop
  endfacet
  facet normal 0.6593414022861793 -0.7518436773899843 0
    outer loop
      vertex 110.82843017578125 1.1715726852416992 3
      vertex 110.43504333496094 0.8265857696533203 0
      vertex 110.82843017578125 1.1715726852416992 0
    endloop
  endfacet
  facet normal -0.7518436773899843 0.6593414022861793 0
    outer loop
      vertex 0.8265857696533203 72.43504333496094 0
      vertex 1.1715726852416992 72.82843017578125 3
      vertex 1.1715726852416992 72.82843017578125 0
    endloop
  endfacet
  facet normal -0.7518436773899843 0.6593414022861793 0
    outer loop
      vertex 1.1715726852416992 72.82843017578125 3
      vertex 0.8265857696533203 72.43504333496094 0
      vertex 0.8265857696533203 72.43504333496094 3
    endloop
  endfacet
  facet normal 0.5555714196190613 0.8314688194409101 0
    outer loop
      vertex 110.43504333496094 73.17341613769531 0
      vertex 110 73.46410369873047 3
      vertex 110.43504333496094 73.17341613769531 3
    endloop
  endfacet
  facet normal 0.5555714196190613 0.8314688194409101 0
    outer loop
      vertex 110 73.46410369873047 3
      vertex 110.43504333496094 73.17341613769531 0
      vertex 110 73.46410369873047 0
    endloop
  endfacet
  facet normal 0.19509814076351398 0.9807837251252796 0
    outer loop
      vertex 109.0352783203125 73.86370086669922 0
      vertex 108.52210235595703 73.96578216552734 3
      vertex 109.0352783203125 73.86370086669922 3
    endloop
  endfacet
  facet normal 0.19509814076351398 0.9807837251252796 0
    outer loop
      vertex 108.52210235595703 73.96578216552734 3
      vertex 109.0352783203125 73.86370086669922 0
      vertex 108.52210235595703 73.96578216552734 0
    endloop
  endfacet
  facet normal 0.19508937429465964 -0.9807854689162754 0
    outer loop
      vertex 108.52210235595703 0.03421974182128906 0
      vertex 109.0352783203125 0.13629627227783203 3
      vertex 108.52210235595703 0.03421974182128906 3
    endloop
  endfacet
  facet normal 0.19508937429465964 -0.9807854689162754 0
    outer loop
      vertex 109.0352783203125 0.13629627227783203 3
      vertex 108.52210235595703 0.03421974182128906 0
      vertex 109.0352783203125 0.13629627227783203 0
    endloop
  endfacet
  facet normal 0.06540188361807907 -0.9978590048795507 0
    outer loop
      vertex 108 0 0
      vertex 108.52210235595703 0.03421974182128906 3
      vertex 108 0 3
    endloop
  endfacet
  facet normal 0.06540188361807907 -0.9978590048795507 0
    outer loop
      vertex 108.52210235595703 0.03421974182128906 3
      vertex 108 0 0
      vertex 108.52210235595703 0.03421974182128906 0
    endloop
  endfacet
  facet normal 0.8314688194409101 0.5555714196190613 0
    outer loop
      vertex 111.46410369873047 72 3
      vertex 111.17341613769531 72.43504333496094 0
      vertex 111.17341613769531 72.43504333496094 3
    endloop
  endfacet
  facet normal 0.8314688194409101 0.5555714196190613 0
    outer loop
      vertex 111.17341613769531 72.43504333496094 0
      vertex 111.46410369873047 72 3
      vertex 111.46410369873047 72 0
    endloop
  endfacet
  facet normal 0.751839826652126 -0.6593457932372825 0
    outer loop
      vertex 110.82843017578125 1.1715726852416992 3
      vertex 111.17341613769531 1.5649538040161133 0
      vertex 111.17341613769531 1.5649538040161133 3
    endloop
  endfacet
  facet normal 0.751839826652126 -0.6593457932372825 0
    outer loop
      vertex 111.17341613769531 1.5649538040161133 0
      vertex 110.82843017578125 1.1715726852416992 3
      vertex 110.82843017578125 1.1715726852416992 0
    endloop
  endfacet
  facet normal -0.19509111806485524 -0.9807851220589577 0
    outer loop
      vertex 2.964723587036133 0.13629627227783203 0
      vertex 3.4778947830200195 0.03421974182128906 3
      vertex 2.964723587036133 0.13629627227783203 3
    endloop
  endfacet
  facet normal -0.19509111806485524 -0.9807851220589577 0
    outer loop
      vertex 3.4778947830200195 0.03421974182128906 3
      vertex 2.964723587036133 0.13629627227783203 0
      vertex 3.4778947830200195 0.03421974182128906 0
    endloop
  endfacet
  facet normal -0.44228923052065444 -0.8968724750851971 0
    outer loop
      vertex 2 0.5358982086181641 0
      vertex 2.469265937805176 0.30448150634765625 3
      vertex 2 0.5358982086181641 3
    endloop
  endfacet
  facet normal -0.44228923052065444 -0.8968724750851971 0
    outer loop
      vertex 2.469265937805176 0.30448150634765625 3
      vertex 2 0.5358982086181641 0
      vertex 2.469265937805176 0.30448150634765625 0
    endloop
  endfacet
  facet normal 0.32144228203731884 -0.9469291733380278 0
    outer loop
      vertex 109.0352783203125 0.13629627227783203 0
      vertex 109.53073120117188 0.30448150634765625 3
      vertex 109.0352783203125 0.13629627227783203 3
    endloop
  endfacet
  facet normal 0.32144228203731884 -0.9469291733380278 0
    outer loop
      vertex 109.53073120117188 0.30448150634765625 3
      vertex 109.0352783203125 0.13629627227783203 0
      vertex 109.53073120117188 0.30448150634765625 0
    endloop
  endfacet
  facet normal -0.8314688194409101 0.5555714196190613 0
    outer loop
      vertex 0.5358982086181641 72 0
      vertex 0.8265857696533203 72.43504333496094 3
      vertex 0.8265857696533203 72.43504333496094 0
    endloop
  endfacet
  facet normal -0.8314688194409101 0.5555714196190613 0
    outer loop
      vertex 0.8265857696533203 72.43504333496094 3
      vertex 0.5358982086181641 72 0
      vertex 0.5358982086181641 72 3
    endloop
  endfacet
  facet normal 0.9469308377254704 0.3214373789162345 0
    outer loop
      vertex 111.86370086669922 71.0352783203125 3
      vertex 111.69551849365234 71.53073120117188 0
      vertex 111.69551849365234 71.53073120117188 3
    endloop
  endfacet
  facet normal 0.9469308377254704 0.3214373789162345 0
    outer loop
      vertex 111.69551849365234 71.53073120117188 0
      vertex 111.86370086669922 71.0352783203125 3
      vertex 111.86370086669922 71.0352783203125 0
    endloop
  endfacet
  facet normal -0.5555688937018074 -0.8314705072045249 0
    outer loop
      vertex 1.5649538040161133 0.8265857696533203 0
      vertex 2 0.5358982086181641 3
      vertex 1.5649538040161133 0.8265857696533203 3
    endloop
  endfacet
  facet normal -0.5555688937018074 -0.8314705072045249 0
    outer loop
      vertex 2 0.5358982086181641 3
      vertex 1.5649538040161133 0.8265857696533203 0
      vertex 2 0.5358982086181641 0
    endloop
  endfacet
  facet normal 0 0 -1
    outer loop
      vertex 103.92940521240234 7.150561332702637 0
      vertex 8.070594787597656 7.150561332702637 0
      vertex 104.02775573730469 7.34999942779541 0
    endloop
  endfacet
  facet normal 0 0 -1
    outer loop
      vertex 104.02775573730469 66.6500015258789 0
      vertex 8.185455322265625 67.27810668945312 0
      vertex 8.199999809265137 67.5 0
    endloop
  endfacet
  facet normal 0 0 -1
    outer loop
      vertex 7.97224235534668 7.34999942779541 0
      vertex 104.02775573730469 7.34999942779541 0
      vertex 8.070594787597656 7.150561332702637 0
    endloop
  endfacet
  facet normal 0 0 -1
    outer loop
      vertex 104.02775573730469 66.6500015258789 0
      vertex 8.142073631286621 67.06000518798828 0
      vertex 8.185455322265625 67.27810668945312 0
    endloop
  endfacet
  facet normal 0 0 -1
    outer loop
      vertex 104.02775573730469 7.34999942779541 0
      vertex 7.97224235534668 7.34999942779541 0
      vertex 104.02775573730469 66.6500015258789 0
    endloop
  endfacet
  facet normal 0 0 -1
    outer loop
      vertex 104.02775573730469 66.6500015258789 0
      vertex 8.070594787597656 66.84944152832031 0
      vertex 8.142073631286621 67.06000518798828 0
    endloop
  endfacet
  facet normal 0 0 -1
    outer loop
      vertex 7.97224235534668 66.6500015258789 0
      vertex 104.02775573730469 66.6500015258789 0
      vertex 7.97224235534668 7.34999942779541 0
    endloop
  endfacet
  facet normal 0 0 -1
    outer loop
      vertex 104.02775573730469 66.6500015258789 0
      vertex 7.97224235534668 66.6500015258789 0
      vertex 8.070594787597656 66.84944152832031 0
    endloop
  endfacet
  facet normal 0 0 -1
    outer loop
      vertex 7.848700523376465 7.534893989562988 0
      vertex 7.97224235534668 66.6500015258789 0
      vertex 7.97224235534668 7.34999942779541 0
    endloop
  endfacet
  facet normal 0 0 -1
    outer loop
      vertex 7.848700523376465 7.534893989562988 0
      vertex 7.848700523376465 66.46510314941406 0
      vertex 7.97224235534668 66.6500015258789 0
    endloop
  endfacet
  facet normal 0 0 -1
    outer loop
      vertex 7.702080726623535 7.702080726623535 0
      vertex 7.848700523376465 66.46510314941406 0
      vertex 7.848700523376465 7.534893989562988 0
    endloop
  endfacet
  facet normal 0 0 -1
    outer loop
      vertex 7.702080726623535 7.702080726623535 0
      vertex 7.702080726623535 66.29792022705078 0
      vertex 7.848700523376465 66.46510314941406 0
    endloop
  endfacet
  facet normal 0 0 -1
    outer loop
      vertex 7.534893989562988 7.848700523376465 0
      vertex 7.702080726623535 66.29792022705078 0
      vertex 7.702080726623535 7.702080726623535 0
    endloop
  endfacet
  facet normal 0 0 -1
    outer loop
      vertex 7.534893989562988 7.848700523376465 0
      vertex 7.534893989562988 66.15129852294922 0
      vertex 7.702080726623535 66.29792022705078 0
    endloop
  endfacet
  facet normal 0 0 -1
    outer loop
      vertex 7.34999942779541 7.97224235534668 0
      vertex 7.534893989562988 66.15129852294922 0
      vertex 7.534893989562988 7.848700523376465 0
    endloop
  endfacet
  facet normal 0 0 -1
    outer loop
      vertex 7.34999942779541 7.97224235534668 0
      vertex 7.34999942779541 66.02775573730469 0
      vertex 7.534893989562988 66.15129852294922 0
    endloop
  endfacet
  facet normal 0 0 -1
    outer loop
      vertex 7.150561332702637 8.070594787597656 0
      vertex 7.34999942779541 66.02775573730469 0
      vertex 7.34999942779541 7.97224235534668 0
    endloop
  endfacet
  facet normal 0 0 -1
    outer loop
      vertex 7.150561332702637 8.070594787597656 0
      vertex 7.150561332702637 65.92940521240234 0
      vertex 7.34999942779541 66.02775573730469 0
    endloop
  endfacet
  facet normal 0 0 -1
    outer loop
      vertex 6.9399919509887695 8.142073631286621 0
      vertex 7.150561332702637 65.92940521240234 0
      vertex 7.150561332702637 8.070594787597656 0
    endloop
  endfacet
  facet normal 0 0 -1
    outer loop
      vertex 6.9399919509887695 8.142073631286621 0
      vertex 6.9399919509887695 65.85792541503906 0
      vertex 7.150561332702637 65.92940521240234 0
    endloop
  endfacet
  facet normal 0 0 -1
    outer loop
      vertex 6.721894264221191 8.185455322265625 0
      vertex 6.9399919509887695 65.85792541503906 0
      vertex 6.9399919509887695 8.142073631286621 0
    endloop
  endfacet
  facet normal 0 0 -1
    outer loop
      vertex 6.721894264221191 8.185455322265625 0
      vertex 6.721894264221191 65.81454467773438 0
      vertex 6.9399919509887695 65.85792541503906 0
    endloop
  endfacet
  facet normal 0 0 -1
    outer loop
      vertex 6.5 8.199999809265137 0
      vertex 6.721894264221191 65.81454467773438 0
      vertex 6.721894264221191 8.185455322265625 0
    endloop
  endfacet
  facet normal 0 0 -1
    outer loop
      vertex 6.5 8.199999809265137 0
      vertex 6.5 65.80000305175781 0
      vertex 6.721894264221191 65.81454467773438 0
    endloop
  endfacet
  facet normal 0 0 -1
    outer loop
      vertex 6.278104782104492 8.185455322265625 0
      vertex 6.5 65.80000305175781 0
      vertex 6.5 8.199999809265137 0
    endloop
  endfacet
  facet normal 0 0 -1
    outer loop
      vertex 6.278104782104492 8.185455322265625 0
      vertex 6.278104782104492 65.81454467773438 0
      vertex 6.5 65.80000305175781 0
    endloop
  endfacet
  facet normal 0 0 -1
    outer loop
      vertex 6.060007095336914 8.142073631286621 0
      vertex 6.278104782104492 65.81454467773438 0
      vertex 6.278104782104492 8.185455322265625 0
    endloop
  endfacet
  facet normal 0 0 -1
    outer loop
      vertex 6.060007095336914 8.142073631286621 0
      vertex 6.060007095336914 65.85792541503906 0
      vertex 6.278104782104492 65.81454467773438 0
    endloop
  endfacet
  facet normal 0 0 -1
    outer loop
      vertex 5.849437713623047 8.070594787597656 0
      vertex 6.060007095336914 65.85792541503906 0
      vertex 6.060007095336914 8.142073631286621 0
    endloop
  endfacet
  facet normal 0 0 -1
    outer loop
      vertex 5.849437713623047 8.070594787597656 0
      vertex 5.849437713623047 65.92940521240234 0
      vertex 6.060007095336914 65.85792541503906 0
    endloop
  endfacet
  facet normal 0 0 -1
    outer loop
      vertex 5.649999618530273 7.97224235534668 0
      vertex 5.849437713623047 65.92940521240234 0
      vertex 5.849437713623047 8.070594787597656 0
    endloop
  endfacet
  facet normal 0 0 -1
    outer loop
      vertex 5.649999618530273 7.97224235534668 0
      vertex 5.649999618530273 66.02775573730469 0
      vertex 5.849437713623047 65.92940521240234 0
    endloop
  endfacet
  facet normal 0 0 -1
    outer loop
      vertex 5.465105056762695 7.848700523376465 0
      vertex 5.649999618530273 66.02775573730469 0
      vertex 5.649999618530273 7.97224235534668 0
    endloop
  endfacet
  facet normal 0 0 -1
    outer loop
      vertex 5.465105056762695 7.848700523376465 0
      vertex 5.465105056762695 66.15129852294922 0
      vertex 5.649999618530273 66.02775573730469 0
    endloop
  endfacet
  facet normal 0 0 -1
    outer loop
      vertex 0 4 0
      vertex 5.465105056762695 7.848700523376465 0
      vertex 5.297918319702148 7.702080726623535 0
    endloop
  endfacet
  facet normal 0 0 -1
    outer loop
      vertex 5.465105056762695 7.848700523376465 0
      vertex 0 4 0
      vertex 5.465105056762695 66.15129852294922 0
    endloop
  endfacet
  facet normal 0 0 -1
    outer loop
      vertex 0 4 0
      vertex 5.297918319702148 7.702080726623535 0
      vertex 5.151298522949219 7.534893989562988 0
    endloop
  endfacet
  facet normal 0 0 -1
    outer loop
      vertex 0 70 0
      vertex 5.465105056762695 66.15129852294922 0
      vertex 0 4 0
    endloop
  endfacet
  facet normal 0 0 -1
    outer loop
      vertex 0 4 0
      vertex 5.151298522949219 7.534893989562988 0
      vertex 5.027756690979004 7.34999942779541 0
    endloop
  endfacet
  facet normal 0 0 -1
    outer loop
      vertex 5.465105056762695 66.15129852294922 0
      vertex 0 70 0
      vertex 5.297918319702148 66.29792022705078 0
    endloop
  endfacet
  facet normal 0 0 -1
    outer loop
      vertex 0 4 0
      vertex 5.027756690979004 7.34999942779541 0
      vertex 4.929404258728027 7.150561332702637 0
    endloop
  endfacet
  facet normal 0 0 -1
    outer loop
      vertex 5.297918319702148 66.29792022705078 0
      vertex 0 70 0
      vertex 5.151298522949219 66.46510314941406 0
    endloop
  endfacet
  facet normal 0 0 -1
    outer loop
      vertex 0 4 0
      vertex 4.929404258728027 7.150561332702637 0
      vertex 4.8579254150390625 6.9399919509887695 0
    endloop
  endfacet
  facet normal 0 0 -1
    outer loop
      vertex 5.151298522949219 66.46510314941406 0
      vertex 0 70 0
      vertex 5.027756690979004 66.6500015258789 0
    endloop
  endfacet
  facet normal 0 0 -1
    outer loop
      vertex 0 4 0
      vertex 4.8579254150390625 6.9399919509887695 0
      vertex 4.814543724060059 6.721894264221191 0
    endloop
  endfacet
  facet normal 0 0 -1
    outer loop
      vertex 5.027756690979004 66.6500015258789 0
      vertex 0 70 0
      vertex 4.929404258728027 66.84944152832031 0
    endloop
  endfacet
  facet normal 0 0 -1
    outer loop
      vertex 0 4 0
      vertex 4.814543724060059 6.721894264221191 0
      vertex 4.799999237060547 6.5 0
    endloop
  endfacet
  facet normal 0 0 -1
    outer loop
      vertex 4.929404258728027 66.84944152832031 0
      vertex 0 70 0
      vertex 4.8579254150390625 67.06000518798828 0
    endloop
  endfacet
  facet normal 0 0 -1
    outer loop
      vertex 107.07059478759766 7.150561332702637 0
      vertex 112 4 0
      vertex 107.14207458496094 6.9399919509887695 0
    endloop
  endfacet
  facet normal 0 0 -1
    outer loop
      vertex 112 70 0
      vertex 107.18545532226562 67.27810668945312 0
      vertex 107.19999694824219 67.5 0
    endloop
  endfacet
  facet normal 0 0 -1
    outer loop
      vertex 106.97224426269531 7.34999942779541 0
      vertex 112 4 0
      vertex 107.07059478759766 7.150561332702637 0
    endloop
  endfacet
  facet normal 0 0 -1
    outer loop
      vertex 112 70 0
      vertex 107.14207458496094 67.06000518798828 0
      vertex 107.18545532226562 67.27810668945312 0
    endloop
  endfacet
  facet normal 0 0 -1
    outer loop
      vertex 106.84870147705078 7.534893989562988 0
      vertex 112 4 0
      vertex 106.97224426269531 7.34999942779541 0
    endloop
  endfacet
  facet normal 0 0 -1
    outer loop
      vertex 112 70 0
      vertex 107.07059478759766 66.84944152832031 0
      vertex 107.14207458496094 67.06000518798828 0
    endloop
  endfacet
  facet normal 0 0 -1
    outer loop
      vertex 106.70207977294922 7.702080726623535 0
      vertex 112 4 0
      vertex 106.84870147705078 7.534893989562988 0
    endloop
  endfacet
  facet normal 0 0 -1
    outer loop
      vertex 112 70 0
      vertex 106.97224426269531 66.6500015258789 0
      vertex 107.07059478759766 66.84944152832031 0
    endloop
  endfacet
  facet normal 0 0 -1
    outer loop
      vertex 106.53489685058594 7.848700523376465 0
      vertex 112 4 0
      vertex 106.70207977294922 7.702080726623535 0
    endloop
  endfacet
  facet normal 0 0 -1
    outer loop
      vertex 112 70 0
      vertex 106.84870147705078 66.46510314941406 0
      vertex 106.97224426269531 66.6500015258789 0
    endloop
  endfacet
  facet normal 0 0 -1
    outer loop
      vertex 112 4 0
      vertex 106.53489685058594 7.848700523376465 0
      vertex 112 70 0
    endloop
  endfacet
  facet normal 0 0 -1
    outer loop
      vertex 112 70 0
      vertex 106.70207977294922 66.29792022705078 0
      vertex 106.84870147705078 66.46510314941406 0
    endloop
  endfacet
  facet normal 0 0 -1
    outer loop
      vertex 106.53489685058594 66.15129852294922 0
      vertex 112 70 0
      vertex 106.53489685058594 7.848700523376465 0
    endloop
  endfacet
  facet normal 0 0 -1
    outer loop
      vertex 112 70 0
      vertex 106.53489685058594 66.15129852294922 0
      vertex 106.70207977294922 66.29792022705078 0
    endloop
  endfacet
  facet normal 0 0 -1
    outer loop
      vertex 106.3499984741211 7.97224235534668 0
      vertex 106.53489685058594 66.15129852294922 0
      vertex 106.53489685058594 7.848700523376465 0
    endloop
  endfacet
  facet normal 0 0 -1
    outer loop
      vertex 106.3499984741211 7.97224235534668 0
      vertex 106.3499984741211 66.02775573730469 0
      vertex 106.53489685058594 66.15129852294922 0
    endloop
  endfacet
  facet normal 0 0 -1
    outer loop
      vertex 106.15055847167969 8.070594787597656 0
      vertex 106.3499984741211 66.02775573730469 0
      vertex 106.3499984741211 7.97224235534668 0
    endloop
  endfacet
  facet normal 0 0 -1
    outer loop
      vertex 106.15055847167969 8.070594787597656 0
      vertex 106.15055847167969 65.92940521240234 0
      vertex 106.3499984741211 66.02775573730469 0
    endloop
  endfacet
  facet normal 0 0 -1
    outer loop
      vertex 105.93999481201172 8.142073631286621 0
      vertex 106.15055847167969 65.92940521240234 0
      vertex 106.15055847167969 8.070594787597656 0
    endloop
  endfacet
  facet normal 0 0 -1
    outer loop
      vertex 105.93999481201172 8.142073631286621 0
      vertex 105.93999481201172 65.85792541503906 0
      vertex 106.15055847167969 65.92940521240234 0
    endloop
  endfacet
  facet normal 0 0 -1
    outer loop
      vertex 105.72189331054688 8.185455322265625 0
      vertex 105.93999481201172 65.85792541503906 0
      vertex 105.93999481201172 8.142073631286621 0
    endloop
  endfacet
  facet normal 0 0 -1
    outer loop
      vertex 105.72189331054688 8.185455322265625 0
      vertex 105.72189331054688 65.81454467773438 0
      vertex 105.93999481201172 65.85792541503906 0
    endloop
  endfacet
  facet normal 0 0 -1
    outer loop
      vertex 105.5 8.199999809265137 0
      vertex 105.72189331054688 65.81454467773438 0
      vertex 105.72189331054688 8.185455322265625 0
    endloop
  endfacet
  facet normal 0 0 -1
    outer loop
      vertex 105.5 8.199999809265137 0
      vertex 105.5 65.80000305175781 0
      vertex 105.72189331054688 65.81454467773438 0
    endloop
  endfacet
  facet normal 0 0 -1
    outer loop
      vertex 105.27810668945312 8.185455322265625 0
      vertex 105.5 65.80000305175781 0
      vertex 105.5 8.199999809265137 0
    endloop
  endfacet
  facet normal 0 0 -1
    outer loop
      vertex 105.27810668945312 8.185455322265625 0
      vertex 105.27810668945312 65.81454467773438 0
      vertex 105.5 65.80000305175781 0
    endloop
  endfacet
  facet normal 0 0 -1
    outer loop
      vertex 105.06000518798828 8.142073631286621 0
      vertex 105.27810668945312 65.81454467773438 0
      vertex 105.27810668945312 8.185455322265625 0
    endloop
  endfacet
  facet normal 0 0 -1
    outer loop
      vertex 105.06000518798828 8.142073631286621 0
      vertex 105.06000518798828 65.85792541503906 0
      vertex 105.27810668945312 65.81454467773438 0
    endloop
  endfacet
  facet normal 0 0 -1
    outer loop
      vertex 104.84944152832031 8.070594787597656 0
      vertex 105.06000518798828 65.85792541503906 0
      vertex 105.06000518798828 8.142073631286621 0
    endloop
  endfacet
  facet normal 0 0 -1
    outer loop
      vertex 104.84944152832031 8.070594787597656 0
      vertex 104.84944152832031 65.92940521240234 0
      vertex 105.06000518798828 65.85792541503906 0
    endloop
  endfacet
  facet normal 0 0 -1
    outer loop
      vertex 104.6500015258789 7.97224235534668 0
      vertex 104.84944152832031 65.92940521240234 0
      vertex 104.84944152832031 8.070594787597656 0
    endloop
  endfacet
  facet normal 0 0 -1
    outer loop
      vertex 104.6500015258789 7.97224235534668 0
      vertex 104.6500015258789 66.02775573730469 0
      vertex 104.84944152832031 65.92940521240234 0
    endloop
  endfacet
  facet normal 0 0 -1
    outer loop
      vertex 104.46510314941406 7.848700523376465 0
      vertex 104.6500015258789 66.02775573730469 0
      vertex 104.6500015258789 7.97224235534668 0
    endloop
  endfacet
  facet normal 0 0 -1
    outer loop
      vertex 104.46510314941406 7.848700523376465 0
      vertex 104.46510314941406 66.15129852294922 0
      vertex 104.6500015258789 66.02775573730469 0
    endloop
  endfacet
  facet normal 0 0 -1
    outer loop
      vertex 104.29792022705078 7.702080726623535 0
      vertex 104.46510314941406 66.15129852294922 0
      vertex 104.46510314941406 7.848700523376465 0
    endloop
  endfacet
  facet normal 0 0 -1
    outer loop
      vertex 104.29792022705078 7.702080726623535 0
      vertex 104.29792022705078 66.29792022705078 0
      vertex 104.46510314941406 66.15129852294922 0
    endloop
  endfacet
  facet normal 0 0 -1
    outer loop
      vertex 104.15129852294922 7.534893989562988 0
      vertex 104.29792022705078 66.29792022705078 0
      vertex 104.29792022705078 7.702080726623535 0
    endloop
  endfacet
  facet normal 0 0 -1
    outer loop
      vertex 104.15129852294922 7.534893989562988 0
      vertex 104.15129852294922 66.46510314941406 0
      vertex 104.29792022705078 66.29792022705078 0
    endloop
  endfacet
  facet normal 0 0 -1
    outer loop
      vertex 104.02775573730469 7.34999942779541 0
      vertex 104.15129852294922 66.46510314941406 0
      vertex 104.15129852294922 7.534893989562988 0
    endloop
  endfacet
  facet normal 0 0 -1
    outer loop
      vertex 104.02775573730469 7.34999942779541 0
      vertex 104.02775573730469 66.6500015258789 0
      vertex 104.15129852294922 66.46510314941406 0
    endloop
  endfacet
  facet normal 0 0 -1
    outer loop
      vertex 8.142073631286621 6.9399919509887695 0
      vertex 103.85792541503906 6.9399919509887695 0
      vertex 8.185455322265625 6.721894264221191 0
    endloop
  endfacet
  facet normal 0 0 -1
    outer loop
      vertex 103.85792541503906 6.9399919509887695 0
      vertex 8.142073631286621 6.9399919509887695 0
      vertex 103.92940521240234 7.150561332702637 0
    endloop
  endfacet
  facet normal 0 0 -1
    outer loop
      vertex 103.81454467773438 6.721894264221191 0
      vertex 8.185455322265625 6.721894264221191 0
      vertex 103.85792541503906 6.9399919509887695 0
    endloop
  endfacet
  facet normal 0 0 -1
    outer loop
      vertex 8.070594787597656 7.150561332702637 0
      vertex 103.92940521240234 7.150561332702637 0
      vertex 8.142073631286621 6.9399919509887695 0
    endloop
  endfacet
  facet normal 0 0 -1
    outer loop
      vertex 8.185455322265625 6.721894264221191 0
      vertex 103.81454467773438 6.721894264221191 0
      vertex 8.199999809265137 6.5 0
    endloop
  endfacet
  facet normal 0 0 -1
    outer loop
      vertex 104.02775573730469 66.6500015258789 0
      vertex 8.199999809265137 67.5 0
      vertex 103.92940521240234 66.84944152832031 0
    endloop
  endfacet
  facet normal 0 0 -1
    outer loop
      vertex 8.199999809265137 6.5 0
      vertex 103.81454467773438 6.721894264221191 0
      vertex 103.80000305175781 6.5 0
    endloop
  endfacet
  facet normal 0 0 -1
    outer loop
      vertex 103.92940521240234 66.84944152832031 0
      vertex 8.199999809265137 67.5 0
      vertex 103.85792541503906 67.06000518798828 0
    endloop
  endfacet
  facet normal 0 0 -1
    outer loop
      vertex 106.84870147705078 5.465105056762695 0
      vertex 112 4 0
      vertex 111.96578216552734 3.4778947830200195 0
    endloop
  endfacet
  facet normal 0 0 -1
    outer loop
      vertex 107.18545532226562 6.721894264221191 0
      vertex 112 4 0
      vertex 107.19999694824219 6.5 0
    endloop
  endfacet
  facet normal 0 0 -1
    outer loop
      vertex 106.84870147705078 5.465105056762695 0
      vertex 111.96578216552734 3.4778947830200195 0
      vertex 111.86370086669922 2.964723587036133 0
    endloop
  endfacet
  facet normal 0 0 -1
    outer loop
      vertex 107.14207458496094 6.9399919509887695 0
      vertex 112 4 0
      vertex 107.18545532226562 6.721894264221191 0
    endloop
  endfacet
  facet normal 0 0 -1
    outer loop
      vertex 106.84870147705078 5.465105056762695 0
      vertex 111.86370086669922 2.964723587036133 0
      vertex 111.69551849365234 2.469265937805176 0
    endloop
  endfacet
  facet normal 0 0 -1
    outer loop
      vertex 107.18545532226562 67.72189331054688 0
      vertex 112 70 0
      vertex 107.19999694824219 67.5 0
    endloop
  endfacet
  facet normal 0 0 -1
    outer loop
      vertex 106.84870147705078 5.465105056762695 0
      vertex 111.69551849365234 2.469265937805176 0
      vertex 111.46410369873047 2 0
    endloop
  endfacet
  facet normal 0 0 -1
    outer loop
      vertex 107.14207458496094 67.93999481201172 0
      vertex 112 70 0
      vertex 107.18545532226562 67.72189331054688 0
    endloop
  endfacet
  facet normal 0 0 -1
    outer loop
      vertex 106.70207977294922 5.297918319702148 0
      vertex 111.46410369873047 2 0
      vertex 111.17341613769531 1.5649538040161133 0
    endloop
  endfacet
  facet normal 0 0 -1
    outer loop
      vertex 107.07059478759766 68.15055847167969 0
      vertex 112 70 0
      vertex 107.14207458496094 67.93999481201172 0
    endloop
  endfacet
  facet normal 0 0 -1
    outer loop
      vertex 106.70207977294922 5.297918319702148 0
      vertex 111.17341613769531 1.5649538040161133 0
      vertex 110.82843017578125 1.1715726852416992 0
    endloop
  endfacet
  facet normal 0 0 -1
    outer loop
      vertex 106.97224426269531 68.3499984741211 0
      vertex 112 70 0
      vertex 107.07059478759766 68.15055847167969 0
    endloop
  endfacet
  facet normal 0 0 -1
    outer loop
      vertex 106.70207977294922 5.297918319702148 0
      vertex 110.82843017578125 1.1715726852416992 0
      vertex 110.43504333496094 0.8265857696533203 0
    endloop
  endfacet
  facet normal 0 0 -1
    outer loop
      vertex 106.84870147705078 68.53489685058594 0
      vertex 112 70 0
      vertex 106.97224426269531 68.3499984741211 0
    endloop
  endfacet
  facet normal 0 0 -1
    outer loop
      vertex 106.70207977294922 5.297918319702148 0
      vertex 110.43504333496094 0.8265857696533203 0
      vertex 110 0.5358982086181641 0
    endloop
  endfacet
  facet normal 0 0 -1
    outer loop
      vertex 112 70 0
      vertex 106.84870147705078 68.53489685058594 0
      vertex 111.96578216552734 70.52210235595703 0
    endloop
  endfacet
  facet normal 0 0 -1
    outer loop
      vertex 106.53489685058594 5.151298522949219 0
      vertex 110 0.5358982086181641 0
      vertex 109.53073120117188 0.30448150634765625 0
    endloop
  endfacet
  facet normal 0 0 -1
    outer loop
      vertex 111.96578216552734 70.52210235595703 0
      vertex 106.84870147705078 68.53489685058594 0
      vertex 111.86370086669922 71.0352783203125 0
    endloop
  endfacet
  facet normal 0 0 -1
    outer loop
      vertex 106.53489685058594 5.151298522949219 0
      vertex 109.53073120117188 0.30448150634765625 0
      vertex 109.0352783203125 0.13629627227783203 0
    endloop
  endfacet
  facet normal 0 0 -1
    outer loop
      vertex 111.86370086669922 71.0352783203125 0
      vertex 106.84870147705078 68.53489685058594 0
      vertex 111.69551849365234 71.53073120117188 0
    endloop
  endfacet
  facet normal 0 0 -1
    outer loop
      vertex 106.53489685058594 5.151298522949219 0
      vertex 109.0352783203125 0.13629627227783203 0
      vertex 108.52210235595703 0.03421974182128906 0
    endloop
  endfacet
  facet normal 0 0 -1
    outer loop
      vertex 111.69551849365234 71.53073120117188 0
      vertex 106.84870147705078 68.53489685058594 0
      vertex 111.46410369873047 72 0
    endloop
  endfacet
  facet normal 0 0 -1
    outer loop
      vertex 106.53489685058594 5.151298522949219 0
      vertex 108.52210235595703 0.03421974182128906 0
      vertex 108 0 0
    endloop
  endfacet
  facet normal 0 0 -1
    outer loop
      vertex 106.70207977294922 68.70207977294922 0
      vertex 111.46410369873047 72 0
      vertex 106.84870147705078 68.53489685058594 0
    endloop
  endfacet
  facet normal 0 0 -1
    outer loop
      vertex 111.46410369873047 72 0
      vertex 106.70207977294922 68.70207977294922 0
      vertex 111.17341613769531 72.43504333496094 0
    endloop
  endfacet
  facet normal 0 0 -1
    outer loop
      vertex 112 4 0
      vertex 107.18545532226562 6.278104782104492 0
      vertex 107.19999694824219 6.5 0
    endloop
  endfacet
  facet normal 0 0 -1
    outer loop
      vertex 112 4 0
      vertex 107.14207458496094 6.060007095336914 0
      vertex 107.18545532226562 6.278104782104492 0
    endloop
  endfacet
  facet normal 0 0 -1
    outer loop
      vertex 112 4 0
      vertex 107.07059478759766 5.849437713623047 0
      vertex 107.14207458496094 6.060007095336914 0
    endloop
  endfacet
  facet normal 0 0 -1
    outer loop
      vertex 112 4 0
      vertex 106.97224426269531 5.649999618530273 0
      vertex 107.07059478759766 5.849437713623047 0
    endloop
  endfacet
  facet normal 0 0 -1
    outer loop
      vertex 112 4 0
      vertex 106.84870147705078 5.465105056762695 0
      vertex 106.97224426269531 5.649999618530273 0
    endloop
  endfacet
  facet normal 0 0 -1
    outer loop
      vertex 111.46410369873047 2 0
      vertex 106.70207977294922 5.297918319702148 0
      vertex 106.84870147705078 5.465105056762695 0
    endloop
  endfacet
  facet normal 0 0 -1
    outer loop
      vertex 110 0.5358982086181641 0
      vertex 106.53489685058594 5.151298522949219 0
      vertex 106.70207977294922 5.297918319702148 0
    endloop
  endfacet
  facet normal 0 0 -1
    outer loop
      vertex 108 0 0
      vertex 106.3499984741211 5.027756690979004 0
      vertex 106.53489685058594 5.151298522949219 0
    endloop
  endfacet
  facet normal 0 0 -1
    outer loop
      vertex 108 0 0
      vertex 106.15055847167969 4.929404258728027 0
      vertex 106.3499984741211 5.027756690979004 0
    endloop
  endfacet
  facet normal 0 0 -1
    outer loop
      vertex 108 0 0
      vertex 105.93999481201172 4.8579254150390625 0
      vertex 106.15055847167969 4.929404258728027 0
    endloop
  endfacet
  facet normal 0 0 -1
    outer loop
      vertex 108 0 0
      vertex 105.72189331054688 4.814543724060059 0
      vertex 105.93999481201172 4.8579254150390625 0
    endloop
  endfacet
  facet normal 0 0 -1
    outer loop
      vertex 108 0 0
      vertex 105.5 4.799999237060547 0
      vertex 105.72189331054688 4.814543724060059 0
    endloop
  endfacet
  facet normal 0 0 -1
    outer loop
      vertex 108 0 0
      vertex 105.27810668945312 4.814543724060059 0
      vertex 105.5 4.799999237060547 0
    endloop
  endfacet
  facet normal 0 0 -1
    outer loop
      vertex 108 0 0
      vertex 105.06000518798828 4.8579254150390625 0
      vertex 105.27810668945312 4.814543724060059 0
    endloop
  endfacet
  facet normal 0 0 -1
    outer loop
      vertex 108 0 0
      vertex 104.84944152832031 4.929404258728027 0
      vertex 105.06000518798828 4.8579254150390625 0
    endloop
  endfacet
  facet normal 0 0 -1
    outer loop
      vertex 108 0 0
      vertex 104.6500015258789 5.027756690979004 0
      vertex 104.84944152832031 4.929404258728027 0
    endloop
  endfacet
  facet normal 0 0 -1
    outer loop
      vertex 108 0 0
      vertex 104.46510314941406 5.151298522949219 0
      vertex 104.6500015258789 5.027756690979004 0
    endloop
  endfacet
  facet normal 0 0 -1
    outer loop
      vertex 108 0 0
      vertex 104.29792022705078 5.297918319702148 0
      vertex 104.46510314941406 5.151298522949219 0
    endloop
  endfacet
  facet normal 0 0 -1
    outer loop
      vertex 108 0 0
      vertex 104.15129852294922 5.465105056762695 0
      vertex 104.29792022705078 5.297918319702148 0
    endloop
  endfacet
  facet normal 0 0 -1
    outer loop
      vertex 103.85792541503906 67.06000518798828 0
      vertex 8.199999809265137 67.5 0
      vertex 103.81454467773438 67.27810668945312 0
    endloop
  endfacet
  facet normal 0 0 -1
    outer loop
      vertex 103.81454467773438 6.278104782104492 0
      vertex 8.199999809265137 6.5 0
      vertex 103.80000305175781 6.5 0
    endloop
  endfacet
  facet normal 0 0 -1
    outer loop
      vertex 8.185455322265625 6.278104782104492 0
      vertex 103.81454467773438 6.278104782104492 0
      vertex 103.85792541503906 6.060007095336914 0
    endloop
  endfacet
  facet normal 0 0 -1
    outer loop
      vertex 8.142073631286621 6.060007095336914 0
      vertex 103.85792541503906 6.060007095336914 0
      vertex 103.92940521240234 5.849437713623047 0
    endloop
  endfacet
  facet normal 0 0 -1
    outer loop
      vertex 8.070594787597656 5.849437713623047 0
      vertex 103.92940521240234 5.849437713623047 0
      vertex 104.02775573730469 5.649999618530273 0
    endloop
  endfacet
  facet normal 0 0 -1
    outer loop
      vertex 7.97224235534668 5.649999618530273 0
      vertex 104.02775573730469 5.649999618530273 0
      vertex 104.15129852294922 5.465105056762695 0
    endloop
  endfacet
  facet normal 0 0 -1
    outer loop
      vertex 7.848700523376465 5.465105056762695 0
      vertex 104.15129852294922 5.465105056762695 0
      vertex 108 0 0
    endloop
  endfacet
  facet normal 0 0 -1
    outer loop
      vertex 103.81454467773438 6.278104782104492 0
      vertex 8.185455322265625 6.278104782104492 0
      vertex 8.199999809265137 6.5 0
    endloop
  endfacet
  facet normal 0 0 -1
    outer loop
      vertex 103.85792541503906 6.060007095336914 0
      vertex 8.142073631286621 6.060007095336914 0
      vertex 8.185455322265625 6.278104782104492 0
    endloop
  endfacet
  facet normal 0 0 -1
    outer loop
      vertex 103.92940521240234 5.849437713623047 0
      vertex 8.070594787597656 5.849437713623047 0
      vertex 8.142073631286621 6.060007095336914 0
    endloop
  endfacet
  facet normal 0 0 -1
    outer loop
      vertex 104.02775573730469 5.649999618530273 0
      vertex 7.97224235534668 5.649999618530273 0
      vertex 8.070594787597656 5.849437713623047 0
    endloop
  endfacet
  facet normal 0 0 -1
    outer loop
      vertex 104.15129852294922 5.465105056762695 0
      vertex 7.848700523376465 5.465105056762695 0
      vertex 7.97224235534668 5.649999618530273 0
    endloop
  endfacet
  facet normal 0 0 -1
    outer loop
      vertex 4 0 0
      vertex 7.848700523376465 5.465105056762695 0
      vertex 108 0 0
    endloop
  endfacet
  facet normal 0 0 -1
    outer loop
      vertex 7.848700523376465 5.465105056762695 0
      vertex 4 0 0
      vertex 7.702080726623535 5.297918319702148 0
    endloop
  endfacet
  facet normal 0 0 -1
    outer loop
      vertex 7.702080726623535 5.297918319702148 0
      vertex 4 0 0
      vertex 7.534893989562988 5.151298522949219 0
    endloop
  endfacet
  facet normal 0 0 -1
    outer loop
      vertex 7.534893989562988 5.151298522949219 0
      vertex 4 0 0
      vertex 7.34999942779541 5.027756690979004 0
    endloop
  endfacet
  facet normal 0 0 -1
    outer loop
      vertex 7.34999942779541 5.027756690979004 0
      vertex 4 0 0
      vertex 7.150561332702637 4.929404258728027 0
    endloop
  endfacet
  facet normal 0 0 -1
    outer loop
      vertex 7.150561332702637 4.929404258728027 0
      vertex 4 0 0
      vertex 6.9399919509887695 4.8579254150390625 0
    endloop
  endfacet
  facet normal 0 0 -1
    outer loop
      vertex 6.9399919509887695 4.8579254150390625 0
      vertex 4 0 0
      vertex 6.721894264221191 4.814543724060059 0
    endloop
  endfacet
  facet normal 0 0 -1
    outer loop
      vertex 0.8265857696533203 1.5649538040161133 0
      vertex 5.297918319702148 5.297918319702148 0
      vertex 1.1715726852416992 1.1715726852416992 0
    endloop
  endfacet
  facet normal 0 0 -1
    outer loop
      vertex 1.1715726852416992 1.1715726852416992 0
      vertex 5.297918319702148 5.297918319702148 0
      vertex 1.5649538040161133 0.8265857696533203 0
    endloop
  endfacet
  facet normal 0 0 -1
    outer loop
      vertex 1.5649538040161133 0.8265857696533203 0
      vertex 5.297918319702148 5.297918319702148 0
      vertex 2 0.5358982086181641 0
    endloop
  endfacet
  facet normal 0 0 -1
    outer loop
      vertex 5.465105056762695 5.151298522949219 0
      vertex 2 0.5358982086181641 0
      vertex 5.297918319702148 5.297918319702148 0
    endloop
  endfacet
  facet normal 0 0 -1
    outer loop
      vertex 2 0.5358982086181641 0
      vertex 5.465105056762695 5.151298522949219 0
      vertex 2.469265937805176 0.30448150634765625 0
    endloop
  endfacet
  facet normal 0 0 -1
    outer loop
      vertex 2.469265937805176 0.30448150634765625 0
      vertex 5.465105056762695 5.151298522949219 0
      vertex 2.964723587036133 0.13629627227783203 0
    endloop
  endfacet
  facet normal 0 0 -1
    outer loop
      vertex 2.964723587036133 0.13629627227783203 0
      vertex 5.465105056762695 5.151298522949219 0
      vertex 3.4778947830200195 0.03421974182128906 0
    endloop
  endfacet
  facet normal 0 0 -1
    outer loop
      vertex 3.4778947830200195 0.03421974182128906 0
      vertex 5.465105056762695 5.151298522949219 0
      vertex 4 0 0
    endloop
  endfacet
  facet normal 0 0 -1
    outer loop
      vertex 5.649999618530273 5.027756690979004 0
      vertex 4 0 0
      vertex 5.465105056762695 5.151298522949219 0
    endloop
  endfacet
  facet normal 0 0 -1
    outer loop
      vertex 5.849437713623047 4.929404258728027 0
      vertex 4 0 0
      vertex 5.649999618530273 5.027756690979004 0
    endloop
  endfacet
  facet normal 0 0 -1
    outer loop
      vertex 6.060007095336914 4.8579254150390625 0
      vertex 4 0 0
      vertex 5.849437713623047 4.929404258728027 0
    endloop
  endfacet
  facet normal 0 0 -1
    outer loop
      vertex 6.278104782104492 4.814543724060059 0
      vertex 4 0 0
      vertex 6.060007095336914 4.8579254150390625 0
    endloop
  endfacet
  facet normal 0 0 -1
    outer loop
      vertex 6.5 4.799999237060547 0
      vertex 4 0 0
      vertex 6.278104782104492 4.814543724060059 0
    endloop
  endfacet
  facet normal 0 0 -1
    outer loop
      vertex 6.721894264221191 4.814543724060059 0
      vertex 4 0 0
      vertex 6.5 4.799999237060547 0
    endloop
  endfacet
  facet normal 0 0 -1
    outer loop
      vertex 111.17341613769531 72.43504333496094 0
      vertex 106.70207977294922 68.70207977294922 0
      vertex 110.82843017578125 72.82843017578125 0
    endloop
  endfacet
  facet normal 0 0 -1
    outer loop
      vertex 110.82843017578125 72.82843017578125 0
      vertex 106.70207977294922 68.70207977294922 0
      vertex 110.43504333496094 73.17341613769531 0
    endloop
  endfacet
  facet normal 0 0 -1
    outer loop
      vertex 110.43504333496094 73.17341613769531 0
      vertex 106.70207977294922 68.70207977294922 0
      vertex 110 73.46410369873047 0
    endloop
  endfacet
  facet normal 0 0 -1
    outer loop
      vertex 106.53489685058594 68.84870147705078 0
      vertex 110 73.46410369873047 0
      vertex 106.70207977294922 68.70207977294922 0
    endloop
  endfacet
  facet normal 0 0 -1
    outer loop
      vertex 110 73.46410369873047 0
      vertex 106.53489685058594 68.84870147705078 0
      vertex 109.53073120117188 73.69551849365234 0
    endloop
  endfacet
  facet normal 0 0 -1
    outer loop
      vertex 109.53073120117188 73.69551849365234 0
      vertex 106.53489685058594 68.84870147705078 0
      vertex 109.0352783203125 73.86370086669922 0
    endloop
  endfacet
  facet normal 0 0 -1
    outer loop
      vertex 109.0352783203125 73.86370086669922 0
      vertex 106.53489685058594 68.84870147705078 0
      vertex 108.52210235595703 73.96578216552734 0
    endloop
  endfacet
  facet normal 0 0 -1
    outer loop
      vertex 108.52210235595703 73.96578216552734 0
      vertex 106.53489685058594 68.84870147705078 0
      vertex 108 74 0
    endloop
  endfacet
  facet normal 0 0 -1
    outer loop
      vertex 106.3499984741211 68.97224426269531 0
      vertex 108 74 0
      vertex 106.53489685058594 68.84870147705078 0
    endloop
  endfacet
  facet normal 0 0 -1
    outer loop
      vertex 106.15055847167969 69.07059478759766 0
      vertex 108 74 0
      vertex 106.3499984741211 68.97224426269531 0
    endloop
  endfacet
  facet normal 0 0 -1
    outer loop
      vertex 105.93999481201172 69.14207458496094 0
      vertex 108 74 0
      vertex 106.15055847167969 69.07059478759766 0
    endloop
  endfacet
  facet normal 0 0 -1
    outer loop
      vertex 105.72189331054688 69.18545532226562 0
      vertex 108 74 0
      vertex 105.93999481201172 69.14207458496094 0
    endloop
  endfacet
  facet normal 0 0 -1
    outer loop
      vertex 105.5 69.19999694824219 0
      vertex 108 74 0
      vertex 105.72189331054688 69.18545532226562 0
    endloop
  endfacet
  facet normal 0 0 -1
    outer loop
      vertex 105.27810668945312 69.18545532226562 0
      vertex 108 74 0
      vertex 105.5 69.19999694824219 0
    endloop
  endfacet
  facet normal 0 0 -1
    outer loop
      vertex 105.06000518798828 69.14207458496094 0
      vertex 108 74 0
      vertex 105.27810668945312 69.18545532226562 0
    endloop
  endfacet
  facet normal 0 0 -1
    outer loop
      vertex 104.84944152832031 69.07059478759766 0
      vertex 108 74 0
      vertex 105.06000518798828 69.14207458496094 0
    endloop
  endfacet
  facet normal 0 0 -1
    outer loop
      vertex 104.6500015258789 68.97224426269531 0
      vertex 108 74 0
      vertex 104.84944152832031 69.07059478759766 0
    endloop
  endfacet
  facet normal 0 0 -1
    outer loop
      vertex 104.46510314941406 68.84870147705078 0
      vertex 108 74 0
      vertex 104.6500015258789 68.97224426269531 0
    endloop
  endfacet
  facet normal 0 0 -1
    outer loop
      vertex 104.29792022705078 68.70207977294922 0
      vertex 108 74 0
      vertex 104.46510314941406 68.84870147705078 0
    endloop
  endfacet
  facet normal 0 0 -1
    outer loop
      vertex 104.15129852294922 68.53489685058594 0
      vertex 108 74 0
      vertex 104.29792022705078 68.70207977294922 0
    endloop
  endfacet
  facet normal 0 0 -1
    outer loop
      vertex 103.81454467773438 67.27810668945312 0
      vertex 8.199999809265137 67.5 0
      vertex 103.80000305175781 67.5 0
    endloop
  endfacet
  facet normal 0 0 -1
    outer loop
      vertex 103.80000305175781 67.5 0
      vertex 8.199999809265137 67.5 0
      vertex 103.81454467773438 67.72189331054688 0
    endloop
  endfacet
  facet normal 0 0 -1
    outer loop
      vertex 8.185455322265625 67.72189331054688 0
      vertex 103.81454467773438 67.72189331054688 0
      vertex 8.199999809265137 67.5 0
    endloop
  endfacet
  facet normal 0 0 -1
    outer loop
      vertex 103.81454467773438 67.72189331054688 0
      vertex 8.185455322265625 67.72189331054688 0
      vertex 103.85792541503906 67.93999481201172 0
    endloop
  endfacet
  facet normal 0 0 -1
    outer loop
      vertex 8.142073631286621 67.93999481201172 0
      vertex 103.85792541503906 67.93999481201172 0
      vertex 8.185455322265625 67.72189331054688 0
    endloop
  endfacet
  facet normal 0 0 -1
    outer loop
      vertex 103.85792541503906 67.93999481201172 0
      vertex 8.142073631286621 67.93999481201172 0
      vertex 103.92940521240234 68.15055847167969 0
    endloop
  endfacet
  facet normal 0 0 -1
    outer loop
      vertex 8.070594787597656 68.15055847167969 0
      vertex 103.92940521240234 68.15055847167969 0
      vertex 8.142073631286621 67.93999481201172 0
    endloop
  endfacet
  facet normal 0 0 -1
    outer loop
      vertex 103.92940521240234 68.15055847167969 0
      vertex 8.070594787597656 68.15055847167969 0
      vertex 104.02775573730469 68.3499984741211 0
    endloop
  endfacet
  facet normal 0 0 -1
    outer loop
      vertex 7.97224235534668 68.3499984741211 0
      vertex 104.02775573730469 68.3499984741211 0
      vertex 8.070594787597656 68.15055847167969 0
    endloop
  endfacet
  facet normal 0 0 -1
    outer loop
      vertex 104.02775573730469 68.3499984741211 0
      vertex 7.97224235534668 68.3499984741211 0
      vertex 104.15129852294922 68.53489685058594 0
    endloop
  endfacet
  facet normal 0 0 -1
    outer loop
      vertex 7.848700523376465 68.53489685058594 0
      vertex 104.15129852294922 68.53489685058594 0
      vertex 7.97224235534668 68.3499984741211 0
    endloop
  endfacet
  facet normal 0 0 -1
    outer loop
      vertex 104.15129852294922 68.53489685058594 0
      vertex 7.848700523376465 68.53489685058594 0
      vertex 108 74 0
    endloop
  endfacet
  facet normal 0 0 -1
    outer loop
      vertex 4 74 0
      vertex 7.848700523376465 68.53489685058594 0
      vertex 7.702080726623535 68.70207977294922 0
    endloop
  endfacet
  facet normal 0 0 -1
    outer loop
      vertex 4 74 0
      vertex 7.702080726623535 68.70207977294922 0
      vertex 7.534893989562988 68.84870147705078 0
    endloop
  endfacet
  facet normal 0 0 -1
    outer loop
      vertex 4 74 0
      vertex 7.534893989562988 68.84870147705078 0
      vertex 7.34999942779541 68.97224426269531 0
    endloop
  endfacet
  facet normal 0 0 -1
    outer loop
      vertex 4 74 0
      vertex 7.34999942779541 68.97224426269531 0
      vertex 7.150561332702637 69.07059478759766 0
    endloop
  endfacet
  facet normal 0 0 -1
    outer loop
      vertex 4 74 0
      vertex 7.150561332702637 69.07059478759766 0
      vertex 6.9399919509887695 69.14207458496094 0
    endloop
  endfacet
  facet normal 0 0 -1
    outer loop
      vertex 4 74 0
      vertex 6.9399919509887695 69.14207458496094 0
      vertex 6.721894264221191 69.18545532226562 0
    endloop
  endfacet
  facet normal 0 0 -1
    outer loop
      vertex 4 74 0
      vertex 6.721894264221191 69.18545532226562 0
      vertex 6.5 69.19999694824219 0
    endloop
  endfacet
  facet normal 0 0 -1
    outer loop
      vertex 7.848700523376465 68.53489685058594 0
      vertex 4 74 0
      vertex 108 74 0
    endloop
  endfacet
  facet normal 0 0 -1
    outer loop
      vertex 6.278104782104492 69.18545532226562 0
      vertex 4 74 0
      vertex 6.5 69.19999694824219 0
    endloop
  endfacet
  facet normal 0 0 -1
    outer loop
      vertex 6.060007095336914 69.14207458496094 0
      vertex 4 74 0
      vertex 6.278104782104492 69.18545532226562 0
    endloop
  endfacet
  facet normal 0 0 -1
    outer loop
      vertex 5.849437713623047 69.07059478759766 0
      vertex 4 74 0
      vertex 6.060007095336914 69.14207458496094 0
    endloop
  endfacet
  facet normal 0 0 -1
    outer loop
      vertex 5.649999618530273 68.97224426269531 0
      vertex 4 74 0
      vertex 5.849437713623047 69.07059478759766 0
    endloop
  endfacet
  facet normal 0 0 -1
    outer loop
      vertex 5.465105056762695 68.84870147705078 0
      vertex 4 74 0
      vertex 5.649999618530273 68.97224426269531 0
    endloop
  endfacet
  facet normal 0 0 -1
    outer loop
      vertex 2 73.46410369873047 0
      vertex 5.465105056762695 68.84870147705078 0
      vertex 5.297918319702148 68.70207977294922 0
    endloop
  endfacet
  facet normal 0 0 -1
    outer loop
      vertex 0.5358982086181641 72 0
      vertex 5.297918319702148 68.70207977294922 0
      vertex 5.151298522949219 68.53489685058594 0
    endloop
  endfacet
  facet normal 0 0 -1
    outer loop
      vertex 0 70 0
      vertex 5.151298522949219 68.53489685058594 0
      vertex 5.027756690979004 68.3499984741211 0
    endloop
  endfacet
  facet normal 0 0 -1
    outer loop
      vertex 0 70 0
      vertex 5.027756690979004 68.3499984741211 0
      vertex 4.929404258728027 68.15055847167969 0
    endloop
  endfacet
  facet normal 0 0 -1
    outer loop
      vertex 0 70 0
      vertex 4.929404258728027 68.15055847167969 0
      vertex 4.8579254150390625 67.93999481201172 0
    endloop
  endfacet
  facet normal 0 0 -1
    outer loop
      vertex 0 70 0
      vertex 4.8579254150390625 67.93999481201172 0
      vertex 4.814543724060059 67.72189331054688 0
    endloop
  endfacet
  facet normal 0 0 -1
    outer loop
      vertex 0 70 0
      vertex 4.814543724060059 67.72189331054688 0
      vertex 4.799999237060547 67.5 0
    endloop
  endfacet
  facet normal 0 0 -1
    outer loop
      vertex 4.8579254150390625 67.06000518798828 0
      vertex 0 70 0
      vertex 4.814543724060059 67.27810668945312 0
    endloop
  endfacet
  facet normal 0 0 -1
    outer loop
      vertex 0.5358982086181641 2 0
      vertex 5.297918319702148 5.297918319702148 0
      vertex 0.8265857696533203 1.5649538040161133 0
    endloop
  endfacet
  facet normal 0 0 -1
    outer loop
      vertex 4.814543724060059 67.27810668945312 0
      vertex 0 70 0
      vertex 4.799999237060547 67.5 0
    endloop
  endfacet
  facet normal 0 0 -1
    outer loop
      vertex 5.297918319702148 5.297918319702148 0
      vertex 0.5358982086181641 2 0
      vertex 5.151298522949219 5.465105056762695 0
    endloop
  endfacet
  facet normal 0 0 -1
    outer loop
      vertex 5.151298522949219 68.53489685058594 0
      vertex 0 70 0
      vertex 0.03421974182128906 70.52210235595703 0
    endloop
  endfacet
  facet normal 0 0 -1
    outer loop
      vertex 0.30448150634765625 2.469265937805176 0
      vertex 5.151298522949219 5.465105056762695 0
      vertex 0.5358982086181641 2 0
    endloop
  endfacet
  facet normal 0 0 -1
    outer loop
      vertex 5.465105056762695 68.84870147705078 0
      vertex 3.4778947830200195 73.96578216552734 0
      vertex 4 74 0
    endloop
  endfacet
  facet normal 0 0 -1
    outer loop
      vertex 0.13629627227783203 2.964723587036133 0
      vertex 5.151298522949219 5.465105056762695 0
      vertex 0.30448150634765625 2.469265937805176 0
    endloop
  endfacet
  facet normal 0 0 -1
    outer loop
      vertex 5.465105056762695 68.84870147705078 0
      vertex 2.964723587036133 73.86370086669922 0
      vertex 3.4778947830200195 73.96578216552734 0
    endloop
  endfacet
  facet normal 0 0 -1
    outer loop
      vertex 0.03421974182128906 3.4778947830200195 0
      vertex 5.151298522949219 5.465105056762695 0
      vertex 0.13629627227783203 2.964723587036133 0
    endloop
  endfacet
  facet normal 0 0 -1
    outer loop
      vertex 5.465105056762695 68.84870147705078 0
      vertex 2.469265937805176 73.69551849365234 0
      vertex 2.964723587036133 73.86370086669922 0
    endloop
  endfacet
  facet normal 0 0 -1
    outer loop
      vertex 0 4 0
      vertex 5.151298522949219 5.465105056762695 0
      vertex 0.03421974182128906 3.4778947830200195 0
    endloop
  endfacet
  facet normal 0 0 -1
    outer loop
      vertex 5.465105056762695 68.84870147705078 0
      vertex 2 73.46410369873047 0
      vertex 2.469265937805176 73.69551849365234 0
    endloop
  endfacet
  facet normal 0 0 -1
    outer loop
      vertex 5.151298522949219 5.465105056762695 0
      vertex 0 4 0
      vertex 5.027756690979004 5.649999618530273 0
    endloop
  endfacet
  facet normal 0 0 -1
    outer loop
      vertex 5.297918319702148 68.70207977294922 0
      vertex 1.5649538040161133 73.17341613769531 0
      vertex 2 73.46410369873047 0
    endloop
  endfacet
  facet normal 0 0 -1
    outer loop
      vertex 5.027756690979004 5.649999618530273 0
      vertex 0 4 0
      vertex 4.929404258728027 5.849437713623047 0
    endloop
  endfacet
  facet normal 0 0 -1
    outer loop
      vertex 5.297918319702148 68.70207977294922 0
      vertex 1.1715726852416992 72.82843017578125 0
      vertex 1.5649538040161133 73.17341613769531 0
    endloop
  endfacet
  facet normal 0 0 -1
    outer loop
      vertex 4.929404258728027 5.849437713623047 0
      vertex 0 4 0
      vertex 4.8579254150390625 6.060007095336914 0
    endloop
  endfacet
  facet normal 0 0 -1
    outer loop
      vertex 5.297918319702148 68.70207977294922 0
      vertex 0.8265857696533203 72.43504333496094 0
      vertex 1.1715726852416992 72.82843017578125 0
    endloop
  endfacet
  facet normal 0 0 -1
    outer loop
      vertex 4.8579254150390625 6.060007095336914 0
      vertex 0 4 0
      vertex 4.814543724060059 6.278104782104492 0
    endloop
  endfacet
  facet normal 0 0 -1
    outer loop
      vertex 5.297918319702148 68.70207977294922 0
      vertex 0.5358982086181641 72 0
      vertex 0.8265857696533203 72.43504333496094 0
    endloop
  endfacet
  facet normal 0 0 -1
    outer loop
      vertex 4.814543724060059 6.278104782104492 0
      vertex 0 4 0
      vertex 4.799999237060547 6.5 0
    endloop
  endfacet
  facet normal 0 0 -1
    outer loop
      vertex 5.151298522949219 68.53489685058594 0
      vertex 0.30448150634765625 71.53073120117188 0
      vertex 0.5358982086181641 72 0
    endloop
  endfacet
  facet normal 0 0 -1
    outer loop
      vertex 5.151298522949219 68.53489685058594 0
      vertex 0.13629627227783203 71.0352783203125 0
      vertex 0.30448150634765625 71.53073120117188 0
    endloop
  endfacet
  facet normal 0 0 -1
    outer loop
      vertex 5.151298522949219 68.53489685058594 0
      vertex 0.03421974182128906 70.52210235595703 0
      vertex 0.13629627227783203 71.0352783203125 0
    endloop
  endfacet
  facet normal 0.9469317793399481 -0.32143460497600407 0
    outer loop
      vertex 111.69551849365234 2.469265937805176 3
      vertex 111.86370086669922 2.964723587036133 0
      vertex 111.86370086669922 2.964723587036133 3
    endloop
  endfacet
  facet normal 0.9469317793399481 -0.32143460497600407 0
    outer loop
      vertex 111.86370086669922 2.964723587036133 0
      vertex 111.69551849365234 2.469265937805176 3
      vertex 111.69551849365234 2.469265937805176 0
    endloop
  endfacet
  facet normal 0.8968739211177424 -0.44228629824909294 0
    outer loop
      vertex 111.46410369873047 2 3
      vertex 111.69551849365234 2.469265937805176 0
      vertex 111.69551849365234 2.469265937805176 3
    endloop
  endfacet
  facet normal 0.8968739211177424 -0.44228629824909294 0
    outer loop
      vertex 111.69551849365234 2.469265937805176 0
      vertex 111.46410369873047 2 3
      vertex 111.46410369873047 2 0
    endloop
  endfacet
  facet normal 0.06539825382283507 0.9978592427777196 0
    outer loop
      vertex 108.52210235595703 73.96578216552734 0
      vertex 108 74 3
      vertex 108.52210235595703 73.96578216552734 3
    endloop
  endfacet
  facet normal 0.06539825382283507 0.9978592427777196 0
    outer loop
      vertex 108 74 3
      vertex 108.52210235595703 73.96578216552734 0
      vertex 108 74 0
    endloop
  endfacet
  facet normal -0.8314705072045249 -0.5555688937018074 0
    outer loop
      vertex 0.8265857696533203 1.5649538040161133 0
      vertex 0.5358982086181641 2 3
      vertex 0.5358982086181641 2 0
    endloop
  endfacet
  facet normal -0.8314705072045249 -0.5555688937018074 0
    outer loop
      vertex 0.5358982086181641 2 3
      vertex 0.8265857696533203 1.5649538040161133 0
      vertex 0.8265857696533203 1.5649538040161133 3
    endloop
  endfacet
  facet normal -0.9807854689162754 0.19508937429465964 0
    outer loop
      vertex 0.03421974182128906 70.52210235595703 0
      vertex 0.13629627227783203 71.0352783203125 3
      vertex 0.13629627227783203 71.0352783203125 0
    endloop
  endfacet
  facet normal -0.9807854689162754 0.19508937429465964 0
    outer loop
      vertex 0.13629627227783203 71.0352783203125 3
      vertex 0.03421974182128906 70.52210235595703 0
      vertex 0.03421974182128906 70.52210235595703 3
    endloop
  endfacet
  facet normal -0.8968735447372777 0.4422870614774873 0
    outer loop
      vertex 0.30448150634765625 71.53073120117188 0
      vertex 0.5358982086181641 72 3
      vertex 0.5358982086181641 72 0
    endloop
  endfacet
  facet normal -0.8968735447372777 0.4422870614774873 0
    outer loop
      vertex 0.5358982086181641 72 3
      vertex 0.30448150634765625 71.53073120117188 0
      vertex 0.30448150634765625 71.53073120117188 3
    endloop
  endfacet
  facet normal -0.946930114979577 -0.32143950806452687 0
    outer loop
      vertex 0.30448150634765625 2.469265937805176 0
      vertex 0.13629627227783203 2.964723587036133 3
      vertex 0.13629627227783203 2.964723587036133 0
    endloop
  endfacet
  facet normal -0.946930114979577 -0.32143950806452687 0
    outer loop
      vertex 0.13629627227783203 2.964723587036133 3
      vertex 0.30448150634765625 2.469265937805176 0
      vertex 0.30448150634765625 2.469265937805176 3
    endloop
  endfacet
  facet normal -0.9469291733380278 0.32144228203731884 0
    outer loop
      vertex 0.13629627227783203 71.0352783203125 0
      vertex 0.30448150634765625 71.53073120117188 3
      vertex 0.30448150634765625 71.53073120117188 0
    endloop
  endfacet
  facet normal -0.9469291733380278 0.32144228203731884 0
    outer loop
      vertex 0.30448150634765625 71.53073120117188 3
      vertex 0.13629627227783203 71.0352783203125 0
      vertex 0.13629627227783203 71.0352783203125 3
    endloop
  endfacet
  facet normal -0.9469298964157794 0.3214401519318974 0
    outer loop
      vertex 8.070594787597656 5.849437713623047 0
      vertex 8.142073631286621 6.060007095336914 3
      vertex 8.142073631286621 6.060007095336914 0
    endloop
  endfacet
  facet normal -0.9469298964157794 0.3214401519318974 0
    outer loop
      vertex 8.142073631286621 6.060007095336914 3
      vertex 8.070594787597656 5.849437713623047 0
      vertex 8.070594787597656 5.849437713623047 3
    endloop
  endfacet
  facet normal 0.7518376597468396 0.6593482641111564 0
    outer loop
      vertex 5.297918319702148 5.297918319702148 3
      vertex 5.151298522949219 5.465105056762695 0
      vertex 5.151298522949219 5.465105056762695 3
    endloop
  endfacet
  facet normal 0.7518376597468396 0.6593482641111564 0
    outer loop
      vertex 5.151298522949219 5.465105056762695 0
      vertex 5.297918319702148 5.297918319702148 3
      vertex 5.297918319702148 5.297918319702148 0
    endloop
  endfacet
  facet normal -0.44229031033099836 -0.8968719425800481 0
    outer loop
      vertex 7.150561332702637 8.070594787597656 0
      vertex 7.34999942779541 7.97224235534668 3
      vertex 7.150561332702637 8.070594787597656 3
    endloop
  endfacet
  facet normal -0.44229031033099836 -0.8968719425800481 0
    outer loop
      vertex 7.34999942779541 7.97224235534668 3
      vertex 7.150561332702637 8.070594787597656 0
      vertex 7.34999942779541 7.97224235534668 0
    endloop
  endfacet
  facet normal 0.19508756984342326 -0.9807858278404044 0
    outer loop
      vertex 6.060007095336914 8.142073631286621 0
      vertex 6.278104782104492 8.185455322265625 3
      vertex 6.060007095336914 8.142073631286621 3
    endloop
  endfacet
  facet normal 0.19508756984342326 -0.9807858278404044 0
    outer loop
      vertex 6.278104782104492 8.185455322265625 3
      vertex 6.060007095336914 8.142073631286621 0
      vertex 6.278104782104492 8.185455322265625 0
    endloop
  endfacet
  facet normal 0.9978587160211014 0.06540629068154508 0
    outer loop
      vertex 4.814543724060059 6.278104782104492 3
      vertex 4.799999237060547 6.5 0
      vertex 4.799999237060547 6.5 3
    endloop
  endfacet
  facet normal 0.9978587160211014 0.06540629068154508 0
    outer loop
      vertex 4.799999237060547 6.5 0
      vertex 4.814543724060059 6.278104782104492 3
      vertex 4.814543724060059 6.278104782104492 0
    endloop
  endfacet
  facet normal -0.6593482641111564 -0.7518376597468396 0
    outer loop
      vertex 7.534893989562988 7.848700523376465 0
      vertex 7.702080726623535 7.702080726623535 3
      vertex 7.534893989562988 7.848700523376465 3
    endloop
  endfacet
  facet normal -0.6593482641111564 -0.7518376597468396 0
    outer loop
      vertex 7.702080726623535 7.702080726623535 3
      vertex 7.534893989562988 7.848700523376465 0
      vertex 7.702080726623535 7.702080726623535 0
    endloop
  endfacet
  facet normal -0.8968719425800481 -0.44229031033099836 0
    outer loop
      vertex 8.070594787597656 7.150561332702637 0
      vertex 7.97224235534668 7.34999942779541 3
      vertex 7.97224235534668 7.34999942779541 0
    endloop
  endfacet
  facet normal -0.8968719425800481 -0.44229031033099836 0
    outer loop
      vertex 7.97224235534668 7.34999942779541 3
      vertex 8.070594787597656 7.150561332702637 0
      vertex 8.070594787597656 7.150561332702637 3
    endloop
  endfacet
  facet normal -0.9978586976741874 -0.06540657058717184 0
    outer loop
      vertex 8.199999809265137 6.5 0
      vertex 8.185455322265625 6.721894264221191 3
      vertex 8.185455322265625 6.721894264221191 0
    endloop
  endfacet
  facet normal -0.9978586976741874 -0.06540657058717184 0
    outer loop
      vertex 8.185455322265625 6.721894264221191 3
      vertex 8.199999809265137 6.5 0
      vertex 8.199999809265137 6.5 3
    endloop
  endfacet
  facet normal -0.8968719425800481 0.44229031033099836 0
    outer loop
      vertex 7.97224235534668 5.649999618530273 0
      vertex 8.070594787597656 5.849437713623047 3
      vertex 8.070594787597656 5.849437713623047 0
    endloop
  endfacet
  facet normal -0.8968719425800481 0.44229031033099836 0
    outer loop
      vertex 8.070594787597656 5.849437713623047 3
      vertex 7.97224235534668 5.649999618530273 0
      vertex 7.97224235534668 5.649999618530273 3
    endloop
  endfacet
  facet normal 0.3214401519318974 0.9469298964157794 0
    outer loop
      vertex 6.060007095336914 4.8579254150390625 0
      vertex 5.849437713623047 4.929404258728027 3
      vertex 6.060007095336914 4.8579254150390625 3
    endloop
  endfacet
  facet normal 0.3214401519318974 0.9469298964157794 0
    outer loop
      vertex 5.849437713623047 4.929404258728027 3
      vertex 6.060007095336914 4.8579254150390625 0
      vertex 5.849437713623047 4.929404258728027 0
    endloop
  endfacet
  facet normal 0.8314712003670183 -0.5555678563058071 0
    outer loop
      vertex 5.027756690979004 7.34999942779541 3
      vertex 5.151298522949219 7.534893989562988 0
      vertex 5.151298522949219 7.534893989562988 3
    endloop
  endfacet
  facet normal 0.8314712003670183 -0.5555678563058071 0
    outer loop
      vertex 5.151298522949219 7.534893989562988 0
      vertex 5.027756690979004 7.34999942779541 3
      vertex 5.027756690979004 7.34999942779541 0
    endloop
  endfacet
  facet normal -0.19508756984342326 -0.9807858278404044 0
    outer loop
      vertex 6.721894264221191 8.185455322265625 0
      vertex 6.9399919509887695 8.142073631286621 3
      vertex 6.721894264221191 8.185455322265625 3
    endloop
  endfacet
  facet normal -0.19508756984342326 -0.9807858278404044 0
    outer loop
      vertex 6.9399919509887695 8.142073631286621 3
      vertex 6.721894264221191 8.185455322265625 0
      vertex 6.9399919509887695 8.142073631286621 0
    endloop
  endfacet
  facet normal -0.9469298964157794 -0.3214401519318974 0
    outer loop
      vertex 8.142073631286621 6.9399919509887695 0
      vertex 8.070594787597656 7.150561332702637 3
      vertex 8.070594787597656 7.150561332702637 0
    endloop
  endfacet
  facet normal -0.9469298964157794 -0.3214401519318974 0
    outer loop
      vertex 8.070594787597656 7.150561332702637 3
      vertex 8.142073631286621 6.9399919509887695 0
      vertex 8.142073631286621 6.9399919509887695 3
    endloop
  endfacet
  facet normal -0.06540657058717184 0.9978586976741874 0
    outer loop
      vertex 6.721894264221191 4.814543724060059 0
      vertex 6.5 4.799999237060547 3
      vertex 6.721894264221191 4.814543724060059 3
    endloop
  endfacet
  facet normal -0.06540657058717184 0.9978586976741874 0
    outer loop
      vertex 6.5 4.799999237060547 3
      vertex 6.721894264221191 4.814543724060059 0
      vertex 6.5 4.799999237060547 0
    endloop
  endfacet
  facet normal 0.06540629068154508 -0.9978587160211014 0
    outer loop
      vertex 6.278104782104492 8.185455322265625 0
      vertex 6.5 8.199999809265137 3
      vertex 6.278104782104492 8.185455322265625 3
    endloop
  endfacet
  facet normal 0.06540629068154508 -0.9978587160211014 0
    outer loop
      vertex 6.5 8.199999809265137 3
      vertex 6.278104782104492 8.185455322265625 0
      vertex 6.5 8.199999809265137 0
    endloop
  endfacet
  facet normal -0.5555678563058071 0.8314712003670183 0
    outer loop
      vertex 7.534893989562988 5.151298522949219 0
      vertex 7.34999942779541 5.027756690979004 3
      vertex 7.534893989562988 5.151298522949219 3
    endloop
  endfacet
  facet normal -0.5555678563058071 0.8314712003670183 0
    outer loop
      vertex 7.34999942779541 5.027756690979004 3
      vertex 7.534893989562988 5.151298522949219 0
      vertex 7.34999942779541 5.027756690979004 0
    endloop
  endfacet
  facet normal 0.8314712003670183 0.5555678563058071 0
    outer loop
      vertex 5.151298522949219 5.465105056762695 3
      vertex 5.027756690979004 5.649999618530273 0
      vertex 5.027756690979004 5.649999618530273 3
    endloop
  endfacet
  facet normal 0.8314712003670183 0.5555678563058071 0
    outer loop
      vertex 5.027756690979004 5.649999618530273 0
      vertex 5.151298522949219 5.465105056762695 3
      vertex 5.151298522949219 5.465105056762695 0
    endloop
  endfacet
  facet normal -0.5555678563058071 -0.8314712003670183 0
    outer loop
      vertex 7.34999942779541 7.97224235534668 0
      vertex 7.534893989562988 7.848700523376465 3
      vertex 7.34999942779541 7.97224235534668 3
    endloop
  endfacet
  facet normal -0.5555678563058071 -0.8314712003670183 0
    outer loop
      vertex 7.534893989562988 7.848700523376465 3
      vertex 7.34999942779541 7.97224235534668 0
      vertex 7.534893989562988 7.848700523376465 0
    endloop
  endfacet
  facet normal -0.6593482641111564 0.7518376597468396 0
    outer loop
      vertex 7.702080726623535 5.297918319702148 0
      vertex 7.534893989562988 5.151298522949219 3
      vertex 7.702080726623535 5.297918319702148 3
    endloop
  endfacet
  facet normal -0.6593482641111564 0.7518376597468396 0
    outer loop
      vertex 7.534893989562988 5.151298522949219 3
      vertex 7.702080726623535 5.297918319702148 0
      vertex 7.534893989562988 5.151298522949219 0
    endloop
  endfacet
  facet normal 0.8968719425800481 0.44229031033099836 0
    outer loop
      vertex 5.027756690979004 5.649999618530273 3
      vertex 4.929404258728027 5.849437713623047 0
      vertex 4.929404258728027 5.849437713623047 3
    endloop
  endfacet
  facet normal 0.8968719425800481 0.44229031033099836 0
    outer loop
      vertex 4.929404258728027 5.849437713623047 0
      vertex 5.027756690979004 5.649999618530273 3
      vertex 5.027756690979004 5.649999618530273 0
    endloop
  endfacet
  facet normal -0.8314712003670183 -0.5555678563058071 0
    outer loop
      vertex 7.97224235534668 7.34999942779541 0
      vertex 7.848700523376465 7.534893989562988 3
      vertex 7.848700523376465 7.534893989562988 0
    endloop
  endfacet
  facet normal -0.8314712003670183 -0.5555678563058071 0
    outer loop
      vertex 7.848700523376465 7.534893989562988 3
      vertex 7.97224235534668 7.34999942779541 0
      vertex 7.97224235534668 7.34999942779541 3
    endloop
  endfacet
  facet normal -0.3214401519318974 0.9469298964157794 0
    outer loop
      vertex 7.150561332702637 4.929404258728027 0
      vertex 6.9399919509887695 4.8579254150390625 3
      vertex 7.150561332702637 4.929404258728027 3
    endloop
  endfacet
  facet normal -0.3214401519318974 0.9469298964157794 0
    outer loop
      vertex 6.9399919509887695 4.8579254150390625 3
      vertex 7.150561332702637 4.929404258728027 0
      vertex 6.9399919509887695 4.8579254150390625 0
    endloop
  endfacet
  facet normal -0.7518376597468396 0.6593482641111564 0
    outer loop
      vertex 7.702080726623535 5.297918319702148 0
      vertex 7.848700523376465 5.465105056762695 3
      vertex 7.848700523376465 5.465105056762695 0
    endloop
  endfacet
  facet normal -0.7518376597468396 0.6593482641111564 0
    outer loop
      vertex 7.848700523376465 5.465105056762695 3
      vertex 7.702080726623535 5.297918319702148 0
      vertex 7.702080726623535 5.297918319702148 3
    endloop
  endfacet
  facet normal -0.9978587160211014 0.06540629068154508 0
    outer loop
      vertex 8.185455322265625 6.278104782104492 0
      vertex 8.199999809265137 6.5 3
      vertex 8.199999809265137 6.5 0
    endloop
  endfacet
  facet normal -0.9978587160211014 0.06540629068154508 0
    outer loop
      vertex 8.199999809265137 6.5 3
      vertex 8.185455322265625 6.278104782104492 0
      vertex 8.185455322265625 6.278104782104492 3
    endloop
  endfacet
  facet normal 0.6593482641111564 0.7518376597468396 0
    outer loop
      vertex 5.465105056762695 5.151298522949219 0
      vertex 5.297918319702148 5.297918319702148 3
      vertex 5.465105056762695 5.151298522949219 3
    endloop
  endfacet
  facet normal 0.6593482641111564 0.7518376597468396 0
    outer loop
      vertex 5.297918319702148 5.297918319702148 3
      vertex 5.465105056762695 5.151298522949219 0
      vertex 5.297918319702148 5.297918319702148 0
    endloop
  endfacet
  facet normal 0.9469298964157794 -0.3214401519318974 0
    outer loop
      vertex 4.8579254150390625 6.9399919509887695 3
      vertex 4.929404258728027 7.150561332702637 0
      vertex 4.929404258728027 7.150561332702637 3
    endloop
  endfacet
  facet normal 0.9469298964157794 -0.3214401519318974 0
    outer loop
      vertex 4.929404258728027 7.150561332702637 0
      vertex 4.8579254150390625 6.9399919509887695 3
      vertex 4.8579254150390625 6.9399919509887695 0
    endloop
  endfacet
  facet normal -0.9807858278404044 -0.19508756984342326 0
    outer loop
      vertex 8.185455322265625 6.721894264221191 0
      vertex 8.142073631286621 6.9399919509887695 3
      vertex 8.142073631286621 6.9399919509887695 0
    endloop
  endfacet
  facet normal -0.9807858278404044 -0.19508756984342326 0
    outer loop
      vertex 8.142073631286621 6.9399919509887695 3
      vertex 8.185455322265625 6.721894264221191 0
      vertex 8.185455322265625 6.721894264221191 3
    endloop
  endfacet
  facet normal -0.9807858278404044 0.19508756984342326 0
    outer loop
      vertex 8.142073631286621 6.060007095336914 0
      vertex 8.185455322265625 6.278104782104492 3
      vertex 8.185455322265625 6.278104782104492 0
    endloop
  endfacet
  facet normal -0.9807858278404044 0.19508756984342326 0
    outer loop
      vertex 8.185455322265625 6.278104782104492 3
      vertex 8.142073631286621 6.060007095336914 0
      vertex 8.142073631286621 6.060007095336914 3
    endloop
  endfacet
  facet normal -0.44229031033099836 0.8968719425800481 0
    outer loop
      vertex 7.34999942779541 5.027756690979004 0
      vertex 7.150561332702637 4.929404258728027 3
      vertex 7.34999942779541 5.027756690979004 3
    endloop
  endfacet
  facet normal -0.44229031033099836 0.8968719425800481 0
    outer loop
      vertex 7.150561332702637 4.929404258728027 3
      vertex 7.34999942779541 5.027756690979004 0
      vertex 7.150561332702637 4.929404258728027 0
    endloop
  endfacet
  facet normal 0.19508756984342326 0.9807858278404044 0
    outer loop
      vertex 6.278104782104492 4.814543724060059 0
      vertex 6.060007095336914 4.8579254150390625 3
      vertex 6.278104782104492 4.814543724060059 3
    endloop
  endfacet
  facet normal 0.19508756984342326 0.9807858278404044 0
    outer loop
      vertex 6.060007095336914 4.8579254150390625 3
      vertex 6.278104782104492 4.814543724060059 0
      vertex 6.060007095336914 4.8579254150390625 0
    endloop
  endfacet
  facet normal -0.06540657058717184 -0.9978586976741874 0
    outer loop
      vertex 6.5 8.199999809265137 0
      vertex 6.721894264221191 8.185455322265625 3
      vertex 6.5 8.199999809265137 3
    endloop
  endfacet
  facet normal -0.06540657058717184 -0.9978586976741874 0
    outer loop
      vertex 6.721894264221191 8.185455322265625 3
      vertex 6.5 8.199999809265137 0
      vertex 6.721894264221191 8.185455322265625 0
    endloop
  endfacet
  facet normal -0.3214401519318974 -0.9469298964157794 0
    outer loop
      vertex 6.9399919509887695 8.142073631286621 0
      vertex 7.150561332702637 8.070594787597656 3
      vertex 6.9399919509887695 8.142073631286621 3
    endloop
  endfacet
  facet normal -0.3214401519318974 -0.9469298964157794 0
    outer loop
      vertex 7.150561332702637 8.070594787597656 3
      vertex 6.9399919509887695 8.142073631286621 0
      vertex 7.150561332702637 8.070594787597656 0
    endloop
  endfacet
  facet normal 0.9978586976741874 -0.06540657058717184 0
    outer loop
      vertex 4.799999237060547 6.5 3
      vertex 4.814543724060059 6.721894264221191 0
      vertex 4.814543724060059 6.721894264221191 3
    endloop
  endfacet
  facet normal 0.9978586976741874 -0.06540657058717184 0
    outer loop
      vertex 4.814543724060059 6.721894264221191 0
      vertex 4.799999237060547 6.5 3
      vertex 4.799999237060547 6.5 0
    endloop
  endfacet
  facet normal -0.8314712003670183 0.5555678563058071 0
    outer loop
      vertex 7.848700523376465 5.465105056762695 0
      vertex 7.97224235534668 5.649999618530273 3
      vertex 7.97224235534668 5.649999618530273 0
    endloop
  endfacet
  facet normal -0.8314712003670183 0.5555678563058071 0
    outer loop
      vertex 7.97224235534668 5.649999618530273 3
      vertex 7.848700523376465 5.465105056762695 0
      vertex 7.848700523376465 5.465105056762695 3
    endloop
  endfacet
  facet normal -0.19508756984342326 0.9807858278404044 0
    outer loop
      vertex 6.9399919509887695 4.8579254150390625 0
      vertex 6.721894264221191 4.814543724060059 3
      vertex 6.9399919509887695 4.8579254150390625 3
    endloop
  endfacet
  facet normal -0.19508756984342326 0.9807858278404044 0
    outer loop
      vertex 6.721894264221191 4.814543724060059 3
      vertex 6.9399919509887695 4.8579254150390625 0
      vertex 6.721894264221191 4.814543724060059 0
    endloop
  endfacet
  facet normal 0.5555678563058071 -0.8314712003670183 0
    outer loop
      vertex 5.465105056762695 7.848700523376465 0
      vertex 5.649999618530273 7.97224235534668 3
      vertex 5.465105056762695 7.848700523376465 3
    endloop
  endfacet
  facet normal 0.5555678563058071 -0.8314712003670183 0
    outer loop
      vertex 5.649999618530273 7.97224235534668 3
      vertex 5.465105056762695 7.848700523376465 0
      vertex 5.649999618530273 7.97224235534668 0
    endloop
  endfacet
  facet normal 0.9807858278404044 -0.19508756984342326 0
    outer loop
      vertex 4.814543724060059 6.721894264221191 3
      vertex 4.8579254150390625 6.9399919509887695 0
      vertex 4.8579254150390625 6.9399919509887695 3
    endloop
  endfacet
  facet normal 0.9807858278404044 -0.19508756984342326 0
    outer loop
      vertex 4.8579254150390625 6.9399919509887695 0
      vertex 4.814543724060059 6.721894264221191 3
      vertex 4.814543724060059 6.721894264221191 0
    endloop
  endfacet
  facet normal 0.7518376597468396 -0.6593482641111564 0
    outer loop
      vertex 5.151298522949219 7.534893989562988 3
      vertex 5.297918319702148 7.702080726623535 0
      vertex 5.297918319702148 7.702080726623535 3
    endloop
  endfacet
  facet normal 0.7518376597468396 -0.6593482641111564 0
    outer loop
      vertex 5.297918319702148 7.702080726623535 0
      vertex 5.151298522949219 7.534893989562988 3
      vertex 5.151298522949219 7.534893989562988 0
    endloop
  endfacet
  facet normal 0.44229031033099836 -0.8968719425800481 0
    outer loop
      vertex 5.649999618530273 7.97224235534668 0
      vertex 5.849437713623047 8.070594787597656 3
      vertex 5.649999618530273 7.97224235534668 3
    endloop
  endfacet
  facet normal 0.44229031033099836 -0.8968719425800481 0
    outer loop
      vertex 5.849437713623047 8.070594787597656 3
      vertex 5.649999618530273 7.97224235534668 0
      vertex 5.849437713623047 8.070594787597656 0
    endloop
  endfacet
  facet normal 0.8968719425800481 -0.44229031033099836 0
    outer loop
      vertex 4.929404258728027 7.150561332702637 3
      vertex 5.027756690979004 7.34999942779541 0
      vertex 5.027756690979004 7.34999942779541 3
    endloop
  endfacet
  facet normal 0.8968719425800481 -0.44229031033099836 0
    outer loop
      vertex 5.027756690979004 7.34999942779541 0
      vertex 4.929404258728027 7.150561332702637 3
      vertex 4.929404258728027 7.150561332702637 0
    endloop
  endfacet
  facet normal 0.3214401519318974 -0.9469298964157794 0
    outer loop
      vertex 5.849437713623047 8.070594787597656 0
      vertex 6.060007095336914 8.142073631286621 3
      vertex 5.849437713623047 8.070594787597656 3
    endloop
  endfacet
  facet normal 0.3214401519318974 -0.9469298964157794 0
    outer loop
      vertex 6.060007095336914 8.142073631286621 3
      vertex 5.849437713623047 8.070594787597656 0
      vertex 6.060007095336914 8.142073631286621 0
    endloop
  endfacet
  facet normal 0.06540629068154508 0.9978587160211014 0
    outer loop
      vertex 6.5 4.799999237060547 0
      vertex 6.278104782104492 4.814543724060059 3
      vertex 6.5 4.799999237060547 3
    endloop
  endfacet
  facet normal 0.06540629068154508 0.9978587160211014 0
    outer loop
      vertex 6.278104782104492 4.814543724060059 3
      vertex 6.5 4.799999237060547 0
      vertex 6.278104782104492 4.814543724060059 0
    endloop
  endfacet
  facet normal 0.9807858278404044 0.19508756984342326 0
    outer loop
      vertex 4.8579254150390625 6.060007095336914 3
      vertex 4.814543724060059 6.278104782104492 0
      vertex 4.814543724060059 6.278104782104492 3
    endloop
  endfacet
  facet normal 0.9807858278404044 0.19508756984342326 0
    outer loop
      vertex 4.814543724060059 6.278104782104492 0
      vertex 4.8579254150390625 6.060007095336914 3
      vertex 4.8579254150390625 6.060007095336914 0
    endloop
  endfacet
  facet normal 0.9469298964157794 0.3214401519318974 0
    outer loop
      vertex 4.929404258728027 5.849437713623047 3
      vertex 4.8579254150390625 6.060007095336914 0
      vertex 4.8579254150390625 6.060007095336914 3
    endloop
  endfacet
  facet normal 0.9469298964157794 0.3214401519318974 0
    outer loop
      vertex 4.8579254150390625 6.060007095336914 0
      vertex 4.929404258728027 5.849437713623047 3
      vertex 4.929404258728027 5.849437713623047 0
    endloop
  endfacet
  facet normal -0.7518376597468396 -0.6593482641111564 0
    outer loop
      vertex 7.848700523376465 7.534893989562988 0
      vertex 7.702080726623535 7.702080726623535 3
      vertex 7.702080726623535 7.702080726623535 0
    endloop
  endfacet
  facet normal -0.7518376597468396 -0.6593482641111564 0
    outer loop
      vertex 7.702080726623535 7.702080726623535 3
      vertex 7.848700523376465 7.534893989562988 0
      vertex 7.848700523376465 7.534893989562988 3
    endloop
  endfacet
  facet normal 0.6593482641111564 -0.7518376597468396 0
    outer loop
      vertex 5.297918319702148 7.702080726623535 0
      vertex 5.465105056762695 7.848700523376465 3
      vertex 5.297918319702148 7.702080726623535 3
    endloop
  endfacet
  facet normal 0.6593482641111564 -0.7518376597468396 0
    outer loop
      vertex 5.465105056762695 7.848700523376465 3
      vertex 5.297918319702148 7.702080726623535 0
      vertex 5.465105056762695 7.848700523376465 0
    endloop
  endfacet
  facet normal 0.5555678563058071 0.8314712003670183 0
    outer loop
      vertex 5.649999618530273 5.027756690979004 0
      vertex 5.465105056762695 5.151298522949219 3
      vertex 5.649999618530273 5.027756690979004 3
    endloop
  endfacet
  facet normal 0.5555678563058071 0.8314712003670183 0
    outer loop
      vertex 5.465105056762695 5.151298522949219 3
      vertex 5.649999618530273 5.027756690979004 0
      vertex 5.465105056762695 5.151298522949219 0
    endloop
  endfacet
  facet normal 0.44229031033099836 0.8968719425800481 0
    outer loop
      vertex 5.849437713623047 4.929404258728027 0
      vertex 5.649999618530273 5.027756690979004 3
      vertex 5.849437713623047 4.929404258728027 3
    endloop
  endfacet
  facet normal 0.44229031033099836 0.8968719425800481 0
    outer loop
      vertex 5.649999618530273 5.027756690979004 3
      vertex 5.849437713623047 4.929404258728027 0
      vertex 5.649999618530273 5.027756690979004 0
    endloop
  endfacet
  facet normal -0.8314692192615067 0.5555708212466351 0
    outer loop
      vertex 106.84870147705078 5.465105056762695 0
      vertex 106.97224426269531 5.649999618530273 3
      vertex 106.97224426269531 5.649999618530273 0
    endloop
  endfacet
  facet normal -0.8314692192615067 0.5555708212466351 0
    outer loop
      vertex 106.97224426269531 5.649999618530273 3
      vertex 106.84870147705078 5.465105056762695 0
      vertex 106.84870147705078 5.465105056762695 3
    endloop
  endfacet
  facet normal -0.9469285910186745 0.3214439974729468 0
    outer loop
      vertex 107.07059478759766 5.849437713623047 0
      vertex 107.14207458496094 6.060007095336914 3
      vertex 107.14207458496094 6.060007095336914 0
    endloop
  endfacet
  facet normal -0.9469285910186745 0.3214439974729468 0
    outer loop
      vertex 107.14207458496094 6.060007095336914 3
      vertex 107.07059478759766 5.849437713623047 0
      vertex 107.07059478759766 5.849437713623047 3
    endloop
  endfacet
  facet normal -0.7518334077746043 0.6593531124928627 0
    outer loop
      vertex 106.70207977294922 5.297918319702148 0
      vertex 106.84870147705078 5.465105056762695 3
      vertex 106.84870147705078 5.465105056762695 0
    endloop
  endfacet
  facet normal -0.7518334077746043 0.6593531124928627 0
    outer loop
      vertex 106.84870147705078 5.465105056762695 3
      vertex 106.70207977294922 5.297918319702148 0
      vertex 106.70207977294922 5.297918319702148 3
    endloop
  endfacet
  facet normal -0.6593567681399572 0.7518302017796508 0
    outer loop
      vertex 106.70207977294922 5.297918319702148 0
      vertex 106.53489685058594 5.151298522949219 3
      vertex 106.70207977294922 5.297918319702148 3
    endloop
  endfacet
  facet normal -0.6593567681399572 0.7518302017796508 0
    outer loop
      vertex 106.53489685058594 5.151298522949219 3
      vertex 106.70207977294922 5.297918319702148 0
      vertex 106.53489685058594 5.151298522949219 0
    endloop
  endfacet
  facet normal 0.06540685049518916 0.9978586793270376 0
    outer loop
      vertex 105.5 4.799999237060547 0
      vertex 105.27810668945312 4.814543724060059 3
      vertex 105.5 4.799999237060547 3
    endloop
  endfacet
  facet normal 0.06540685049518916 0.9978586793270376 0
    outer loop
      vertex 105.27810668945312 4.814543724060059 3
      vertex 105.5 4.799999237060547 0
      vertex 105.27810668945312 4.814543724060059 0
    endloop
  endfacet
  facet normal -0.3214479844583274 0.9469272375888651 0
    outer loop
      vertex 106.15055847167969 4.929404258728027 0
      vertex 105.93999481201172 4.8579254150390625 3
      vertex 106.15055847167969 4.929404258728027 3
    endloop
  endfacet
  facet normal -0.3214479844583274 0.9469272375888651 0
    outer loop
      vertex 105.93999481201172 4.8579254150390625 3
      vertex 106.15055847167969 4.929404258728027 0
      vertex 105.93999481201172 4.8579254150390625 0
    endloop
  endfacet
  facet normal -0.9978595373131233 -0.06539375958942595 0
    outer loop
      vertex 107.19999694824219 6.5 0
      vertex 107.18545532226562 6.721894264221191 3
      vertex 107.18545532226562 6.721894264221191 0
    endloop
  endfacet
  facet normal -0.9978595373131233 -0.06539375958942595 0
    outer loop
      vertex 107.18545532226562 6.721894264221191 3
      vertex 107.19999694824219 6.5 0
      vertex 107.19999694824219 6.5 3
    endloop
  endfacet
  facet normal -0.9978595556528664 0.06539347973815256 0
    outer loop
      vertex 107.18545532226562 6.278104782104492 0
      vertex 107.19999694824219 6.5 3
      vertex 107.19999694824219 6.5 0
    endloop
  endfacet
  facet normal -0.9978595556528664 0.06539347973815256 0
    outer loop
      vertex 107.19999694824219 6.5 3
      vertex 107.18545532226562 6.278104782104492 0
      vertex 107.18545532226562 6.278104782104492 3
    endloop
  endfacet
  facet normal -0.06540685049518916 -0.9978586793270376 0
    outer loop
      vertex 105.5 8.199999809265137 0
      vertex 105.72189331054688 8.185455322265625 3
      vertex 105.5 8.199999809265137 3
    endloop
  endfacet
  facet normal -0.06540685049518916 -0.9978586793270376 0
    outer loop
      vertex 105.72189331054688 8.185455322265625 3
      vertex 105.5 8.199999809265137 0
      vertex 105.72189331054688 8.185455322265625 0
    endloop
  endfacet
  facet normal -0.5555599319738239 -0.8314764951489851 0
    outer loop
      vertex 106.3499984741211 7.97224235534668 0
      vertex 106.53489685058594 7.848700523376465 3
      vertex 106.3499984741211 7.97224235534668 3
    endloop
  endfacet
  facet normal -0.5555599319738239 -0.8314764951489851 0
    outer loop
      vertex 106.53489685058594 7.848700523376465 3
      vertex 106.3499984741211 7.97224235534668 0
      vertex 106.53489685058594 7.848700523376465 0
    endloop
  endfacet
  facet normal -0.9807866484238686 0.19508344438592054 0
    outer loop
      vertex 107.14207458496094 6.060007095336914 0
      vertex 107.18545532226562 6.278104782104492 3
      vertex 107.18545532226562 6.278104782104492 0
    endloop
  endfacet
  facet normal -0.9807866484238686 0.19508344438592054 0
    outer loop
      vertex 107.18545532226562 6.278104782104492 3
      vertex 107.14207458496094 6.060007095336914 0
      vertex 107.14207458496094 6.060007095336914 3
    endloop
  endfacet
  facet normal 0.06540685049518916 -0.9978586793270376 0
    outer loop
      vertex 105.27810668945312 8.185455322265625 0
      vertex 105.5 8.199999809265137 3
      vertex 105.27810668945312 8.185455322265625 3
    endloop
  endfacet
  facet normal 0.06540685049518916 -0.9978586793270376 0
    outer loop
      vertex 105.5 8.199999809265137 3
      vertex 105.27810668945312 8.185455322265625 0
      vertex 105.5 8.199999809265137 0
    endloop
  endfacet
  facet normal 0.9978595556528664 0.06539347973815256 0
    outer loop
      vertex 103.81454467773438 6.278104782104492 3
      vertex 103.80000305175781 6.5 0
      vertex 103.80000305175781 6.5 3
    endloop
  endfacet
  facet normal 0.9978595556528664 0.06539347973815256 0
    outer loop
      vertex 103.80000305175781 6.5 0
      vertex 103.81454467773438 6.278104782104492 3
      vertex 103.81454467773438 6.278104782104492 0
    endloop
  endfacet
  facet normal -0.9469285910186745 -0.3214439974729468 0
    outer loop
      vertex 107.14207458496094 6.9399919509887695 0
      vertex 107.07059478759766 7.150561332702637 3
      vertex 107.07059478759766 7.150561332702637 0
    endloop
  endfacet
  facet normal -0.9469285910186745 -0.3214439974729468 0
    outer loop
      vertex 107.07059478759766 7.150561332702637 3
      vertex 107.14207458496094 6.9399919509887695 0
      vertex 107.14207458496094 6.9399919509887695 3
    endloop
  endfacet
  facet normal 0.19508428753173948 -0.9807864807175074 0
    outer loop
      vertex 105.06000518798828 8.142073631286621 0
      vertex 105.27810668945312 8.185455322265625 3
      vertex 105.06000518798828 8.142073631286621 3
    endloop
  endfacet
  facet normal 0.19508428753173948 -0.9807864807175074 0
    outer loop
      vertex 105.27810668945312 8.185455322265625 3
      vertex 105.06000518798828 8.142073631286621 0
      vertex 105.27810668945312 8.185455322265625 0
    endloop
  endfacet
  facet normal 0.5555599319738239 0.8314764951489851 0
    outer loop
      vertex 104.6500015258789 5.027756690979004 0
      vertex 104.46510314941406 5.151298522949219 3
      vertex 104.6500015258789 5.027756690979004 3
    endloop
  endfacet
  facet normal 0.5555599319738239 0.8314764951489851 0
    outer loop
      vertex 104.46510314941406 5.151298522949219 3
      vertex 104.6500015258789 5.027756690979004 0
      vertex 104.46510314941406 5.151298522949219 0
    endloop
  endfacet
  facet normal 0.9469285910186745 0.3214439974729468 0
    outer loop
      vertex 103.92940521240234 5.849437713623047 3
      vertex 103.85792541503906 6.060007095336914 0
      vertex 103.85792541503906 6.060007095336914 3
    endloop
  endfacet
  facet normal 0.9469285910186745 0.3214439974729468 0
    outer loop
      vertex 103.85792541503906 6.060007095336914 0
      vertex 103.92940521240234 5.849437713623047 3
      vertex 103.92940521240234 5.849437713623047 0
    endloop
  endfacet
  facet normal 0.4422869079156321 -0.896873620465241 0
    outer loop
      vertex 104.6500015258789 7.97224235534668 0
      vertex 104.84944152832031 8.070594787597656 3
      vertex 104.6500015258789 7.97224235534668 3
    endloop
  endfacet
  facet normal 0.4422869079156321 -0.896873620465241 0
    outer loop
      vertex 104.84944152832031 8.070594787597656 3
      vertex 104.6500015258789 7.97224235534668 0
      vertex 104.84944152832031 8.070594787597656 0
    endloop
  endfacet
  facet normal 0.8314692192615067 0.5555708212466351 0
    outer loop
      vertex 104.15129852294922 5.465105056762695 3
      vertex 104.02775573730469 5.649999618530273 0
      vertex 104.02775573730469 5.649999618530273 3
    endloop
  endfacet
  facet normal 0.8314692192615067 0.5555708212466351 0
    outer loop
      vertex 104.02775573730469 5.649999618530273 0
      vertex 104.15129852294922 5.465105056762695 3
      vertex 104.15129852294922 5.465105056762695 0
    endloop
  endfacet
  facet normal 0.4422869079156321 0.896873620465241 0
    outer loop
      vertex 104.84944152832031 4.929404258728027 0
      vertex 104.6500015258789 5.027756690979004 3
      vertex 104.84944152832031 4.929404258728027 3
    endloop
  endfacet
  facet normal 0.4422869079156321 0.896873620465241 0
    outer loop
      vertex 104.6500015258789 5.027756690979004 3
      vertex 104.84944152832031 4.929404258728027 0
      vertex 104.6500015258789 5.027756690979004 0
    endloop
  endfacet
  facet normal -0.5555599319738239 0.8314764951489851 0
    outer loop
      vertex 106.53489685058594 5.151298522949219 0
      vertex 106.3499984741211 5.027756690979004 3
      vertex 106.53489685058594 5.151298522949219 3
    endloop
  endfacet
  facet normal -0.5555599319738239 0.8314764951489851 0
    outer loop
      vertex 106.3499984741211 5.027756690979004 3
      vertex 106.53489685058594 5.151298522949219 0
      vertex 106.3499984741211 5.027756690979004 0
    endloop
  endfacet
  facet normal -0.8968753450047754 0.4422834108606891 0
    outer loop
      vertex 106.97224426269531 5.649999618530273 0
      vertex 107.07059478759766 5.849437713623047 3
      vertex 107.07059478759766 5.849437713623047 0
    endloop
  endfacet
  facet normal -0.8968753450047754 0.4422834108606891 0
    outer loop
      vertex 107.07059478759766 5.849437713623047 3
      vertex 106.97224426269531 5.649999618530273 0
      vertex 106.97224426269531 5.649999618530273 3
    endloop
  endfacet
  facet normal 0.3214479844583274 0.9469272375888651 0
    outer loop
      vertex 105.06000518798828 4.8579254150390625 0
      vertex 104.84944152832031 4.929404258728027 3
      vertex 105.06000518798828 4.8579254150390625 3
    endloop
  endfacet
  facet normal 0.3214479844583274 0.9469272375888651 0
    outer loop
      vertex 104.84944152832031 4.929404258728027 3
      vertex 105.06000518798828 4.8579254150390625 0
      vertex 104.84944152832031 4.929404258728027 0
    endloop
  endfacet
  facet normal -0.19508428753173948 -0.9807864807175074 0
    outer loop
      vertex 105.72189331054688 8.185455322265625 0
      vertex 105.93999481201172 8.142073631286621 3
      vertex 105.72189331054688 8.185455322265625 3
    endloop
  endfacet
  facet normal -0.19508428753173948 -0.9807864807175074 0
    outer loop
      vertex 105.93999481201172 8.142073631286621 3
      vertex 105.72189331054688 8.185455322265625 0
      vertex 105.93999481201172 8.142073631286621 0
    endloop
  endfacet
  facet normal 0.7518334077746043 0.6593531124928627 0
    outer loop
      vertex 104.29792022705078 5.297918319702148 3
      vertex 104.15129852294922 5.465105056762695 0
      vertex 104.15129852294922 5.465105056762695 3
    endloop
  endfacet
  facet normal 0.7518334077746043 0.6593531124928627 0
    outer loop
      vertex 104.15129852294922 5.465105056762695 0
      vertex 104.29792022705078 5.297918319702148 3
      vertex 104.29792022705078 5.297918319702148 0
    endloop
  endfacet
  facet normal -0.3214479844583274 -0.9469272375888651 0
    outer loop
      vertex 105.93999481201172 8.142073631286621 0
      vertex 106.15055847167969 8.070594787597656 3
      vertex 105.93999481201172 8.142073631286621 3
    endloop
  endfacet
  facet normal -0.3214479844583274 -0.9469272375888651 0
    outer loop
      vertex 106.15055847167969 8.070594787597656 3
      vertex 105.93999481201172 8.142073631286621 0
      vertex 106.15055847167969 8.070594787597656 0
    endloop
  endfacet
  facet normal -0.06540685049518916 0.9978586793270376 0
    outer loop
      vertex 105.72189331054688 4.814543724060059 0
      vertex 105.5 4.799999237060547 3
      vertex 105.72189331054688 4.814543724060059 3
    endloop
  endfacet
  facet normal -0.06540685049518916 0.9978586793270376 0
    outer loop
      vertex 105.5 4.799999237060547 3
      vertex 105.72189331054688 4.814543724060059 0
      vertex 105.5 4.799999237060547 0
    endloop
  endfacet
  facet normal -0.6593567681399572 -0.7518302017796508 0
    outer loop
      vertex 106.53489685058594 7.848700523376465 0
      vertex 106.70207977294922 7.702080726623535 3
      vertex 106.53489685058594 7.848700523376465 3
    endloop
  endfacet
  facet normal -0.6593567681399572 -0.7518302017796508 0
    outer loop
      vertex 106.70207977294922 7.702080726623535 3
      vertex 106.53489685058594 7.848700523376465 0
      vertex 106.70207977294922 7.702080726623535 0
    endloop
  endfacet
  facet normal -0.4422869079156321 -0.896873620465241 0
    outer loop
      vertex 106.15055847167969 8.070594787597656 0
      vertex 106.3499984741211 7.97224235534668 3
      vertex 106.15055847167969 8.070594787597656 3
    endloop
  endfacet
  facet normal -0.4422869079156321 -0.896873620465241 0
    outer loop
      vertex 106.3499984741211 7.97224235534668 3
      vertex 106.15055847167969 8.070594787597656 0
      vertex 106.3499984741211 7.97224235534668 0
    endloop
  endfacet
  facet normal -0.4422869079156321 0.896873620465241 0
    outer loop
      vertex 106.3499984741211 5.027756690979004 0
      vertex 106.15055847167969 4.929404258728027 3
      vertex 106.3499984741211 5.027756690979004 3
    endloop
  endfacet
  facet normal -0.4422869079156321 0.896873620465241 0
    outer loop
      vertex 106.15055847167969 4.929404258728027 3
      vertex 106.3499984741211 5.027756690979004 0
      vertex 106.15055847167969 4.929404258728027 0
    endloop
  endfacet
  facet normal -0.8968753450047754 -0.4422834108606891 0
    outer loop
      vertex 107.07059478759766 7.150561332702637 0
      vertex 106.97224426269531 7.34999942779541 3
      vertex 106.97224426269531 7.34999942779541 0
    endloop
  endfacet
  facet normal -0.8968753450047754 -0.4422834108606891 0
    outer loop
      vertex 106.97224426269531 7.34999942779541 3
      vertex 107.07059478759766 7.150561332702637 0
      vertex 107.07059478759766 7.150561332702637 3
    endloop
  endfacet
  facet normal -0.9807866484238686 -0.19508344438592054 0
    outer loop
      vertex 107.18545532226562 6.721894264221191 0
      vertex 107.14207458496094 6.9399919509887695 3
      vertex 107.14207458496094 6.9399919509887695 0
    endloop
  endfacet
  facet normal -0.9807866484238686 -0.19508344438592054 0
    outer loop
      vertex 107.14207458496094 6.9399919509887695 3
      vertex 107.18545532226562 6.721894264221191 0
      vertex 107.18545532226562 6.721894264221191 3
    endloop
  endfacet
  facet normal 0.9807866484238686 0.19508344438592054 0
    outer loop
      vertex 103.85792541503906 6.060007095336914 3
      vertex 103.81454467773438 6.278104782104492 0
      vertex 103.81454467773438 6.278104782104492 3
    endloop
  endfacet
  facet normal 0.9807866484238686 0.19508344438592054 0
    outer loop
      vertex 103.81454467773438 6.278104782104492 0
      vertex 103.85792541503906 6.060007095336914 3
      vertex 103.85792541503906 6.060007095336914 0
    endloop
  endfacet
  facet normal 0.8968753450047754 0.4422834108606891 0
    outer loop
      vertex 104.02775573730469 5.649999618530273 3
      vertex 103.92940521240234 5.849437713623047 0
      vertex 103.92940521240234 5.849437713623047 3
    endloop
  endfacet
  facet normal 0.8968753450047754 0.4422834108606891 0
    outer loop
      vertex 103.92940521240234 5.849437713623047 0
      vertex 104.02775573730469 5.649999618530273 3
      vertex 104.02775573730469 5.649999618530273 0
    endloop
  endfacet
  facet normal 0.9978595373131233 -0.06539375958942595 0
    outer loop
      vertex 103.80000305175781 6.5 3
      vertex 103.81454467773438 6.721894264221191 0
      vertex 103.81454467773438 6.721894264221191 3
    endloop
  endfacet
  facet normal 0.9978595373131233 -0.06539375958942595 0
    outer loop
      vertex 103.81454467773438 6.721894264221191 0
      vertex 103.80000305175781 6.5 3
      vertex 103.80000305175781 6.5 0
    endloop
  endfacet
  facet normal 0.6593567681399572 -0.7518302017796508 0
    outer loop
      vertex 104.29792022705078 7.702080726623535 0
      vertex 104.46510314941406 7.848700523376465 3
      vertex 104.29792022705078 7.702080726623535 3
    endloop
  endfacet
  facet normal 0.6593567681399572 -0.7518302017796508 0
    outer loop
      vertex 104.46510314941406 7.848700523376465 3
      vertex 104.29792022705078 7.702080726623535 0
      vertex 104.46510314941406 7.848700523376465 0
    endloop
  endfacet
  facet normal 0.6593567681399572 0.7518302017796508 0
    outer loop
      vertex 104.46510314941406 5.151298522949219 0
      vertex 104.29792022705078 5.297918319702148 3
      vertex 104.46510314941406 5.151298522949219 3
    endloop
  endfacet
  facet normal 0.6593567681399572 0.7518302017796508 0
    outer loop
      vertex 104.29792022705078 5.297918319702148 3
      vertex 104.46510314941406 5.151298522949219 0
      vertex 104.29792022705078 5.297918319702148 0
    endloop
  endfacet
  facet normal 0.9807866484238686 -0.19508344438592054 0
    outer loop
      vertex 103.81454467773438 6.721894264221191 3
      vertex 103.85792541503906 6.9399919509887695 0
      vertex 103.85792541503906 6.9399919509887695 3
    endloop
  endfacet
  facet normal 0.9807866484238686 -0.19508344438592054 0
    outer loop
      vertex 103.85792541503906 6.9399919509887695 0
      vertex 103.81454467773438 6.721894264221191 3
      vertex 103.81454467773438 6.721894264221191 0
    endloop
  endfacet
  facet normal 0.9469285910186745 -0.3214439974729468 0
    outer loop
      vertex 103.85792541503906 6.9399919509887695 3
      vertex 103.92940521240234 7.150561332702637 0
      vertex 103.92940521240234 7.150561332702637 3
    endloop
  endfacet
  facet normal 0.9469285910186745 -0.3214439974729468 0
    outer loop
      vertex 103.92940521240234 7.150561332702637 0
      vertex 103.85792541503906 6.9399919509887695 3
      vertex 103.85792541503906 6.9399919509887695 0
    endloop
  endfacet
  facet normal 0.8968753450047754 -0.4422834108606891 0
    outer loop
      vertex 103.92940521240234 7.150561332702637 3
      vertex 104.02775573730469 7.34999942779541 0
      vertex 104.02775573730469 7.34999942779541 3
    endloop
  endfacet
  facet normal 0.8968753450047754 -0.4422834108606891 0
    outer loop
      vertex 104.02775573730469 7.34999942779541 0
      vertex 103.92940521240234 7.150561332702637 3
      vertex 103.92940521240234 7.150561332702637 0
    endloop
  endfacet
  facet normal 0.19508428753173948 0.9807864807175074 0
    outer loop
      vertex 105.27810668945312 4.814543724060059 0
      vertex 105.06000518798828 4.8579254150390625 3
      vertex 105.27810668945312 4.814543724060059 3
    endloop
  endfacet
  facet normal 0.19508428753173948 0.9807864807175074 0
    outer loop
      vertex 105.06000518798828 4.8579254150390625 3
      vertex 105.27810668945312 4.814543724060059 0
      vertex 105.06000518798828 4.8579254150390625 0
    endloop
  endfacet
  facet normal -0.7518334077746043 -0.6593531124928627 0
    outer loop
      vertex 106.84870147705078 7.534893989562988 0
      vertex 106.70207977294922 7.702080726623535 3
      vertex 106.70207977294922 7.702080726623535 0
    endloop
  endfacet
  facet normal -0.7518334077746043 -0.6593531124928627 0
    outer loop
      vertex 106.70207977294922 7.702080726623535 3
      vertex 106.84870147705078 7.534893989562988 0
      vertex 106.84870147705078 7.534893989562988 3
    endloop
  endfacet
  facet normal -0.8314692192615067 -0.5555708212466351 0
    outer loop
      vertex 106.97224426269531 7.34999942779541 0
      vertex 106.84870147705078 7.534893989562988 3
      vertex 106.84870147705078 7.534893989562988 0
    endloop
  endfacet
  facet normal -0.8314692192615067 -0.5555708212466351 0
    outer loop
      vertex 106.84870147705078 7.534893989562988 3
      vertex 106.97224426269531 7.34999942779541 0
      vertex 106.97224426269531 7.34999942779541 3
    endloop
  endfacet
  facet normal -0.19508428753173948 0.9807864807175074 0
    outer loop
      vertex 105.93999481201172 4.8579254150390625 0
      vertex 105.72189331054688 4.814543724060059 3
      vertex 105.93999481201172 4.8579254150390625 3
    endloop
  endfacet
  facet normal -0.19508428753173948 0.9807864807175074 0
    outer loop
      vertex 105.72189331054688 4.814543724060059 3
      vertex 105.93999481201172 4.8579254150390625 0
      vertex 105.72189331054688 4.814543724060059 0
    endloop
  endfacet
  facet normal 0.8314692192615067 -0.5555708212466351 0
    outer loop
      vertex 104.02775573730469 7.34999942779541 3
      vertex 104.15129852294922 7.534893989562988 0
      vertex 104.15129852294922 7.534893989562988 3
    endloop
  endfacet
  facet normal 0.8314692192615067 -0.5555708212466351 0
    outer loop
      vertex 104.15129852294922 7.534893989562988 0
      vertex 104.02775573730469 7.34999942779541 3
      vertex 104.02775573730469 7.34999942779541 0
    endloop
  endfacet
  facet normal 0.3214479844583274 -0.9469272375888651 0
    outer loop
      vertex 104.84944152832031 8.070594787597656 0
      vertex 105.06000518798828 8.142073631286621 3
      vertex 104.84944152832031 8.070594787597656 3
    endloop
  endfacet
  facet normal 0.3214479844583274 -0.9469272375888651 0
    outer loop
      vertex 105.06000518798828 8.142073631286621 3
      vertex 104.84944152832031 8.070594787597656 0
      vertex 105.06000518798828 8.142073631286621 0
    endloop
  endfacet
  facet normal 0.5555599319738239 -0.8314764951489851 0
    outer loop
      vertex 104.46510314941406 7.848700523376465 0
      vertex 104.6500015258789 7.97224235534668 3
      vertex 104.46510314941406 7.848700523376465 3
    endloop
  endfacet
  facet normal 0.5555599319738239 -0.8314764951489851 0
    outer loop
      vertex 104.6500015258789 7.97224235534668 3
      vertex 104.46510314941406 7.848700523376465 0
      vertex 104.6500015258789 7.97224235534668 0
    endloop
  endfacet
  facet normal 0.7518334077746043 -0.6593531124928627 0
    outer loop
      vertex 104.15129852294922 7.534893989562988 3
      vertex 104.29792022705078 7.702080726623535 0
      vertex 104.29792022705078 7.702080726623535 3
    endloop
  endfacet
  facet normal 0.7518334077746043 -0.6593531124928627 0
    outer loop
      vertex 104.29792022705078 7.702080726623535 0
      vertex 104.15129852294922 7.534893989562988 3
      vertex 104.15129852294922 7.534893989562988 0
    endloop
  endfacet
  facet normal -0.5555708212466351 -0.8314692192615067 0
    outer loop
      vertex 7.34999942779541 68.97224426269531 0
      vertex 7.534893989562988 68.84870147705078 3
      vertex 7.34999942779541 68.97224426269531 3
    endloop
  endfacet
  facet normal -0.5555708212466351 -0.8314692192615067 0
    outer loop
      vertex 7.534893989562988 68.84870147705078 3
      vertex 7.34999942779541 68.97224426269531 0
      vertex 7.534893989562988 68.84870147705078 0
    endloop
  endfacet
  facet normal 0.896873620465241 -0.4422869079156321 0
    outer loop
      vertex 4.929404258728027 68.15055847167969 3
      vertex 5.027756690979004 68.3499984741211 0
      vertex 5.027756690979004 68.3499984741211 3
    endloop
  endfacet
  facet normal 0.896873620465241 -0.4422869079156321 0
    outer loop
      vertex 5.027756690979004 68.3499984741211 0
      vertex 4.929404258728027 68.15055847167969 3
      vertex 4.929404258728027 68.15055847167969 0
    endloop
  endfacet
  facet normal -0.9978586793270376 -0.06540685049518916 0
    outer loop
      vertex 8.199999809265137 67.5 0
      vertex 8.185455322265625 67.72189331054688 3
      vertex 8.185455322265625 67.72189331054688 0
    endloop
  endfacet
  facet normal -0.9978586793270376 -0.06540685049518916 0
    outer loop
      vertex 8.185455322265625 67.72189331054688 3
      vertex 8.199999809265137 67.5 0
      vertex 8.199999809265137 67.5 3
    endloop
  endfacet
  facet normal -0.9978586793270376 0.06540685049518916 0
    outer loop
      vertex 8.185455322265625 67.27810668945312 0
      vertex 8.199999809265137 67.5 3
      vertex 8.199999809265137 67.5 0
    endloop
  endfacet
  facet normal -0.9978586793270376 0.06540685049518916 0
    outer loop
      vertex 8.199999809265137 67.5 3
      vertex 8.185455322265625 67.27810668945312 0
      vertex 8.185455322265625 67.27810668945312 3
    endloop
  endfacet
  facet normal -0.9469272375888651 0.3214479844583274 0
    outer loop
      vertex 8.070594787597656 66.84944152832031 0
      vertex 8.142073631286621 67.06000518798828 3
      vertex 8.142073631286621 67.06000518798828 0
    endloop
  endfacet
  facet normal -0.9469272375888651 0.3214479844583274 0
    outer loop
      vertex 8.142073631286621 67.06000518798828 3
      vertex 8.070594787597656 66.84944152832031 0
      vertex 8.070594787597656 66.84944152832031 3
    endloop
  endfacet
  facet normal -0.3214439974729468 0.9469285910186745 0
    outer loop
      vertex 7.150561332702637 65.92940521240234 0
      vertex 6.9399919509887695 65.85792541503906 3
      vertex 7.150561332702637 65.92940521240234 3
    endloop
  endfacet
  facet normal -0.3214439974729468 0.9469285910186745 0
    outer loop
      vertex 6.9399919509887695 65.85792541503906 3
      vertex 7.150561332702637 65.92940521240234 0
      vertex 6.9399919509887695 65.85792541503906 0
    endloop
  endfacet
  facet normal 0.9469272375888651 -0.3214479844583274 0
    outer loop
      vertex 4.8579254150390625 67.93999481201172 3
      vertex 4.929404258728027 68.15055847167969 0
      vertex 4.929404258728027 68.15055847167969 3
    endloop
  endfacet
  facet normal 0.9469272375888651 -0.3214479844583274 0
    outer loop
      vertex 4.929404258728027 68.15055847167969 0
      vertex 4.8579254150390625 67.93999481201172 3
      vertex 4.8579254150390625 67.93999481201172 0
    endloop
  endfacet
  facet normal 0.19508344438592054 0.9807866484238686 0
    outer loop
      vertex 6.278104782104492 65.81454467773438 0
      vertex 6.060007095336914 65.85792541503906 3
      vertex 6.278104782104492 65.81454467773438 3
    endloop
  endfacet
  facet normal 0.19508344438592054 0.9807866484238686 0
    outer loop
      vertex 6.060007095336914 65.85792541503906 3
      vertex 6.278104782104492 65.81454467773438 0
      vertex 6.060007095336914 65.85792541503906 0
    endloop
  endfacet
  facet normal 0.5555708212466351 -0.8314692192615067 0
    outer loop
      vertex 5.465105056762695 68.84870147705078 0
      vertex 5.649999618530273 68.97224426269531 3
      vertex 5.465105056762695 68.84870147705078 3
    endloop
  endfacet
  facet normal 0.5555708212466351 -0.8314692192615067 0
    outer loop
      vertex 5.649999618530273 68.97224426269531 3
      vertex 5.465105056762695 68.84870147705078 0
      vertex 5.649999618530273 68.97224426269531 0
    endloop
  endfacet
  facet normal -0.5555708212466351 0.8314692192615067 0
    outer loop
      vertex 7.534893989562988 66.15129852294922 0
      vertex 7.34999942779541 66.02775573730469 3
      vertex 7.534893989562988 66.15129852294922 3
    endloop
  endfacet
  facet normal -0.5555708212466351 0.8314692192615067 0
    outer loop
      vertex 7.34999942779541 66.02775573730469 3
      vertex 7.534893989562988 66.15129852294922 0
      vertex 7.34999942779541 66.02775573730469 0
    endloop
  endfacet
  facet normal 0.8314764951489851 0.5555599319738239 0
    outer loop
      vertex 5.151298522949219 66.46510314941406 3
      vertex 5.027756690979004 66.6500015258789 0
      vertex 5.027756690979004 66.6500015258789 3
    endloop
  endfacet
  facet normal 0.8314764951489851 0.5555599319738239 0
    outer loop
      vertex 5.027756690979004 66.6500015258789 0
      vertex 5.151298522949219 66.46510314941406 3
      vertex 5.151298522949219 66.46510314941406 0
    endloop
  endfacet
  facet normal 0.06539347973815256 0.9978595556528664 0
    outer loop
      vertex 6.5 65.80000305175781 0
      vertex 6.278104782104492 65.81454467773438 3
      vertex 6.5 65.80000305175781 3
    endloop
  endfacet
  facet normal 0.06539347973815256 0.9978595556528664 0
    outer loop
      vertex 6.278104782104492 65.81454467773438 3
      vertex 6.5 65.80000305175781 0
      vertex 6.278104782104492 65.81454467773438 0
    endloop
  endfacet
  facet normal -0.896873620465241 -0.4422869079156321 0
    outer loop
      vertex 8.070594787597656 68.15055847167969 0
      vertex 7.97224235534668 68.3499984741211 3
      vertex 7.97224235534668 68.3499984741211 0
    endloop
  endfacet
  facet normal -0.896873620465241 -0.4422869079156321 0
    outer loop
      vertex 7.97224235534668 68.3499984741211 3
      vertex 8.070594787597656 68.15055847167969 0
      vertex 8.070594787597656 68.15055847167969 3
    endloop
  endfacet
  facet normal 0.06539347973815256 -0.9978595556528664 0
    outer loop
      vertex 6.278104782104492 69.18545532226562 0
      vertex 6.5 69.19999694824219 3
      vertex 6.278104782104492 69.18545532226562 3
    endloop
  endfacet
  facet normal 0.06539347973815256 -0.9978595556528664 0
    outer loop
      vertex 6.5 69.19999694824219 3
      vertex 6.278104782104492 69.18545532226562 0
      vertex 6.5 69.19999694824219 0
    endloop
  endfacet
  facet normal -0.9807864807175074 0.19508428753173948 0
    outer loop
      vertex 8.142073631286621 67.06000518798828 0
      vertex 8.185455322265625 67.27810668945312 3
      vertex 8.185455322265625 67.27810668945312 0
    endloop
  endfacet
  facet normal -0.9807864807175074 0.19508428753173948 0
    outer loop
      vertex 8.185455322265625 67.27810668945312 3
      vertex 8.142073631286621 67.06000518798828 0
      vertex 8.142073631286621 67.06000518798828 3
    endloop
  endfacet
  facet normal 0.9807864807175074 0.19508428753173948 0
    outer loop
      vertex 4.8579254150390625 67.06000518798828 3
      vertex 4.814543724060059 67.27810668945312 0
      vertex 4.814543724060059 67.27810668945312 3
    endloop
  endfacet
  facet normal 0.9807864807175074 0.19508428753173948 0
    outer loop
      vertex 4.814543724060059 67.27810668945312 0
      vertex 4.8579254150390625 67.06000518798828 3
      vertex 4.8579254150390625 67.06000518798828 0
    endloop
  endfacet
  facet normal -0.9807864807175074 -0.19508428753173948 0
    outer loop
      vertex 8.185455322265625 67.72189331054688 0
      vertex 8.142073631286621 67.93999481201172 3
      vertex 8.142073631286621 67.93999481201172 0
    endloop
  endfacet
  facet normal -0.9807864807175074 -0.19508428753173948 0
    outer loop
      vertex 8.142073631286621 67.93999481201172 3
      vertex 8.185455322265625 67.72189331054688 0
      vertex 8.185455322265625 67.72189331054688 3
    endloop
  endfacet
  facet normal -0.9469272375888651 -0.3214479844583274 0
    outer loop
      vertex 8.142073631286621 67.93999481201172 0
      vertex 8.070594787597656 68.15055847167969 3
      vertex 8.070594787597656 68.15055847167969 0
    endloop
  endfacet
  facet normal -0.9469272375888651 -0.3214479844583274 0
    outer loop
      vertex 8.070594787597656 68.15055847167969 3
      vertex 8.142073631286621 67.93999481201172 0
      vertex 8.142073631286621 67.93999481201172 3
    endloop
  endfacet
  facet normal 0.9978586793270376 0.06540685049518916 0
    outer loop
      vertex 4.814543724060059 67.27810668945312 3
      vertex 4.799999237060547 67.5 0
      vertex 4.799999237060547 67.5 3
    endloop
  endfacet
  facet normal 0.9978586793270376 0.06540685049518916 0
    outer loop
      vertex 4.799999237060547 67.5 0
      vertex 4.814543724060059 67.27810668945312 3
      vertex 4.814543724060059 67.27810668945312 0
    endloop
  endfacet
  facet normal -0.7518302017796508 -0.6593567681399572 0
    outer loop
      vertex 7.848700523376465 68.53489685058594 0
      vertex 7.702080726623535 68.70207977294922 3
      vertex 7.702080726623535 68.70207977294922 0
    endloop
  endfacet
  facet normal -0.7518302017796508 -0.6593567681399572 0
    outer loop
      vertex 7.702080726623535 68.70207977294922 3
      vertex 7.848700523376465 68.53489685058594 0
      vertex 7.848700523376465 68.53489685058594 3
    endloop
  endfacet
  facet normal -0.8314764951489851 -0.5555599319738239 0
    outer loop
      vertex 7.97224235534668 68.3499984741211 0
      vertex 7.848700523376465 68.53489685058594 3
      vertex 7.848700523376465 68.53489685058594 0
    endloop
  endfacet
  facet normal -0.8314764951489851 -0.5555599319738239 0
    outer loop
      vertex 7.848700523376465 68.53489685058594 3
      vertex 7.97224235534668 68.3499984741211 0
      vertex 7.97224235534668 68.3499984741211 3
    endloop
  endfacet
  facet normal 0.6593531124928627 -0.7518334077746043 0
    outer loop
      vertex 5.297918319702148 68.70207977294922 0
      vertex 5.465105056762695 68.84870147705078 3
      vertex 5.297918319702148 68.70207977294922 3
    endloop
  endfacet
  facet normal 0.6593531124928627 -0.7518334077746043 0
    outer loop
      vertex 5.465105056762695 68.84870147705078 3
      vertex 5.297918319702148 68.70207977294922 0
      vertex 5.465105056762695 68.84870147705078 0
    endloop
  endfacet
  facet normal -0.19508344438592054 0.9807866484238686 0
    outer loop
      vertex 6.9399919509887695 65.85792541503906 0
      vertex 6.721894264221191 65.81454467773438 3
      vertex 6.9399919509887695 65.85792541503906 3
    endloop
  endfacet
  facet normal -0.19508344438592054 0.9807866484238686 0
    outer loop
      vertex 6.721894264221191 65.81454467773438 3
      vertex 6.9399919509887695 65.85792541503906 0
      vertex 6.721894264221191 65.81454467773438 0
    endloop
  endfacet
  facet normal 0.7518302017796508 -0.6593567681399572 0
    outer loop
      vertex 5.151298522949219 68.53489685058594 3
      vertex 5.297918319702148 68.70207977294922 0
      vertex 5.297918319702148 68.70207977294922 3
    endloop
  endfacet
  facet normal 0.7518302017796508 -0.6593567681399572 0
    outer loop
      vertex 5.297918319702148 68.70207977294922 0
      vertex 5.151298522949219 68.53489685058594 3
      vertex 5.151298522949219 68.53489685058594 0
    endloop
  endfacet
  facet normal -0.06539375958942595 0.9978595373131233 0
    outer loop
      vertex 6.721894264221191 65.81454467773438 0
      vertex 6.5 65.80000305175781 3
      vertex 6.721894264221191 65.81454467773438 3
    endloop
  endfacet
  facet normal -0.06539375958942595 0.9978595373131233 0
    outer loop
      vertex 6.5 65.80000305175781 3
      vertex 6.721894264221191 65.81454467773438 0
      vertex 6.5 65.80000305175781 0
    endloop
  endfacet
  facet normal -0.6593531124928627 -0.7518334077746043 0
    outer loop
      vertex 7.534893989562988 68.84870147705078 0
      vertex 7.702080726623535 68.70207977294922 3
      vertex 7.534893989562988 68.84870147705078 3
    endloop
  endfacet
  facet normal -0.6593531124928627 -0.7518334077746043 0
    outer loop
      vertex 7.702080726623535 68.70207977294922 3
      vertex 7.534893989562988 68.84870147705078 0
      vertex 7.702080726623535 68.70207977294922 0
    endloop
  endfacet
  facet normal -0.19508344438592054 -0.9807866484238686 0
    outer loop
      vertex 6.721894264221191 69.18545532226562 0
      vertex 6.9399919509887695 69.14207458496094 3
      vertex 6.721894264221191 69.18545532226562 3
    endloop
  endfacet
  facet normal -0.19508344438592054 -0.9807866484238686 0
    outer loop
      vertex 6.9399919509887695 69.14207458496094 3
      vertex 6.721894264221191 69.18545532226562 0
      vertex 6.9399919509887695 69.14207458496094 0
    endloop
  endfacet
  facet normal -0.4422834108606891 -0.8968753450047754 0
    outer loop
      vertex 7.150561332702637 69.07059478759766 0
      vertex 7.34999942779541 68.97224426269531 3
      vertex 7.150561332702637 69.07059478759766 3
    endloop
  endfacet
  facet normal -0.4422834108606891 -0.8968753450047754 0
    outer loop
      vertex 7.34999942779541 68.97224426269531 3
      vertex 7.150561332702637 69.07059478759766 0
      vertex 7.34999942779541 68.97224426269531 0
    endloop
  endfacet
  facet normal -0.3214439974729468 -0.9469285910186745 0
    outer loop
      vertex 6.9399919509887695 69.14207458496094 0
      vertex 7.150561332702637 69.07059478759766 3
      vertex 6.9399919509887695 69.14207458496094 3
    endloop
  endfacet
  facet normal -0.3214439974729468 -0.9469285910186745 0
    outer loop
      vertex 7.150561332702637 69.07059478759766 3
      vertex 6.9399919509887695 69.14207458496094 0
      vertex 7.150561332702637 69.07059478759766 0
    endloop
  endfacet
  facet normal 0.9469272375888651 0.3214479844583274 0
    outer loop
      vertex 4.929404258728027 66.84944152832031 3
      vertex 4.8579254150390625 67.06000518798828 0
      vertex 4.8579254150390625 67.06000518798828 3
    endloop
  endfacet
  facet normal 0.9469272375888651 0.3214479844583274 0
    outer loop
      vertex 4.8579254150390625 67.06000518798828 0
      vertex 4.929404258728027 66.84944152832031 3
      vertex 4.929404258728027 66.84944152832031 0
    endloop
  endfacet
  facet normal 0.6593531124928627 0.7518334077746043 0
    outer loop
      vertex 5.465105056762695 66.15129852294922 0
      vertex 5.297918319702148 66.29792022705078 3
      vertex 5.465105056762695 66.15129852294922 3
    endloop
  endfacet
  facet normal 0.6593531124928627 0.7518334077746043 0
    outer loop
      vertex 5.297918319702148 66.29792022705078 3
      vertex 5.465105056762695 66.15129852294922 0
      vertex 5.297918319702148 66.29792022705078 0
    endloop
  endfacet
  facet normal -0.7518302017796508 0.6593567681399572 0
    outer loop
      vertex 7.702080726623535 66.29792022705078 0
      vertex 7.848700523376465 66.46510314941406 3
      vertex 7.848700523376465 66.46510314941406 0
    endloop
  endfacet
  facet normal -0.7518302017796508 0.6593567681399572 0
    outer loop
      vertex 7.848700523376465 66.46510314941406 3
      vertex 7.702080726623535 66.29792022705078 0
      vertex 7.702080726623535 66.29792022705078 3
    endloop
  endfacet
  facet normal 0.896873620465241 0.4422869079156321 0
    outer loop
      vertex 5.027756690979004 66.6500015258789 3
      vertex 4.929404258728027 66.84944152832031 0
      vertex 4.929404258728027 66.84944152832031 3
    endloop
  endfacet
  facet normal 0.896873620465241 0.4422869079156321 0
    outer loop
      vertex 4.929404258728027 66.84944152832031 0
      vertex 5.027756690979004 66.6500015258789 3
      vertex 5.027756690979004 66.6500015258789 0
    endloop
  endfacet
  facet normal 0.19508344438592054 -0.9807866484238686 0
    outer loop
      vertex 6.060007095336914 69.14207458496094 0
      vertex 6.278104782104492 69.18545532226562 3
      vertex 6.060007095336914 69.14207458496094 3
    endloop
  endfacet
  facet normal 0.19508344438592054 -0.9807866484238686 0
    outer loop
      vertex 6.278104782104492 69.18545532226562 3
      vertex 6.060007095336914 69.14207458496094 0
      vertex 6.278104782104492 69.18545532226562 0
    endloop
  endfacet
  facet normal -0.4422834108606891 0.8968753450047754 0
    outer loop
      vertex 7.34999942779541 66.02775573730469 0
      vertex 7.150561332702637 65.92940521240234 3
      vertex 7.34999942779541 66.02775573730469 3
    endloop
  endfacet
  facet normal -0.4422834108606891 0.8968753450047754 0
    outer loop
      vertex 7.150561332702637 65.92940521240234 3
      vertex 7.34999942779541 66.02775573730469 0
      vertex 7.150561332702637 65.92940521240234 0
    endloop
  endfacet
  facet normal 0.3214439974729468 0.9469285910186745 0
    outer loop
      vertex 6.060007095336914 65.85792541503906 0
      vertex 5.849437713623047 65.92940521240234 3
      vertex 6.060007095336914 65.85792541503906 3
    endloop
  endfacet
  facet normal 0.3214439974729468 0.9469285910186745 0
    outer loop
      vertex 5.849437713623047 65.92940521240234 3
      vertex 6.060007095336914 65.85792541503906 0
      vertex 5.849437713623047 65.92940521240234 0
    endloop
  endfacet
  facet normal 0.3214439974729468 -0.9469285910186745 0
    outer loop
      vertex 5.849437713623047 69.07059478759766 0
      vertex 6.060007095336914 69.14207458496094 3
      vertex 5.849437713623047 69.07059478759766 3
    endloop
  endfacet
  facet normal 0.3214439974729468 -0.9469285910186745 0
    outer loop
      vertex 6.060007095336914 69.14207458496094 3
      vertex 5.849437713623047 69.07059478759766 0
      vertex 6.060007095336914 69.14207458496094 0
    endloop
  endfacet
  facet normal 0.8314764951489851 -0.5555599319738239 0
    outer loop
      vertex 5.027756690979004 68.3499984741211 3
      vertex 5.151298522949219 68.53489685058594 0
      vertex 5.151298522949219 68.53489685058594 3
    endloop
  endfacet
  facet normal 0.8314764951489851 -0.5555599319738239 0
    outer loop
      vertex 5.151298522949219 68.53489685058594 0
      vertex 5.027756690979004 68.3499984741211 3
      vertex 5.027756690979004 68.3499984741211 0
    endloop
  endfacet
  facet normal -0.896873620465241 0.4422869079156321 0
    outer loop
      vertex 7.97224235534668 66.6500015258789 0
      vertex 8.070594787597656 66.84944152832031 3
      vertex 8.070594787597656 66.84944152832031 0
    endloop
  endfacet
  facet normal -0.896873620465241 0.4422869079156321 0
    outer loop
      vertex 8.070594787597656 66.84944152832031 3
      vertex 7.97224235534668 66.6500015258789 0
      vertex 7.97224235534668 66.6500015258789 3
    endloop
  endfacet
  facet normal -0.8314764951489851 0.5555599319738239 0
    outer loop
      vertex 7.848700523376465 66.46510314941406 0
      vertex 7.97224235534668 66.6500015258789 3
      vertex 7.97224235534668 66.6500015258789 0
    endloop
  endfacet
  facet normal -0.8314764951489851 0.5555599319738239 0
    outer loop
      vertex 7.97224235534668 66.6500015258789 3
      vertex 7.848700523376465 66.46510314941406 0
      vertex 7.848700523376465 66.46510314941406 3
    endloop
  endfacet
  facet normal -0.6593531124928627 0.7518334077746043 0
    outer loop
      vertex 7.702080726623535 66.29792022705078 0
      vertex 7.534893989562988 66.15129852294922 3
      vertex 7.702080726623535 66.29792022705078 3
    endloop
  endfacet
  facet normal -0.6593531124928627 0.7518334077746043 0
    outer loop
      vertex 7.534893989562988 66.15129852294922 3
      vertex 7.702080726623535 66.29792022705078 0
      vertex 7.534893989562988 66.15129852294922 0
    endloop
  endfacet
  facet normal 0.9807864807175074 -0.19508428753173948 0
    outer loop
      vertex 4.814543724060059 67.72189331054688 3
      vertex 4.8579254150390625 67.93999481201172 0
      vertex 4.8579254150390625 67.93999481201172 3
    endloop
  endfacet
  facet normal 0.9807864807175074 -0.19508428753173948 0
    outer loop
      vertex 4.8579254150390625 67.93999481201172 0
      vertex 4.814543724060059 67.72189331054688 3
      vertex 4.814543724060059 67.72189331054688 0
    endloop
  endfacet
  facet normal -0.06539375958942595 -0.9978595373131233 0
    outer loop
      vertex 6.5 69.19999694824219 0
      vertex 6.721894264221191 69.18545532226562 3
      vertex 6.5 69.19999694824219 3
    endloop
  endfacet
  facet normal -0.06539375958942595 -0.9978595373131233 0
    outer loop
      vertex 6.721894264221191 69.18545532226562 3
      vertex 6.5 69.19999694824219 0
      vertex 6.721894264221191 69.18545532226562 0
    endloop
  endfacet
  facet normal 0.4422834108606891 -0.8968753450047754 0
    outer loop
      vertex 5.649999618530273 68.97224426269531 0
      vertex 5.849437713623047 69.07059478759766 3
      vertex 5.649999618530273 68.97224426269531 3
    endloop
  endfacet
  facet normal 0.4422834108606891 -0.8968753450047754 0
    outer loop
      vertex 5.849437713623047 69.07059478759766 3
      vertex 5.649999618530273 68.97224426269531 0
      vertex 5.849437713623047 69.07059478759766 0
    endloop
  endfacet
  facet normal 0.9978586793270376 -0.06540685049518916 0
    outer loop
      vertex 4.799999237060547 67.5 3
      vertex 4.814543724060059 67.72189331054688 0
      vertex 4.814543724060059 67.72189331054688 3
    endloop
  endfacet
  facet normal 0.9978586793270376 -0.06540685049518916 0
    outer loop
      vertex 4.814543724060059 67.72189331054688 0
      vertex 4.799999237060547 67.5 3
      vertex 4.799999237060547 67.5 0
    endloop
  endfacet
  facet normal 0.5555708212466351 0.8314692192615067 0
    outer loop
      vertex 5.649999618530273 66.02775573730469 0
      vertex 5.465105056762695 66.15129852294922 3
      vertex 5.649999618530273 66.02775573730469 3
    endloop
  endfacet
  facet normal 0.5555708212466351 0.8314692192615067 0
    outer loop
      vertex 5.465105056762695 66.15129852294922 3
      vertex 5.649999618530273 66.02775573730469 0
      vertex 5.465105056762695 66.15129852294922 0
    endloop
  endfacet
  facet normal 0.4422834108606891 0.8968753450047754 0
    outer loop
      vertex 5.849437713623047 65.92940521240234 0
      vertex 5.649999618530273 66.02775573730469 3
      vertex 5.849437713623047 65.92940521240234 3
    endloop
  endfacet
  facet normal 0.4422834108606891 0.8968753450047754 0
    outer loop
      vertex 5.649999618530273 66.02775573730469 3
      vertex 5.849437713623047 65.92940521240234 0
      vertex 5.649999618530273 66.02775573730469 0
    endloop
  endfacet
  facet normal 0.7518302017796508 0.6593567681399572 0
    outer loop
      vertex 5.297918319702148 66.29792022705078 3
      vertex 5.151298522949219 66.46510314941406 0
      vertex 5.151298522949219 66.46510314941406 3
    endloop
  endfacet
  facet normal 0.7518302017796508 0.6593567681399572 0
    outer loop
      vertex 5.151298522949219 66.46510314941406 0
      vertex 5.297918319702148 66.29792022705078 3
      vertex 5.297918319702148 66.29792022705078 0
    endloop
  endfacet
  facet normal -0.9469259321318079 0.32145183007148476 0
    outer loop
      vertex 107.07059478759766 66.84944152832031 0
      vertex 107.14207458496094 67.06000518798828 3
      vertex 107.14207458496094 67.06000518798828 0
    endloop
  endfacet
  facet normal -0.9469259321318079 0.32145183007148476 0
    outer loop
      vertex 107.14207458496094 67.06000518798828 3
      vertex 107.07059478759766 66.84944152832031 0
      vertex 107.07059478759766 66.84944152832031 3
    endloop
  endfacet
  facet normal 0.7518259497399141 0.6593616164880057 0
    outer loop
      vertex 104.29792022705078 66.29792022705078 3
      vertex 104.15129852294922 66.46510314941406 0
      vertex 104.15129852294922 66.46510314941406 3
    endloop
  endfacet
  facet normal 0.7518259497399141 0.6593616164880057 0
    outer loop
      vertex 104.15129852294922 66.46510314941406 0
      vertex 104.29792022705078 66.29792022705078 3
      vertex 104.29792022705078 66.29792022705078 0
    endloop
  endfacet
  facet normal -0.44228000847258403 -0.8968770228439856 0
    outer loop
      vertex 106.15055847167969 69.07059478759766 0
      vertex 106.3499984741211 68.97224426269531 3
      vertex 106.15055847167969 69.07059478759766 3
    endloop
  endfacet
  facet normal -0.44228000847258403 -0.8968770228439856 0
    outer loop
      vertex 106.3499984741211 68.97224426269531 3
      vertex 106.15055847167969 69.07059478759766 0
      vertex 106.3499984741211 68.97224426269531 0
    endloop
  endfacet
  facet normal 0.19508016213815468 -0.9807873012739058 0
    outer loop
      vertex 105.06000518798828 69.14207458496094 0
      vertex 105.27810668945312 69.18545532226562 3
      vertex 105.06000518798828 69.14207458496094 3
    endloop
  endfacet
  facet normal 0.19508016213815468 -0.9807873012739058 0
    outer loop
      vertex 105.27810668945312 69.18545532226562 3
      vertex 105.06000518798828 69.14207458496094 0
      vertex 105.27810668945312 69.18545532226562 0
    endloop
  endfacet
  facet normal 0.9978595189731447 0.06539403944308946 0
    outer loop
      vertex 103.81454467773438 67.27810668945312 3
      vertex 103.80000305175781 67.5 0
      vertex 103.80000305175781 67.5 3
    endloop
  endfacet
  facet normal 0.9978595189731447 0.06539403944308946 0
    outer loop
      vertex 103.80000305175781 67.5 0
      vertex 103.81454467773438 67.27810668945312 3
      vertex 103.81454467773438 67.27810668945312 0
    endloop
  endfacet
  facet normal -0.6593616164880057 -0.7518259497399141 0
    outer loop
      vertex 106.53489685058594 68.84870147705078 0
      vertex 106.70207977294922 68.70207977294922 3
      vertex 106.53489685058594 68.84870147705078 3
    endloop
  endfacet
  facet normal -0.6593616164880057 -0.7518259497399141 0
    outer loop
      vertex 106.70207977294922 68.70207977294922 3
      vertex 106.53489685058594 68.84870147705078 0
      vertex 106.70207977294922 68.70207977294922 0
    endloop
  endfacet
  facet normal -0.8968770228439856 -0.44228000847258403 0
    outer loop
      vertex 107.07059478759766 68.15055847167969 0
      vertex 106.97224426269531 68.3499984741211 3
      vertex 106.97224426269531 68.3499984741211 0
    endloop
  endfacet
  facet normal -0.8968770228439856 -0.44228000847258403 0
    outer loop
      vertex 106.97224426269531 68.3499984741211 3
      vertex 107.07059478759766 68.15055847167969 0
      vertex 107.07059478759766 68.15055847167969 3
    endloop
  endfacet
  facet normal -0.9978595189731447 -0.06539403944308946 0
    outer loop
      vertex 107.19999694824219 67.5 0
      vertex 107.18545532226562 67.72189331054688 3
      vertex 107.18545532226562 67.72189331054688 0
    endloop
  endfacet
  facet normal -0.9978595189731447 -0.06539403944308946 0
    outer loop
      vertex 107.18545532226562 67.72189331054688 3
      vertex 107.19999694824219 67.5 0
      vertex 107.19999694824219 67.5 3
    endloop
  endfacet
  facet normal -0.8968770228439856 0.44228000847258403 0
    outer loop
      vertex 106.97224426269531 66.6500015258789 0
      vertex 107.07059478759766 66.84944152832031 3
      vertex 107.07059478759766 66.84944152832031 0
    endloop
  endfacet
  facet normal -0.8968770228439856 0.44228000847258403 0
    outer loop
      vertex 107.07059478759766 66.84944152832031 3
      vertex 106.97224426269531 66.6500015258789 0
      vertex 106.97224426269531 66.6500015258789 3
    endloop
  endfacet
  facet normal 0.32145183007148476 0.9469259321318079 0
    outer loop
      vertex 105.06000518798828 65.85792541503906 0
      vertex 104.84944152832031 65.92940521240234 3
      vertex 105.06000518798828 65.85792541503906 3
    endloop
  endfacet
  facet normal 0.32145183007148476 0.9469259321318079 0
    outer loop
      vertex 104.84944152832031 65.92940521240234 3
      vertex 105.06000518798828 65.85792541503906 0
      vertex 104.84944152832031 65.92940521240234 0
    endloop
  endfacet
  facet normal 0.8314745140873726 -0.5555628969101227 0
    outer loop
      vertex 104.02775573730469 68.3499984741211 3
      vertex 104.15129852294922 68.53489685058594 0
      vertex 104.15129852294922 68.53489685058594 3
    endloop
  endfacet
  facet normal 0.8314745140873726 -0.5555628969101227 0
    outer loop
      vertex 104.15129852294922 68.53489685058594 0
      vertex 104.02775573730469 68.3499984741211 3
      vertex 104.02775573730469 68.3499984741211 0
    endloop
  endfacet
  facet normal -0.19508016213815468 -0.9807873012739058 0
    outer loop
      vertex 105.72189331054688 69.18545532226562 0
      vertex 105.93999481201172 69.14207458496094 3
      vertex 105.72189331054688 69.18545532226562 3
    endloop
  endfacet
  facet normal -0.19508016213815468 -0.9807873012739058 0
    outer loop
      vertex 105.93999481201172 69.14207458496094 3
      vertex 105.72189331054688 69.18545532226562 0
      vertex 105.93999481201172 69.14207458496094 0
    endloop
  endfacet
  facet normal -0.9469259321318079 -0.32145183007148476 0
    outer loop
      vertex 107.14207458496094 67.93999481201172 0
      vertex 107.07059478759766 68.15055847167969 3
      vertex 107.07059478759766 68.15055847167969 0
    endloop
  endfacet
  facet normal -0.9469259321318079 -0.32145183007148476 0
    outer loop
      vertex 107.07059478759766 68.15055847167969 3
      vertex 107.14207458496094 67.93999481201172 0
      vertex 107.14207458496094 67.93999481201172 3
    endloop
  endfacet
  facet normal -0.06539403944308946 0.9978595189731447 0
    outer loop
      vertex 105.72189331054688 65.81454467773438 0
      vertex 105.5 65.80000305175781 3
      vertex 105.72189331054688 65.81454467773438 3
    endloop
  endfacet
  facet normal -0.06539403944308946 0.9978595189731447 0
    outer loop
      vertex 105.5 65.80000305175781 3
      vertex 105.72189331054688 65.81454467773438 0
      vertex 105.5 65.80000305175781 0
    endloop
  endfacet
  facet normal 0.06539403944308946 -0.9978595189731447 0
    outer loop
      vertex 105.27810668945312 69.18545532226562 0
      vertex 105.5 69.19999694824219 3
      vertex 105.27810668945312 69.18545532226562 3
    endloop
  endfacet
  facet normal 0.06539403944308946 -0.9978595189731447 0
    outer loop
      vertex 105.5 69.19999694824219 3
      vertex 105.27810668945312 69.18545532226562 0
      vertex 105.5 69.19999694824219 0
    endloop
  endfacet
  facet normal -0.5555628969101227 0.8314745140873726 0
    outer loop
      vertex 106.53489685058594 66.15129852294922 0
      vertex 106.3499984741211 66.02775573730469 3
      vertex 106.53489685058594 66.15129852294922 3
    endloop
  endfacet
  facet normal -0.5555628969101227 0.8314745140873726 0
    outer loop
      vertex 106.3499984741211 66.02775573730469 3
      vertex 106.53489685058594 66.15129852294922 0
      vertex 106.3499984741211 66.02775573730469 0
    endloop
  endfacet
  facet normal 0.8314745140873726 0.5555628969101227 0
    outer loop
      vertex 104.15129852294922 66.46510314941406 3
      vertex 104.02775573730469 66.6500015258789 0
      vertex 104.02775573730469 66.6500015258789 3
    endloop
  endfacet
  facet normal 0.8314745140873726 0.5555628969101227 0
    outer loop
      vertex 104.02775573730469 66.6500015258789 0
      vertex 104.15129852294922 66.46510314941406 3
      vertex 104.15129852294922 66.46510314941406 0
    endloop
  endfacet
  facet normal -0.5555628969101227 -0.8314745140873726 0
    outer loop
      vertex 106.3499984741211 68.97224426269531 0
      vertex 106.53489685058594 68.84870147705078 3
      vertex 106.3499984741211 68.97224426269531 3
    endloop
  endfacet
  facet normal -0.5555628969101227 -0.8314745140873726 0
    outer loop
      vertex 106.53489685058594 68.84870147705078 3
      vertex 106.3499984741211 68.97224426269531 0
      vertex 106.53489685058594 68.84870147705078 0
    endloop
  endfacet
  facet normal -0.6593616164880057 0.7518259497399141 0
    outer loop
      vertex 106.70207977294922 66.29792022705078 0
      vertex 106.53489685058594 66.15129852294922 3
      vertex 106.70207977294922 66.29792022705078 3
    endloop
  endfacet
  facet normal -0.6593616164880057 0.7518259497399141 0
    outer loop
      vertex 106.53489685058594 66.15129852294922 3
      vertex 106.70207977294922 66.29792022705078 0
      vertex 106.53489685058594 66.15129852294922 0
    endloop
  endfacet
  facet normal 0.8968770228439856 0.44228000847258403 0
    outer loop
      vertex 104.02775573730469 66.6500015258789 3
      vertex 103.92940521240234 66.84944152832031 0
      vertex 103.92940521240234 66.84944152832031 3
    endloop
  endfacet
  facet normal 0.8968770228439856 0.44228000847258403 0
    outer loop
      vertex 103.92940521240234 66.84944152832031 0
      vertex 104.02775573730469 66.6500015258789 3
      vertex 104.02775573730469 66.6500015258789 0
    endloop
  endfacet
  facet normal -0.8314745140873726 -0.5555628969101227 0
    outer loop
      vertex 106.97224426269531 68.3499984741211 0
      vertex 106.84870147705078 68.53489685058594 3
      vertex 106.84870147705078 68.53489685058594 0
    endloop
  endfacet
  facet normal -0.8314745140873726 -0.5555628969101227 0
    outer loop
      vertex 106.84870147705078 68.53489685058594 3
      vertex 106.97224426269531 68.3499984741211 0
      vertex 106.97224426269531 68.3499984741211 3
    endloop
  endfacet
  facet normal -0.32145183007148476 0.9469259321318079 0
    outer loop
      vertex 106.15055847167969 65.92940521240234 0
      vertex 105.93999481201172 65.85792541503906 3
      vertex 106.15055847167969 65.92940521240234 3
    endloop
  endfacet
  facet normal -0.32145183007148476 0.9469259321318079 0
    outer loop
      vertex 105.93999481201172 65.85792541503906 3
      vertex 106.15055847167969 65.92940521240234 0
      vertex 105.93999481201172 65.85792541503906 0
    endloop
  endfacet
  facet normal -0.7518259497399141 0.6593616164880057 0
    outer loop
      vertex 106.70207977294922 66.29792022705078 0
      vertex 106.84870147705078 66.46510314941406 3
      vertex 106.84870147705078 66.46510314941406 0
    endloop
  endfacet
  facet normal -0.7518259497399141 0.6593616164880057 0
    outer loop
      vertex 106.84870147705078 66.46510314941406 3
      vertex 106.70207977294922 66.29792022705078 0
      vertex 106.70207977294922 66.29792022705078 3
    endloop
  endfacet
  facet normal -0.9978595189731447 0.06539403944308946 0
    outer loop
      vertex 107.18545532226562 67.27810668945312 0
      vertex 107.19999694824219 67.5 3
      vertex 107.19999694824219 67.5 0
    endloop
  endfacet
  facet normal -0.9978595189731447 0.06539403944308946 0
    outer loop
      vertex 107.19999694824219 67.5 3
      vertex 107.18545532226562 67.27810668945312 0
      vertex 107.18545532226562 67.27810668945312 3
    endloop
  endfacet
  facet normal 0.9469259321318079 -0.32145183007148476 0
    outer loop
      vertex 103.85792541503906 67.93999481201172 3
      vertex 103.92940521240234 68.15055847167969 0
      vertex 103.92940521240234 68.15055847167969 3
    endloop
  endfacet
  facet normal 0.9469259321318079 -0.32145183007148476 0
    outer loop
      vertex 103.92940521240234 68.15055847167969 0
      vertex 103.85792541503906 67.93999481201172 3
      vertex 103.85792541503906 67.93999481201172 0
    endloop
  endfacet
  facet normal -0.9807873012739058 -0.19508016213815468 0
    outer loop
      vertex 107.18545532226562 67.72189331054688 0
      vertex 107.14207458496094 67.93999481201172 3
      vertex 107.14207458496094 67.93999481201172 0
    endloop
  endfacet
  facet normal -0.9807873012739058 -0.19508016213815468 0
    outer loop
      vertex 107.14207458496094 67.93999481201172 3
      vertex 107.18545532226562 67.72189331054688 0
      vertex 107.18545532226562 67.72189331054688 3
    endloop
  endfacet
  facet normal -0.9807873012739058 0.19508016213815468 0
    outer loop
      vertex 107.14207458496094 67.06000518798828 0
      vertex 107.18545532226562 67.27810668945312 3
      vertex 107.18545532226562 67.27810668945312 0
    endloop
  endfacet
  facet normal -0.9807873012739058 0.19508016213815468 0
    outer loop
      vertex 107.18545532226562 67.27810668945312 3
      vertex 107.14207458496094 67.06000518798828 0
      vertex 107.14207458496094 67.06000518798828 3
    endloop
  endfacet
  facet normal -0.44228000847258403 0.8968770228439856 0
    outer loop
      vertex 106.3499984741211 66.02775573730469 0
      vertex 106.15055847167969 65.92940521240234 3
      vertex 106.3499984741211 66.02775573730469 3
    endloop
  endfacet
  facet normal -0.44228000847258403 0.8968770228439856 0
    outer loop
      vertex 106.15055847167969 65.92940521240234 3
      vertex 106.3499984741211 66.02775573730469 0
      vertex 106.15055847167969 65.92940521240234 0
    endloop
  endfacet
  facet normal 0.19508016213815468 0.9807873012739058 0
    outer loop
      vertex 105.27810668945312 65.81454467773438 0
      vertex 105.06000518798828 65.85792541503906 3
      vertex 105.27810668945312 65.81454467773438 3
    endloop
  endfacet
  facet normal 0.19508016213815468 0.9807873012739058 0
    outer loop
      vertex 105.06000518798828 65.85792541503906 3
      vertex 105.27810668945312 65.81454467773438 0
      vertex 105.06000518798828 65.85792541503906 0
    endloop
  endfacet
  facet normal -0.06539403944308946 -0.9978595189731447 0
    outer loop
      vertex 105.5 69.19999694824219 0
      vertex 105.72189331054688 69.18545532226562 3
      vertex 105.5 69.19999694824219 3
    endloop
  endfacet
  facet normal -0.06539403944308946 -0.9978595189731447 0
    outer loop
      vertex 105.72189331054688 69.18545532226562 3
      vertex 105.5 69.19999694824219 0
      vertex 105.72189331054688 69.18545532226562 0
    endloop
  endfacet
  facet normal -0.32145183007148476 -0.9469259321318079 0
    outer loop
      vertex 105.93999481201172 69.14207458496094 0
      vertex 106.15055847167969 69.07059478759766 3
      vertex 105.93999481201172 69.14207458496094 3
    endloop
  endfacet
  facet normal -0.32145183007148476 -0.9469259321318079 0
    outer loop
      vertex 106.15055847167969 69.07059478759766 3
      vertex 105.93999481201172 69.14207458496094 0
      vertex 106.15055847167969 69.07059478759766 0
    endloop
  endfacet
  facet normal 0.9978595189731447 -0.06539403944308946 0
    outer loop
      vertex 103.80000305175781 67.5 3
      vertex 103.81454467773438 67.72189331054688 0
      vertex 103.81454467773438 67.72189331054688 3
    endloop
  endfacet
  facet normal 0.9978595189731447 -0.06539403944308946 0
    outer loop
      vertex 103.81454467773438 67.72189331054688 0
      vertex 103.80000305175781 67.5 3
      vertex 103.80000305175781 67.5 0
    endloop
  endfacet
  facet normal -0.8314745140873726 0.5555628969101227 0
    outer loop
      vertex 106.84870147705078 66.46510314941406 0
      vertex 106.97224426269531 66.6500015258789 3
      vertex 106.97224426269531 66.6500015258789 0
    endloop
  endfacet
  facet normal -0.8314745140873726 0.5555628969101227 0
    outer loop
      vertex 106.97224426269531 66.6500015258789 3
      vertex 106.84870147705078 66.46510314941406 0
      vertex 106.84870147705078 66.46510314941406 3
    endloop
  endfacet
  facet normal -0.19508016213815468 0.9807873012739058 0
    outer loop
      vertex 105.93999481201172 65.85792541503906 0
      vertex 105.72189331054688 65.81454467773438 3
      vertex 105.93999481201172 65.85792541503906 3
    endloop
  endfacet
  facet normal -0.19508016213815468 0.9807873012739058 0
    outer loop
      vertex 105.72189331054688 65.81454467773438 3
      vertex 105.93999481201172 65.85792541503906 0
      vertex 105.72189331054688 65.81454467773438 0
    endloop
  endfacet
  facet normal 0.5555628969101227 -0.8314745140873726 0
    outer loop
      vertex 104.46510314941406 68.84870147705078 0
      vertex 104.6500015258789 68.97224426269531 3
      vertex 104.46510314941406 68.84870147705078 3
    endloop
  endfacet
  facet normal 0.5555628969101227 -0.8314745140873726 0
    outer loop
      vertex 104.6500015258789 68.97224426269531 3
      vertex 104.46510314941406 68.84870147705078 0
      vertex 104.6500015258789 68.97224426269531 0
    endloop
  endfacet
  facet normal 0.9807873012739058 -0.19508016213815468 0
    outer loop
      vertex 103.81454467773438 67.72189331054688 3
      vertex 103.85792541503906 67.93999481201172 0
      vertex 103.85792541503906 67.93999481201172 3
    endloop
  endfacet
  facet normal 0.9807873012739058 -0.19508016213815468 0
    outer loop
      vertex 103.85792541503906 67.93999481201172 0
      vertex 103.81454467773438 67.72189331054688 3
      vertex 103.81454467773438 67.72189331054688 0
    endloop
  endfacet
  facet normal 0.7518259497399141 -0.6593616164880057 0
    outer loop
      vertex 104.15129852294922 68.53489685058594 3
      vertex 104.29792022705078 68.70207977294922 0
      vertex 104.29792022705078 68.70207977294922 3
    endloop
  endfacet
  facet normal 0.7518259497399141 -0.6593616164880057 0
    outer loop
      vertex 104.29792022705078 68.70207977294922 0
      vertex 104.15129852294922 68.53489685058594 3
      vertex 104.15129852294922 68.53489685058594 0
    endloop
  endfacet
  facet normal 0.44228000847258403 -0.8968770228439856 0
    outer loop
      vertex 104.6500015258789 68.97224426269531 0
      vertex 104.84944152832031 69.07059478759766 3
      vertex 104.6500015258789 68.97224426269531 3
    endloop
  endfacet
  facet normal 0.44228000847258403 -0.8968770228439856 0
    outer loop
      vertex 104.84944152832031 69.07059478759766 3
      vertex 104.6500015258789 68.97224426269531 0
      vertex 104.84944152832031 69.07059478759766 0
    endloop
  endfacet
  facet normal 0.8968770228439856 -0.44228000847258403 0
    outer loop
      vertex 103.92940521240234 68.15055847167969 3
      vertex 104.02775573730469 68.3499984741211 0
      vertex 104.02775573730469 68.3499984741211 3
    endloop
  endfacet
  facet normal 0.8968770228439856 -0.44228000847258403 0
    outer loop
      vertex 104.02775573730469 68.3499984741211 0
      vertex 103.92940521240234 68.15055847167969 3
      vertex 103.92940521240234 68.15055847167969 0
    endloop
  endfacet
  facet normal 0.32145183007148476 -0.9469259321318079 0
    outer loop
      vertex 104.84944152832031 69.07059478759766 0
      vertex 105.06000518798828 69.14207458496094 3
      vertex 104.84944152832031 69.07059478759766 3
    endloop
  endfacet
  facet normal 0.32145183007148476 -0.9469259321318079 0
    outer loop
      vertex 105.06000518798828 69.14207458496094 3
      vertex 104.84944152832031 69.07059478759766 0
      vertex 105.06000518798828 69.14207458496094 0
    endloop
  endfacet
  facet normal 0.06539403944308946 0.9978595189731447 0
    outer loop
      vertex 105.5 65.80000305175781 0
      vertex 105.27810668945312 65.81454467773438 3
      vertex 105.5 65.80000305175781 3
    endloop
  endfacet
  facet normal 0.06539403944308946 0.9978595189731447 0
    outer loop
      vertex 105.27810668945312 65.81454467773438 3
      vertex 105.5 65.80000305175781 0
      vertex 105.27810668945312 65.81454467773438 0
    endloop
  endfacet
  facet normal 0.9807873012739058 0.19508016213815468 0
    outer loop
      vertex 103.85792541503906 67.06000518798828 3
      vertex 103.81454467773438 67.27810668945312 0
      vertex 103.81454467773438 67.27810668945312 3
    endloop
  endfacet
  facet normal 0.9807873012739058 0.19508016213815468 0
    outer loop
      vertex 103.81454467773438 67.27810668945312 0
      vertex 103.85792541503906 67.06000518798828 3
      vertex 103.85792541503906 67.06000518798828 0
    endloop
  endfacet
  facet normal 0.9469259321318079 0.32145183007148476 0
    outer loop
      vertex 103.92940521240234 66.84944152832031 3
      vertex 103.85792541503906 67.06000518798828 0
      vertex 103.85792541503906 67.06000518798828 3
    endloop
  endfacet
  facet normal 0.9469259321318079 0.32145183007148476 0
    outer loop
      vertex 103.85792541503906 67.06000518798828 0
      vertex 103.92940521240234 66.84944152832031 3
      vertex 103.92940521240234 66.84944152832031 0
    endloop
  endfacet
  facet normal -0.7518259497399141 -0.6593616164880057 0
    outer loop
      vertex 106.84870147705078 68.53489685058594 0
      vertex 106.70207977294922 68.70207977294922 3
      vertex 106.70207977294922 68.70207977294922 0
    endloop
  endfacet
  facet normal -0.7518259497399141 -0.6593616164880057 0
    outer loop
      vertex 106.70207977294922 68.70207977294922 3
      vertex 106.84870147705078 68.53489685058594 0
      vertex 106.84870147705078 68.53489685058594 3
    endloop
  endfacet
  facet normal 0.6593616164880057 -0.7518259497399141 0
    outer loop
      vertex 104.29792022705078 68.70207977294922 0
      vertex 104.46510314941406 68.84870147705078 3
      vertex 104.29792022705078 68.70207977294922 3
    endloop
  endfacet
  facet normal 0.6593616164880057 -0.7518259497399141 0
    outer loop
      vertex 104.46510314941406 68.84870147705078 3
      vertex 104.29792022705078 68.70207977294922 0
      vertex 104.46510314941406 68.84870147705078 0
    endloop
  endfacet
  facet normal 0.5555628969101227 0.8314745140873726 0
    outer loop
      vertex 104.6500015258789 66.02775573730469 0
      vertex 104.46510314941406 66.15129852294922 3
      vertex 104.6500015258789 66.02775573730469 3
    endloop
  endfacet
  facet normal 0.5555628969101227 0.8314745140873726 0
    outer loop
      vertex 104.46510314941406 66.15129852294922 3
      vertex 104.6500015258789 66.02775573730469 0
      vertex 104.46510314941406 66.15129852294922 0
    endloop
  endfacet
  facet normal 0.6593616164880057 0.7518259497399141 0
    outer loop
      vertex 104.46510314941406 66.15129852294922 0
      vertex 104.29792022705078 66.29792022705078 3
      vertex 104.46510314941406 66.15129852294922 3
    endloop
  endfacet
  facet normal 0.6593616164880057 0.7518259497399141 0
    outer loop
      vertex 104.29792022705078 66.29792022705078 3
      vertex 104.46510314941406 66.15129852294922 0
      vertex 104.29792022705078 66.29792022705078 0
    endloop
  endfacet
  facet normal 0.44228000847258403 0.8968770228439856 0
    outer loop
      vertex 104.84944152832031 65.92940521240234 0
      vertex 104.6500015258789 66.02775573730469 3
      vertex 104.84944152832031 65.92940521240234 3
    endloop
  endfacet
  facet normal 0.44228000847258403 0.8968770228439856 0
    outer loop
      vertex 104.6500015258789 66.02775573730469 3
      vertex 104.84944152832031 65.92940521240234 0
      vertex 104.6500015258789 66.02775573730469 0
    endloop
  endfacet
endsolid OpenSCAD_Model
